ngay,entry_time,exit_time,side,bars,reason,range_bps,entry_px,exit_px,sl_px,gross_bps,cost_bps,net_bps
2020-01-02,2020-01-02 04:30:00,2020-01-02 14:30:00,1,19,SL,8.652589333381881,108.7425,108.638,108.638,-9.609858151137006,1.2269243701310382,-10.836782521268045
2020-01-03,2020-01-03 07:30:00,2020-01-03 17:00:00,-1,19,TIME_EXIT,40.87962962962877,107.9485,107.934,108.44149999999999,1.3432331157911581,1.2269243701310382,0.11630874566011995
2020-01-06,2020-01-06 04:00:00,2020-01-06 17:00:00,1,26,TIME_EXIT,15.799618214503205,108.09299999999999,108.37450000000001,107.914,26.042389423924078,1.2847947405014086,24.75759468342267
2020-01-07,2020-01-07 04:30:00,2020-01-07 06:00:00,1,3,SL,11.16483354248128,108.49799999999999,108.376,108.376,-11.244446902245727,1.0946492378559058,-12.339096140101633
2020-01-08,2020-01-08 10:00:00,2020-01-08 17:00:00,1,14,TIME_EXIT,60.52370395792591,108.493,109.07900000000001,107.809,54.012701280268104,1.1855883912950593,52.82711288897305
2020-01-09,2020-01-09 05:30:00,2020-01-09 17:00:00,1,22,TIME_EXIT,9.61974521417712,109.2735,109.459,109.1505,16.975753499247727,1.2517259574326256,15.7240275418151
2020-01-10,2020-01-10 04:30:00,2020-01-10 16:00:00,1,22,SL,6.348307422495002,109.55000000000001,109.47800000000001,109.47800000000001,-6.572341396622795,1.2517259574326256,-7.824067354055421
2020-01-13,2020-01-13 05:00:00,2020-01-13 17:00:00,1,20,TIME_EXIT,4.608252879017351,109.638,109.914,109.586,25.173753625567432,1.235191565898234,23.9385620596692
2020-01-14,2020-01-14 07:30:00,2020-01-14 17:00:00,-1,19,TIME_EXIT,16.182259516169665,109.981,110.053,110.17500000000001,-6.54658531928267,1.2269243701310382,-7.773509689413708
2020-01-15,2020-01-15 09:00:00,2020-01-15 15:30:00,-1,12,SL,7.507780791002515,109.86250000000001,109.9685,109.9685,-9.648424166571354,1.169053999760668,-10.817478166332023
2020-01-16,2020-01-16 06:30:00,2020-01-16 17:00:00,1,20,TIME_EXIT,4.640730141541152,109.96600000000001,110.14750000000001,109.8965,16.505101576851004,1.235191565898234,15.26991001095277
2020-01-17,2020-01-17 10:00:00,2020-01-17 17:00:00,-1,13,TIME_EXIT,10.031547173237268,110.125,110.15700000000001,110.263,-2.9057888762779283,1.1773211955278635,-4.083110071805792
2020-01-20,2020-01-20 07:30:00,2020-01-20 19:00:00,-1,13,TIME_EXIT,5.2653796747259705,110.124,110.16550000000001,110.2115,-3.7684791689380535,1.1773211955278635,-4.945800364465917
2020-01-23,2020-01-23 05:00:00,2020-01-23 17:00:00,-1,24,TIME_EXIT,8.348921027418802,109.5795,109.396,109.6865,16.745832934079377,1.268260348967017,15.47757258511236
2020-01-24,2020-01-24 08:00:00,2020-01-24 14:30:00,1,13,SL,9.822778795590414,109.58850000000001,109.4395,109.4395,-13.596317131817216,1.1773211955278635,-14.773638327345079
2020-01-27,2020-01-27 04:30:00,2020-01-27 09:00:00,1,9,SL,17.726669452724632,109.1035,108.87549999999999,108.87549999999999,-20.897588070044375,1.1442524124590805,-22.041840482503456
2020-01-28,2020-01-28 06:30:00,2020-01-28 09:00:00,1,5,SL,19.20267551153568,109.0635,108.839,108.839,-20.58433848171076,1.1111836293902975,-21.695522111101056
2020-01-29,2020-01-29 07:00:00,2020-01-29 17:00:00,-1,20,TIME_EXIT,14.485047397274156,109.064,109.172,109.23599999999999,-9.902442602508996,1.235191565898234,-11.13763416840723
2020-01-30,2020-01-30 07:00:00,2020-01-30 14:30:00,-1,15,SL,11.298345205781875,108.82499999999999,108.9885,108.9885,-15.02412129565939,1.1938555870622551,-16.217976882721644
2020-01-31,2020-01-31 09:00:00,2020-01-31 17:00:00,-1,16,TIME_EXIT,11.42076101713551,108.987,108.48150000000001,109.1365,46.381678548816254,1.202122782829451,45.179555765986805
2020-02-03,2020-02-03 07:00:00,2020-02-03 17:00:00,1,20,TIME_EXIT,15.126709248969558,108.632,108.62,108.41749999999999,-1.1046468812136805,1.235191565898234,-2.3398384471119145
2020-02-04,2020-02-04 05:30:00,2020-02-04 17:00:00,1,23,TIME_EXIT,21.51092358785683,108.81549999999999,109.45750000000001,108.5495,58.99894776020185,1.2599931531998212,57.73895460700203
2020-02-05,2020-02-05 07:00:00,2020-02-05 08:30:00,-1,3,SL,11.52084266734982,109.33099999999999,109.493,109.493,-14.817389395505955,1.0946492378559058,-15.912038633361862
2020-02-06,2020-02-06 04:00:00,2020-02-06 09:00:00,1,10,SL,8.423564123812836,109.94,109.811,109.811,-11.733672912496878,1.1525196082262763,-12.886192520723155
2020-02-07,2020-02-07 06:00:00,2020-02-07 09:30:00,1,7,SL,8.831026948289185,109.9725,109.84,109.84,-12.048466662119456,1.127718020924689,-13.176184683044145
2020-02-11,2020-02-11 06:00:00,2020-02-11 13:00:00,1,13,SL,8.879498376645241,109.9245,109.80350000000001,109.80350000000001,-11.007555185602927,1.1773211955278635,-12.18487638113079
2020-02-12,2020-02-12 08:00:00,2020-02-12 17:00:00,1,18,TIME_EXIT,5.918371992445076,109.936,110.039,109.82749999999999,9.369087469072408,1.2186571743638424,8.150430294708565
2020-02-13,2020-02-13 05:30:00,2020-02-13 17:00:00,-1,23,TIME_EXIT,12.015784371286898,109.8265,109.814,109.9875,1.1381588232350883,1.2599931531998212,-0.12183432996473287
2020-02-14,2020-02-14 14:30:00,2020-02-14 17:00:00,-1,5,TIME_EXIT,13.665869490945585,109.7305,109.7475,109.9125,-1.5492502084649125,1.1111836293902975,-2.66043383785521
2020-02-17,2020-02-17 07:30:00,2020-02-17 18:00:00,1,15,TIME_EXIT,9.06572881170674,109.864,109.93549999999999,109.75399999999999,6.508046311802421,1.1938555870622551,5.3141907247401665
2020-02-18,2020-02-18 14:00:00,2020-02-18 17:00:00,1,6,TIME_EXIT,12.858159003447566,109.8565,109.8515,109.658,-0.4551392043252291,1.1194508251574933,-1.5745900294827224
2020-02-19,2020-02-19 07:30:00,2020-02-19 17:00:00,1,19,TIME_EXIT,22.66438505788932,110.12,111.11449999999999,109.864,90.31057028695858,1.2269243701310382,89.08364591682754
2020-02-20,2020-02-20 06:30:00,2020-02-20 17:00:00,1,21,TIME_EXIT,32.34819070585615,111.5495,111.8445,111.1345,26.44565865378166,1.2434587616654298,25.20219989211623
2020-02-21,2020-02-21 07:00:00,2020-02-21 17:00:00,-1,20,TIME_EXIT,17.690496718770913,111.87299999999999,111.713,112.1225,14.301931654643802,1.235191565898234,13.066740088745568
2020-02-24,2020-02-24 05:00:00,2020-02-24 08:00:00,1,5,SL,14.85090765517257,111.61699999999999,111.441,111.441,-15.768207351925579,1.1111836293902975,-16.879390981315876
2020-02-25,2020-02-25 07:00:00,2020-02-25 17:00:00,-1,20,TIME_EXIT,23.74085458049339,110.74449999999999,110.068,111.04249999999999,61.08655508851366,1.235191565898234,59.85136352261543
2020-02-26,2020-02-26 14:30:00,2020-02-26 17:00:00,1,5,TIME_EXIT,40.496306754983536,110.588,110.35650000000001,110.1335,-20.93355517777541,1.1111836293902975,-22.044738807165707
2020-02-27,2020-02-27 04:00:00,2020-02-27 17:00:00,-1,26,TIME_EXIT,13.563781527852393,110.20349999999999,110.2195,110.36949999999999,-1.4518595144442186,1.2847947405014086,-2.736654254945627
2020-02-28,2020-02-28 05:00:00,2020-02-28 17:00:00,-1,24,TIME_EXIT,60.4622122650608,108.89150000000001,108.15700000000001,109.5695,67.45246415009409,1.268260348967017,66.18420380112707
2020-03-02,2020-03-02 07:30:00,2020-03-02 11:30:00,1,8,SL,77.74068460157753,108.45949999999999,107.537,107.537,-85.05479003683267,1.1359852166918847,-86.19077525352455
2020-03-03,2020-03-03 04:00:00,2020-03-03 17:00:00,-1,26,TIME_EXIT,37.900374833779686,107.73849999999999,107.269,108.3235,43.5777368350202,1.2847947405014086,42.292942094518786
2020-03-04,2020-03-04 07:00:00,2020-03-04 14:30:00,1,15,SL,30.553080730102067,107.548,107.1905,107.1905,-33.24097147320282,1.1938555870622551,-34.43482706026507
2020-03-05,2020-03-05 08:00:00,2020-03-05 17:00:00,-1,18,TIME_EXIT,24.192758953418707,107.26249999999999,106.4675,107.523,74.11723575340754,1.2186571743638424,72.8985785790437
2020-03-06,2020-03-06 08:30:00,2020-03-06 17:00:00,-1,17,TIME_EXIT,46.22670939564865,105.763,105.31,106.27199999999999,42.83161408053884,1.2103899785966465,41.6212241019422
2020-03-10,2020-03-10 04:00:00,2020-03-10 17:00:00,1,26,TIME_EXIT,74.47118183582225,104.1925,104.4935,103.06,28.88883556877913,1.2847947405014086,27.60404082827772
2020-03-11,2020-03-11 04:30:00,2020-03-11 07:30:00,-1,6,SL,43.11230708198445,104.4365,105.0615,105.0615,-59.84497757010241,1.1194508251574933,-60.9644283952599
2020-03-12,2020-03-12 14:00:00,2020-03-12 17:00:00,1,6,TIME_EXIT,158.89722608902372,104.975,105.539,103.0855,53.727077875685374,1.1194508251574933,52.60762705052788
2020-03-13,2020-03-13 04:30:00,2020-03-13 17:00:00,1,25,TIME_EXIT,57.31617032455227,105.59549999999999,107.94550000000001,104.6825,222.54736234025341,1.2765275447342128,221.2708347955192
2020-03-16,2020-03-16 05:00:00,2020-03-16 17:00:00,-1,24,TIME_EXIT,78.08694022859157,106.67150000000001,105.87299999999999,107.5735,74.85598308826803,1.268260348967017,73.58772273930101
2020-03-17,2020-03-17 14:30:00,2020-03-17 17:00:00,1,5,TIME_EXIT,96.82903740822118,107.299,107.2655,106.16650000000001,-3.122116701926731,1.1111836293902975,-4.233300331317029
2020-03-18,2020-03-18 05:30:00,2020-03-18 07:30:00,-1,4,SL,32.73803964058178,107.04050000000001,107.4125,107.4125,-34.7532008912501,1.1029164336231017,-35.8561173248732
2020-03-19,2020-03-19 06:30:00,2020-03-19 11:00:00,-1,9,SL,84.17175089213649,108.57149999999999,109.5015,109.5015,-85.6578383830017,1.1442524124590805,-86.80209079546078
2020-03-20,2020-03-20 04:30:00,2020-03-20 15:30:00,-1,22,SL,110.00950082052614,109.94550000000001,111.2005,111.2005,-114.14746397078511,1.2517259574326256,-115.39918992821774
2020-03-23,2020-03-23 05:00:00,2020-03-23 09:30:00,-1,9,SL,66.77363782233367,109.836,110.733,110.733,-81.66721293565003,1.1442524124590805,-82.81146534810911
2020-03-24,2020-03-24 08:00:00,2020-03-24 17:00:00,1,18,TIME_EXIT,44.46503431392518,110.737,111.4005,110.0865,59.91673966244337,1.2186571743638424,58.69808248807953
2020-03-25,2020-03-25 04:30:00,2020-03-25 17:00:00,1,25,TIME_EXIT,34.58129991377336,111.3235,111.348,110.7535,2.200793183829407,1.2765275447342128,0.924265639095194
2020-03-26,2020-03-26 08:00:00,2020-03-26 17:00:00,-1,18,TIME_EXIT,36.12232703833139,110.37100000000001,109.53,110.857,76.19755189316108,1.2186571743638424,74.97889471879724
2020-03-27,2020-03-27 14:00:00,2020-03-27 17:00:00,-1,6,TIME_EXIT,75.6494631104969,108.215,108.0375,109.0815,16.402531996489312,1.1194508251574933,15.283081171331819
2020-03-30,2020-03-30 06:30:00,2020-03-30 16:00:00,1,19,TIME_EXIT,61.004354786764246,108.1505,107.8555,107.1235,-27.27680408319772,1.2269243701310382,-28.50372845332876
2020-03-31,2020-03-31 15:00:00,2020-03-31 16:00:00,-1,2,TIME_EXIT,74.3105197566833,107.59649999999999,107.7415,108.72749999999999,-13.476274785890828,1.0863820420887103,-14.562656827979538
2020-04-01,2020-04-01 13:30:00,2020-04-01 16:00:00,-1,5,TIME_EXIT,63.91161457240797,107.21000000000001,107.11449999999999,107.943,8.907751142618736,1.1111836293902975,7.796567513228438
2020-04-02,2020-04-02 14:30:00,2020-04-02 16:00:00,1,3,TIME_EXIT,39.89864344612236,107.9405,107.9375,107.1465,-0.2779308971146246,1.0946492378559058,-1.3725801349705304
2020-04-03,2020-04-03 07:00:00,2020-04-03 16:00:00,1,18,TIME_EXIT,31.72497599755094,108.2305,108.4185,107.8015,17.37033460992864,1.2186571743638424,16.1516774355648
2020-04-06,2020-04-06 06:30:00,2020-04-06 16:00:00,1,19,TIME_EXIT,38.602577492718815,109.1765,109.11949999999999,108.67150000000001,-5.220903765921822,1.2269243701310382,-6.44782813605286
2020-04-08,2020-04-08 04:00:00,2020-04-08 16:00:00,1,24,TIME_EXIT,33.91533148089352,108.92150000000001,108.688,108.5055,-21.437457251323792,1.268260348967017,-22.70571760029081
2020-04-09,2020-04-09 09:30:00,2020-04-09 16:00:00,-1,13,TIME_EXIT,21.13319887718432,108.80850000000001,108.381,109.0635,39.2892099422388,1.1773211955278635,38.11188874671093
2020-04-10,2020-04-10 03:30:00,2020-04-10 16:00:00,-1,25,TIME_EXIT,17.620251296149608,108.3875,108.387,108.589,0.04613078076368469,1.2765275447342128,-1.2303967639705282
2020-04-13,2020-04-13 04:30:00,2020-04-13 16:00:00,-1,23,TIME_EXIT,35.788528225714245,107.89150000000001,107.6055,108.382,26.508112316540352,1.2599931531998212,25.24811916334053
2020-04-14,2020-04-14 04:00:00,2020-04-14 09:00:00,1,10,SL,13.01865387118845,107.741,107.53800000000001,107.53800000000001,-18.841480958965366,1.1525196082262763,-19.99400056719164
2020-04-15,2020-04-15 07:30:00,2020-04-15 16:00:00,1,17,TIME_EXIT,25.811881882582313,107.36,107.52000000000001,106.92750000000001,14.903129657229025,1.2103899785966465,13.692739678632378
2020-04-16,2020-04-16 03:30:00,2020-04-16 12:00:00,1,17,SL,30.11390304996327,107.964,107.5915,107.5915,-34.50224148790358,1.2103899785966465,-35.71263146650023
2020-04-17,2020-04-17 12:00:00,2020-04-17 16:00:00,-1,8,TIME_EXIT,28.19308781659163,107.476,107.619,107.954,-13.305296066098542,1.1359852166918847,-14.441281282790428
2020-04-20,2020-04-20 09:00:00,2020-04-20 16:00:00,-1,14,TIME_EXIT,20.10680287903379,107.6035,107.664,107.89150000000001,-5.622493692120114,1.1855883912950593,-6.808082083415173
2020-04-21,2020-04-21 05:00:00,2020-04-21 13:00:00,-1,16,SL,26.97536405114215,107.44200000000001,107.7955,107.7955,-32.90147242232989,1.202122782829451,-34.10359520515934
2020-04-22,2020-04-22 04:00:00,2020-04-22 13:30:00,-1,19,SL,16.435761245031433,107.63550000000001,107.869,107.869,-21.693586223875233,1.2269243701310382,-22.92051059400627
2020-04-23,2020-04-23 07:30:00,2020-04-23 13:30:00,-1,12,SL,14.71571285327029,107.64099999999999,107.8665,107.8665,-20.949266543418485,1.169053999760668,-22.118320543179152
2020-04-24,2020-04-24 13:30:00,2020-04-24 16:00:00,-1,5,TIME_EXIT,17.66275297245519,107.503,107.4695,107.761,3.11619210626714,1.1111836293902975,2.005008476876842
2020-04-27,2020-04-27 03:00:00,2020-04-27 16:00:00,-1,26,TIME_EXIT,16.33348224257311,107.3315,107.2955,107.6235,3.354094557515861,1.2847947405014086,2.0692998170144525
2020-04-28,2020-04-28 07:00:00,2020-04-28 16:00:00,-1,18,TIME_EXIT,13.807064925857961,107.11500000000001,106.851,107.3395,24.646408066098118,1.2186571743638424,23.427750891734277
2020-04-29,2020-04-29 07:00:00,2020-04-29 16:00:00,-1,18,TIME_EXIT,24.69228530386582,106.458,106.66300000000001,106.774,-19.25642037235459,1.2186571743638424,-20.47507754671843
2020-04-30,2020-04-30 03:30:00,2020-04-30 14:30:00,-1,22,SL,28.054570361613706,106.54750000000001,106.87700000000001,106.87700000000001,-30.925174218071366,1.2517259574326256,-32.17690017550399
2020-05-01,2020-05-01 05:00:00,2020-05-01 16:00:00,-1,22,TIME_EXIT,30.256762246285593,107.0505,106.8205,107.4075,21.48518689777292,1.2517259574326256,20.233460940340294
2020-05-04,2020-05-04 06:30:00,2020-05-04 16:00:00,1,19,TIME_EXIT,11.952807503550474,106.804,106.83349999999999,106.6695,2.762068836371722,1.2269243701310382,1.5351444662406837
2020-05-05,2020-05-05 06:30:00,2020-05-05 15:30:00,1,18,SL,17.55703689794497,106.733,106.50999999999999,106.50999999999999,-20.893257005800752,1.2186571743638424,-22.111914180164593
2020-05-06,2020-05-06 11:00:00,2020-05-06 16:00:00,-1,10,TIME_EXIT,22.973895440529134,106.202,106.025,106.4515,16.666352799381603,1.1525196082262763,15.513833191155326
2020-05-07,2020-05-07 07:00:00,2020-05-07 16:00:00,1,18,TIME_EXIT,14.55583505271313,106.3115,106.309,106.143,-0.23515800266177475,1.2186571743638424,-1.4538151770256171
2020-05-08,2020-05-08 12:30:00,2020-05-08 16:00:00,1,7,TIME_EXIT,22.406010082704494,106.66749999999999,106.59049999999999,106.22149999999999,-7.21869360395605,1.127718020924689,-8.346411624880739
2020-05-11,2020-05-11 06:30:00,2020-05-11 16:00:00,1,19,TIME_EXIT,21.86769808528798,107.124,107.67500000000001,106.77850000000001,51.43571935327435,1.2269243701310382,50.208794983143314
2020-05-12,2020-05-12 03:00:00,2020-05-12 16:00:00,-1,26,TIME_EXIT,25.78915272857492,107.394,107.387,107.6865,0.6518055012388962,1.2847947405014086,-0.6329892392625124
2020-05-13,2020-05-13 07:00:00,2020-05-13 16:00:00,-1,18,TIME_EXIT,16.62145568467766,107.033,107.036,107.26849999999999,-0.28028738800184183,1.2186571743638424,-1.498944562365684
2020-05-14,2020-05-14 07:00:00,2020-05-14 10:00:00,-1,6,SL,12.263506239409876,106.8125,106.952,106.952,-13.060269163253196,1.1194508251574933,-14.179719988410689
2020-05-15,2020-05-15 03:30:00,2020-05-15 16:00:00,-1,24,TIME_EXIT,17.903349884607994,107.226,107.32900000000001,107.43450000000001,-9.605879171097369,1.268260348967017,-10.874139520064386
2020-05-18,2020-05-18 08:30:00,2020-05-18 16:00:00,1,15,TIME_EXIT,19.099743624467834,107.28999999999999,107.28200000000001,107.0695,-0.7456426507578857,1.1938555870622551,-1.9394982378201409
2020-05-19,2020-05-19 06:30:00,2020-05-19 16:00:00,1,19,TIME_EXIT,14.21182610316287,107.511,107.88149999999999,107.305,34.4615899768389,1.2269243701310382,33.234665606707864
2020-05-20,2020-05-20 05:30:00,2020-05-20 16:00:00,-1,21,TIME_EXIT,21.577225586413466,107.74950000000001,107.52350000000001,107.985,20.974575288052293,1.2434587616654298,19.731116526386863
2020-05-21,2020-05-21 07:00:00,2020-05-21 16:00:00,1,18,TIME_EXIT,17.058183744989996,107.82849999999999,107.6575,107.57300000000001,-15.858516069498535,1.2186571743638424,-17.077173243862376
2020-05-22,2020-05-22 03:00:00,2020-05-22 16:00:00,-1,26,TIME_EXIT,19.57174602289068,107.5515,107.52600000000001,107.7635,2.370957169355505,1.2847947405014086,1.0861624288540963
2020-05-26,2020-05-26 09:30:00,2020-05-26 16:00:00,-1,13,TIME_EXIT,22.380713582585727,107.67250000000001,107.57149999999999,107.923,9.380296733151686,1.1773211955278635,8.202975537623823
2020-05-27,2020-05-27 09:00:00,2020-05-27 16:00:00,1,14,TIME_EXIT,23.377869260896535,107.67,107.73349999999999,107.3665,5.897650227546258,1.1855883912950593,4.712061836251198
2020-05-28,2020-05-28 09:00:00,2020-05-28 16:00:00,-1,14,TIME_EXIT,13.223830734967754,107.72200000000001,107.62049999999999,107.9025,9.422402109134223,1.1855883912950593,8.236813717839164
2020-05-29,2020-05-29 04:00:00,2020-05-29 14:30:00,-1,21,SL,26.91263636744477,107.2875,107.67349999999999,107.67349999999999,-35.97809623674666,1.2434587616654298,-37.22155499841209
2020-06-01,2020-06-01 03:30:00,2020-06-01 16:00:00,-1,25,TIME_EXIT,20.532068582681077,107.6345,107.59100000000001,107.85749999999999,4.041455109652996,1.2765275447342128,2.764927564918783
2020-06-02,2020-06-02 03:00:00,2020-06-02 16:00:00,1,26,TIME_EXIT,16.601562499998643,107.702,108.65549999999999,107.52000000000001,88.53131789567429,1.2847947405014086,87.24652315517288
2020-06-03,2020-06-03 15:00:00,2020-06-03 16:00:00,1,2,TIME_EXIT,39.3366721083169,108.959,108.87049999999999,108.423,-8.122321240100447,1.0863820420887103,-9.208703282189157
2020-06-04,2020-06-04 04:00:00,2020-06-04 12:30:00,1,17,SL,18.19777674636688,109.0085,108.80449999999999,108.80449999999999,-18.714136970970863,1.2103899785966465,-19.924526949567507
2020-06-05,2020-06-05 05:30:00,2020-06-05 16:00:00,1,21,TIME_EXIT,17.56139610806624,109.2775,109.74600000000001,109.04599999999999,42.87250348882487,1.2434587616654298,41.62904472715944
2020-06-08,2020-06-08 10:00:00,2020-06-08 16:00:00,-1,12,TIME_EXIT,22.536318671774062,109.358,108.3895,109.62549999999999,88.56233654602369,1.169053999760668,87.39328254626302
2020-06-09,2020-06-09 07:00:00,2020-06-09 16:00:00,-1,18,TIME_EXIT,46.47046831853749,107.892,107.62299999999999,108.4195,24.932339747155066,1.2186571743638424,23.713682572791225
2020-06-10,2020-06-10 04:00:00,2020-06-10 16:00:00,-1,24,TIME_EXIT,20.063441344622873,107.584,107.24350000000001,107.87450000000001,31.649687685900467,1.268260348967017,30.38142733693345
2020-06-11,2020-06-11 05:00:00,2020-06-11 07:30:00,1,5,SL,17.444171635682938,107.17850000000001,106.9125,106.9125,-24.818410408805825,1.1111836293902975,-25.92959403819612
2020-06-12,2020-06-12 03:30:00,2020-06-12 16:00:00,1,25,TIME_EXIT,26.551453997027313,107.0685,107.44550000000001,106.5855,35.21110317226911,1.2765275447342128,33.9345756275349
2020-06-15,2020-06-15 04:00:00,2020-06-15 07:00:00,-1,6,SL,18.526036781415694,107.116,107.345,107.345,-21.37869225885948,1.1194508251574933,-22.498143084016974
2020-06-17,2020-06-17 08:00:00,2020-06-17 14:30:00,1,13,SL,22.161362713858214,107.428,107.1685,107.1685,-24.1557135942215,1.1773211955278635,-25.333034789749362
2020-06-18,2020-06-18 03:00:00,2020-06-18 15:00:00,1,24,SL,18.228166030946177,106.90899999999999,106.703,106.703,-19.26872386796143,1.268260348967017,-20.53698421692845
2020-06-19,2020-06-19 04:00:00,2020-06-19 14:30:00,-1,20,SL,13.053425471490494,106.84049999999999,107.00800000000001,107.00800000000001,-15.677575451258484,1.235191565898234,-16.912767017156717
2020-06-22,2020-06-22 07:00:00,2020-06-22 16:00:00,1,18,TIME_EXIT,16.437278436257504,106.989,106.878,106.7695,-10.37489835403679,1.2186571743638424,-11.593555528400632
2020-06-23,2020-06-23 04:00:00,2020-06-23 12:30:00,1,17,SL,43.37642870526455,107.21000000000001,106.74000000000001,106.74000000000001,-43.8391941050274,1.2103899785966465,-45.04958408362405
2020-06-24,2020-06-24 12:00:00,2020-06-24 16:00:00,1,8,TIME_EXIT,23.875658578081456,106.70599999999999,106.8235,106.3845,11.011564485596578,1.1359852166918847,9.875579268904694
2020-06-25,2020-06-25 10:30:00,2020-06-25 16:00:00,1,11,TIME_EXIT,22.472330067603618,107.28049999999999,107.15350000000001,107.0205,-11.83812528837777,1.1607868039934721,-12.998912092371242
2020-06-26,2020-06-26 04:30:00,2020-06-26 14:30:00,-1,20,SL,13.260370169771036,107.08349999999999,107.22800000000001,107.22800000000001,-13.494142421570277,1.235191565898234,-14.729333987468511
2020-06-29,2020-06-29 03:30:00,2020-06-29 12:30:00,-1,18,SL,20.203905466252607,107.146,107.374,107.374,-21.279375804975864,1.2186571743638424,-22.498032979339705
2020-06-30,2020-06-30 14:30:00,2020-06-30 16:00:00,1,3,TIME_EXIT,22.827971936937793,107.872,107.82650000000001,107.5435,-4.217962029070554,1.0946492378559058,-5.31261126692646
2020-07-01,2020-07-01 04:00:00,2020-07-01 16:00:00,-1,24,TIME_EXIT,45.88050635732925,107.6155,107.49199999999999,108.16499999999999,11.4760420199699,1.268260348967017,10.207781671002882
2020-07-02,2020-07-02 12:30:00,2020-07-02 16:00:00,1,7,TIME_EXIT,20.962895674656654,107.63149999999999,107.568,107.3325,-5.899759828673815,1.127718020924689,-7.027477849598505
2020-07-06,2020-07-06 08:30:00,2020-07-06 16:00:00,-1,15,TIME_EXIT,18.498893784743345,107.5735,107.4765,107.773,9.017090640352336,1.1938555870622551,7.823235053290081
2020-07-07,2020-07-07 05:30:00,2020-07-07 16:00:00,1,21,TIME_EXIT,15.151938981976981,107.5255,107.5265,107.247,0.09300119506580067,1.2434587616654298,-1.150457566599629
2020-07-08,2020-07-08 04:30:00,2020-07-08 16:00:00,-1,23,TIME_EXIT,12.921457986667805,107.5215,107.304,107.71199999999999,20.228512437047577,1.2599931531998212,18.968519283847755
2020-07-09,2020-07-09 13:30:00,2020-07-09 16:00:00,-1,5,TIME_EXIT,17.027033331001288,107.12950000000001,107.2655,107.36500000000001,-12.694915966190049,1.1111836293902975,-13.806099595580346
2020-07-10,2020-07-10 04:00:00,2020-07-10 16:00:00,-1,24,TIME_EXIT,24.11057220555623,106.988,106.84049999999999,107.265,13.786592888922867,1.268260348967017,12.51833253995585
2020-07-13,2020-07-13 07:00:00,2020-07-13 16:00:00,1,18,TIME_EXIT,13.062531602898867,106.96199999999999,107.19200000000001,106.79400000000001,21.502963669342215,1.2186571743638424,20.284306494978374
2020-07-14,2020-07-14 03:00:00,2020-07-14 10:00:00,-1,12,SL,20.345310312644823,107.13900000000001,107.368,107.368,-21.374102801032766,1.169053999760668,-22.543156800793433
2020-07-15,2020-07-15 06:30:00,2020-07-15 16:00:00,-1,19,TIME_EXIT,11.288471764827484,107.172,106.9425,107.31,21.4141753443065,1.2269243701310382,20.187250974175463
2020-07-16,2020-07-16 08:30:00,2020-07-16 16:00:00,1,15,TIME_EXIT,18.720719624463964,107.04650000000001,107.138,106.83349999999999,8.547687220039549,1.1938555870622551,7.353831632977294
2020-07-17,2020-07-17 04:00:00,2020-07-17 16:00:00,-1,23,TIME_EXIT,12.636801536934202,107.213,107.0615,107.362,14.130749069608969,1.2599931531998212,12.870755916409149
2020-07-21,2020-07-21 04:00:00,2020-07-21 12:30:00,1,17,SL,10.45473426772472,107.2775,107.1285,107.1285,-13.8892125562211,1.2103899785966465,-15.099602534817747
2020-07-22,2020-07-22 07:30:00,2020-07-22 16:00:00,1,17,TIME_EXIT,17.102186737137473,106.90950000000001,107.19800000000001,106.7115,26.98544095707108,1.2103899785966465,25.775050978474432
2020-07-23,2020-07-23 12:30:00,2020-07-23 13:30:00,1,2,SL,7.702577796036695,107.19550000000001,107.107,107.107,-8.255943579722139,1.0863820420887103,-9.342325621810849
2020-07-24,2020-07-24 03:30:00,2020-07-24 16:00:00,-1,25,TIME_EXIT,35.92662515145607,106.38749999999999,105.81899999999999,106.8495,53.43672893902012,1.2765275447342128,52.160201394285906
2020-07-27,2020-07-27 03:00:00,2020-07-27 16:00:00,-1,26,TIME_EXIT,47.417611308222824,105.5025,105.2525,106.05199999999999,23.696120945001304,1.2847947405014086,22.411326204499897
2020-07-28,2020-07-28 03:00:00,2020-07-28 10:00:00,1,14,SL,24.472301156612573,105.5495,105.221,105.221,-31.122838099658562,1.1855883912950593,-32.30842649095362
2020-07-29,2020-07-29 07:30:00,2020-07-29 16:00:00,-1,17,TIME_EXIT,27.15371863030894,104.8245,105.00649999999999,105.243,-17.3623532666493,1.2103899785966465,-18.572743245245945
2020-07-30,2020-07-30 05:00:00,2020-07-30 13:00:00,1,16,SL,16.478936965683577,105.2585,104.9825,104.9825,-26.221160286342315,1.202122782829451,-27.423283069171767
2020-07-31,2020-07-31 09:00:00,2020-07-31 16:00:00,1,14,TIME_EXIT,49.28614277144507,104.75999999999999,105.9305,104.1875,111.73157693776291,1.1855883912950593,110.54598854646785
2020-08-03,2020-08-03 08:00:00,2020-08-03 13:30:00,-1,11,SL,60.68540478204731,105.77850000000001,106.43350000000001,106.43350000000001,-61.92184612184906,1.1607868039934721,-63.08263292584253
2020-08-04,2020-08-04 07:00:00,2020-08-04 12:30:00,-1,11,SL,16.601111142552792,105.8785,106.193,106.193,-29.703858668189984,1.1607868039934721,-30.864645472183454
2020-08-05,2020-08-05 10:30:00,2020-08-05 12:30:00,1,4,SL,25.68416064447483,105.8185,105.51249999999999,105.51249999999999,-28.917438822135225,1.1029164336231017,-30.020355255758325
2020-08-06,2020-08-06 05:30:00,2020-08-06 07:30:00,-1,4,SL,14.412979267120413,105.455,105.61250000000001,105.61250000000001,-14.935280451378604,1.1029164336231017,-16.038196885001707
2020-08-07,2020-08-07 04:00:00,2020-08-07 06:00:00,1,4,SL,7.060172571466522,105.59649999999999,105.5215,105.5215,-7.102508132370735,1.1029164336231017,-8.205424565993837
2020-08-10,2020-08-10 06:30:00,2020-08-10 15:00:00,1,17,SL,13.998647427984631,105.916,105.7245,105.7245,-18.080365572717124,1.2103899785966465,-19.290755551313772
2020-08-11,2020-08-11 06:00:00,2020-08-11 12:30:00,1,13,SL,19.108190100540817,106.19749999999999,105.97550000000001,105.97550000000001,-20.904446903173802,1.1773211955278635,-22.081768098701666
2020-08-12,2020-08-12 03:30:00,2020-08-12 16:00:00,1,25,TIME_EXIT,26.348419094853305,106.7485,106.85499999999999,106.458,9.976720984368184,1.2765275447342128,8.70019343963397
2020-08-13,2020-08-13 09:30:00,2020-08-13 16:00:00,1,13,TIME_EXIT,22.607137664335568,106.86949999999999,106.881,106.6035,1.0760787689670372,1.1773211955278635,-0.10124242656082627
2020-08-14,2020-08-14 04:00:00,2020-08-14 16:00:00,-1,24,TIME_EXIT,11.082897265749466,106.88149999999999,106.50999999999999,107.03999999999999,34.75811997398966,1.268260348967017,33.48985962502264
2020-08-17,2020-08-17 07:00:00,2020-08-17 16:00:00,-1,18,TIME_EXIT,18.41075714238729,106.4435,106.02250000000001,106.65549999999999,39.551499152131626,1.2186571743638424,38.332841977767785
2020-08-18,2020-08-18 03:00:00,2020-08-18 16:00:00,-1,26,TIME_EXIT,35.31043361780388,105.6155,105.40700000000001,106.0075,19.74142053012925,1.2847947405014086,18.456625789627843
2020-08-19,2020-08-19 03:30:00,2020-08-19 16:00:00,1,25,TIME_EXIT,41.150109892201414,105.577,105.77000000000001,105.10300000000001,18.2804966990928,1.2765275447342128,17.00396915435859
2020-08-20,2020-08-20 04:00:00,2020-08-20 16:00:00,-1,24,TIME_EXIT,18.486903537978133,106.01599999999999,105.8235,106.217,18.157636583156833,1.268260348967017,16.889376234189815
2020-08-21,2020-08-21 05:00:00,2020-08-21 11:30:00,-1,13,SL,12.591775582367854,105.57650000000001,105.7575,105.7575,-17.143966697132708,1.1773211955278635,-18.32128789266057
2020-08-25,2020-08-25 06:30:00,2020-08-25 16:00:00,1,19,TIME_EXIT,17.095954587100735,106.128,106.423,105.87299999999999,27.796622945876837,1.2269243701310382,26.5696985757458
2020-08-26,2020-08-26 05:00:00,2020-08-26 16:00:00,-1,22,TIME_EXIT,15.743960898581067,106.381,106.045,106.5575,31.584587473326863,1.2517259574326256,30.332861515894237
2020-08-27,2020-08-27 10:30:00,2020-08-27 13:00:00,1,5,SL,25.70779125651608,106.08449999999999,105.8045,105.8045,-26.394053796736276,1.1111836293902975,-27.505237426126573
2020-08-28,2020-08-28 03:00:00,2020-08-28 05:00:00,1,4,SL,21.80938131709785,106.9005,106.6055,106.6055,-27.59575493098606,1.1029164336231017,-28.69867136460916
2020-08-31,2020-08-31 04:00:00,2020-08-31 16:00:00,1,24,TIME_EXIT,30.343609322466293,105.62,105.826,105.29400000000001,19.503881840559444,1.268260348967017,18.235621491592426
2020-09-01,2020-09-01 14:00:00,2020-09-01 16:00:00,1,4,TIME_EXIT,41.5745287351961,106.15350000000001,105.95750000000001,105.5935,-18.463828324077674,1.1029164336231017,-19.566744757700775
2020-09-02,2020-09-02 08:00:00,2020-09-02 16:00:00,1,16,TIME_EXIT,26.073894929759387,106.19749999999999,106.18350000000001,105.85300000000001,-1.3182984533516875,1.202122782829451,-2.5204212361811384
2020-09-03,2020-09-03 03:30:00,2020-09-03 07:00:00,1,7,SL,7.722480423040644,106.26750000000001,106.18350000000001,106.18350000000001,-7.904580422048432,1.127718020924689,-9.03229844297312
2020-09-04,2020-09-04 12:00:00,2020-09-04 16:00:00,1,8,TIME_EXIT,14.94373706565245,106.23349999999999,106.3325,106.06450000000001,9.319094259344157,1.1359852166918847,8.183109042652273
2020-09-07,2020-09-07 07:00:00,2020-09-07 16:00:00,-1,18,TIME_EXIT,15.863601272856107,106.18950000000001,106.297,106.38650000000001,-10.123411448400027,1.2186571743638424,-11.34206862276387
2020-09-08,2020-09-08 06:00:00,2020-09-08 09:00:00,-1,6,SL,6.918135397792378,106.223,106.316,106.316,-8.75516601865919,1.1194508251574933,-9.874616843816684
2020-09-09,2020-09-09 06:00:00,2020-09-09 08:00:00,-1,4,SL,11.523512215396556,105.84450000000001,105.9925,105.9925,-13.98277662041921,1.1029164336231017,-15.085693054042313
2020-09-10,2020-09-10 03:00:00,2020-09-10 16:00:00,-1,25,TIME_EXIT,15.781564306340396,106.08949999999999,106.1875,106.304,-9.23748344558257,1.2765275447342128,-10.514010990316782
2020-09-11,2020-09-11 07:00:00,2020-09-11 16:00:00,1,17,TIME_EXIT,12.160748121682017,106.209,106.158,106.07900000000001,-4.801852950315126,1.2103899785966465,-6.012242928911773
2020-09-14,2020-09-14 03:00:00,2020-09-14 16:00:00,-1,24,TIME_EXIT,6.409168881599827,106.07650000000001,105.66749999999999,106.166,38.55707908914983,1.268260348967017,37.28881874018281
2020-09-15,2020-09-15 08:30:00,2020-09-15 10:30:00,1,4,SL,13.445951064312922,105.79249999999999,105.608,105.608,-17.439799607721312,1.1029164336231017,-18.542716041344413
2020-09-16,2020-09-16 07:30:00,2020-09-16 16:00:00,-1,17,TIME_EXIT,13.965817000293695,105.2475,104.914,105.404,31.68721347300418,1.2103899785966465,30.476823494407533
2020-09-17,2020-09-17 06:30:00,2020-09-17 16:00:00,-1,19,TIME_EXIT,28.223268941055938,104.8545,104.76849999999999,105.174,8.201841599551067,1.2269243701310382,6.974917229420028
2020-09-18,2020-09-18 07:00:00,2020-09-18 16:00:00,-1,18,TIME_EXIT,18.676767725017772,104.6285,104.411,104.87100000000001,20.787835054502466,1.2186571743638424,19.569177880138625
2020-09-21,2020-09-21 03:00:00,2020-09-21 13:30:00,-1,20,SL,23.724053314418214,104.3125,104.572,104.572,-24.8771719592573,1.235191565898234,-26.112363525155533
2020-09-22,2020-09-22 10:30:00,2020-09-22 13:30:00,-1,6,SL,27.809155482377196,104.443,104.7525,104.7525,-29.63338854686287,1.1194508251574933,-30.752839372020365
2020-09-23,2020-09-23 07:00:00,2020-09-23 12:30:00,-1,10,SL,17.664395530098954,104.95349999999999,105.199,105.199,-23.391311390283025,1.1525196082262763,-24.5438309985093
2020-09-24,2020-09-24 06:30:00,2020-09-24 11:00:00,-1,9,SL,17.379660099433757,105.26249999999999,105.4785,105.4785,-20.520128250802347,1.1442524124590805,-21.66438066326143
2020-09-25,2020-09-25 03:30:00,2020-09-25 13:30:00,-1,19,SL,10.195661864429706,105.41650000000001,105.5445,105.5445,-12.142311687447968,1.2269243701310382,-13.369236057579005
2020-09-28,2020-09-28 04:30:00,2020-09-28 14:30:00,-1,20,SL,25.682777347885178,105.30250000000001,105.594,105.594,-27.682153795017683,1.235191565898234,-28.917345360915917
2020-09-29,2020-09-29 04:30:00,2020-09-29 16:00:00,1,23,TIME_EXIT,19.507795998765996,105.56450000000001,105.69149999999999,105.3425,12.030559515744509,1.2599931531998212,10.770566362544688
2020-09-30,2020-09-30 04:00:00,2020-09-30 16:00:00,-1,24,TIME_EXIT,21.07366786005293,105.5515,105.5635,105.8045,-1.136885785611806,1.268260348967017,-2.405146134578823
2020-10-01,2020-10-01 08:30:00,2020-10-01 16:00:00,1,15,TIME_EXIT,10.38495461917063,105.5925,105.5395,105.441,-5.019295878021381,1.1938555870622551,-6.213151465083636
2020-10-02,2020-10-02 03:30:00,2020-10-02 05:00:00,1,3,SL,11.420285459748728,105.64699999999999,105.51400000000001,105.51400000000001,-12.589093869204177,1.0946492378559058,-13.683743107060083
2020-10-05,2020-10-05 06:30:00,2020-10-05 16:00:00,1,19,TIME_EXIT,10.569221290109159,105.6225,105.7225,105.495,9.467679708394925,1.2269243701310382,8.240755338263888
2020-10-06,2020-10-06 08:00:00,2020-10-06 16:00:00,-1,16,TIME_EXIT,12.403541163660485,105.57,105.64500000000001,105.74600000000001,-7.104290991760638,1.202122782829451,-8.306413774590089
2020-10-07,2020-10-07 05:00:00,2020-10-07 16:00:00,1,22,TIME_EXIT,6.390320794103433,105.72800000000001,105.98349999999999,105.6285,24.165783898303534,1.2517259574326256,22.914057940870908
2020-10-08,2020-10-08 08:00:00,2020-10-08 16:00:00,-1,16,TIME_EXIT,14.81824059348302,105.94749999999999,105.9865,106.10749999999999,-3.6810684537167644,1.202122782829451,-4.883191236546216
2020-10-09,2020-10-09 13:30:00,2020-10-09 16:00:00,-1,5,TIME_EXIT,20.791985634628,105.75649999999999,105.6755,106.03,7.659103695752872,1.1111836293902975,6.5479200663625745
2020-10-12,2020-10-12 03:30:00,2020-10-12 16:00:00,-1,24,TIME_EXIT,12.2239542122898,105.4925,105.3155,105.65950000000001,16.77844396521143,1.268260348967017,15.510183616244413
2020-10-13,2020-10-13 04:00:00,2020-10-13 16:00:00,1,23,TIME_EXIT,11.730288840552875,105.44200000000001,105.566,105.283,11.760019726484249,1.2599931531998212,10.500026573284428
2020-10-14,2020-10-14 06:30:00,2020-10-14 12:00:00,1,11,SL,18.992179969896316,105.509,105.3065,105.3065,-19.192675506354963,1.1607868039934721,-20.353462310348434
2020-10-15,2020-10-15 08:30:00,2020-10-15 16:00:00,1,14,TIME_EXIT,16.93302891933003,105.30250000000001,105.38650000000001,105.12,7.97701858930255,1.1855883912950593,6.7914301980074905
2020-10-16,2020-10-16 03:00:00,2020-10-16 15:00:00,-1,23,SL,16.721693071425015,105.22550000000001,105.42850000000001,105.42850000000001,-19.29190167782552,1.2599931531998212,-20.551894831025344
2020-10-19,2020-10-19 08:30:00,2020-10-19 16:00:00,-1,15,TIME_EXIT,14.28530749005665,105.3415,105.42250000000001,105.5035,-7.689277255404308,1.1938555870622551,-8.883132842466564
2020-10-20,2020-10-20 11:30:00,2020-10-20 16:00:00,1,9,TIME_EXIT,15.599514471039324,105.678,105.589,105.452,-8.421809648176406,1.1442524124590805,-9.566062060635486
2020-10-21,2020-10-21 03:30:00,2020-10-21 16:00:00,-1,23,TIME_EXIT,13.241198636963176,105.32499999999999,104.4855,105.4925,79.70567291715993,1.2599931531998212,78.44567976396011
2020-10-22,2020-10-22 03:00:00,2020-10-22 06:30:00,1,7,SL,12.190166598943302,104.73400000000001,104.5925,104.5925,-13.510416865584025,1.127718020924689,-14.638134886508714
2020-10-23,2020-10-23 08:00:00,2020-10-23 16:00:00,-1,16,TIME_EXIT,23.837162087926345,104.6045,104.783,104.918,-17.064275437481147,1.202122782829451,-18.2663982203106
2020-10-26,2020-10-26 05:00:00,2020-10-26 17:00:00,1,24,TIME_EXIT,22.358966518880393,104.91149999999999,104.874,104.656,-3.574441314821952,1.268260348967017,-4.842701663788969
2020-10-27,2020-10-27 07:30:00,2020-10-27 09:00:00,1,3,SL,12.514209837506348,104.83099999999999,104.68100000000001,104.68100000000001,-14.30874455075095,1.0946492378559058,-15.403393788606856
2020-10-28,2020-10-28 04:00:00,2020-10-28 17:00:00,-1,26,TIME_EXIT,21.43185915384924,104.26849999999999,104.30850000000001,104.5075,-3.8362496823125363,1.2847947405014086,-5.121044422813945
2020-10-29,2020-10-29 07:00:00,2020-10-29 15:00:00,-1,16,SL,18.26225752179592,104.3005,104.50399999999999,104.50399999999999,-19.510932354110587,1.202122782829451,-20.71305513694004
2020-10-30,2020-10-30 04:00:00,2020-10-30 13:00:00,-1,18,SL,12.928372030663311,104.402,104.5565,104.5565,-14.798567077258935,1.2186571743638424,-16.01722425162278
2020-11-02,2020-11-02 07:30:00,2020-11-02 13:00:00,1,11,SL,12.520249831551455,104.851,104.6305,104.6305,-21.029842347712588,1.1607868039934721,-22.19062915170606
2020-11-03,2020-11-03 06:30:00,2020-11-03 11:00:00,-1,9,SL,12.230662653480493,104.62700000000001,104.783,104.783,-14.910109245222714,1.1442524124590805,-16.054361657681795
2020-11-04,2020-11-04 11:30:00,2020-11-04 17:00:00,-1,11,TIME_EXIT,77.05147765698412,104.47550000000001,104.5515,105.346,-7.274432761747337,1.1607868039934721,-8.435219565740809
2020-11-05,2020-11-05 06:30:00,2020-11-05 09:00:00,1,5,SL,13.239696062630019,104.3895,104.232,104.232,-15.087724340091567,1.1111836293902975,-16.198907969481866
2020-11-06,2020-11-06 10:00:00,2020-11-06 17:00:00,-1,14,TIME_EXIT,38.748065015480655,103.33699999999999,103.2775,103.76050000000001,5.7578602049590835,1.1855883912950593,4.572271813664024
2020-11-09,2020-11-09 04:30:00,2020-11-09 17:00:00,1,25,TIME_EXIT,13.023291842771854,103.46549999999999,105.42,103.2765,188.90354755933237,1.2765275447342128,187.62702001459814
2020-11-10,2020-11-10 09:00:00,2020-11-10 17:00:00,1,16,TIME_EXIT,33.53303695788931,105.1735,105.35249999999999,104.822,17.019496356020085,1.202122782829451,15.817373573190634
2020-11-11,2020-11-11 05:30:00,2020-11-11 17:00:00,1,23,TIME_EXIT,17.713273527227685,105.2225,105.5675,105.006,32.78766423531078,1.2599931531998212,31.527671082110956
2020-11-12,2020-11-12 06:00:00,2020-11-12 09:30:00,-1,7,SL,18.677464427273332,105.18299999999999,105.40350000000001,105.40350000000001,-20.963463677591957,1.127718020924689,-22.091181698516646
2020-11-13,2020-11-13 06:00:00,2020-11-13 13:00:00,1,14,SL,10.538060996776768,104.9735,104.858,104.858,-11.002776891310404,1.1855883912950593,-12.188365282605464
2020-11-16,2020-11-16 07:30:00,2020-11-16 10:30:00,-1,6,SL,18.277599414350146,104.455,104.69049999999999,104.69049999999999,-22.545593796370458,1.1194508251574933,-23.66504462152795
2020-11-17,2020-11-17 06:30:00,2020-11-17 08:00:00,1,3,SL,11.778337435002772,104.55850000000001,104.429,104.429,-12.385411037840756,1.0946492378559058,-13.480060275696662
2020-11-18,2020-11-18 05:00:00,2020-11-18 17:00:00,-1,24,TIME_EXIT,9.225801491503557,104.03049999999999,103.75649999999999,104.152,26.338429595166893,1.268260348967017,25.070169246199875
2020-11-19,2020-11-19 04:00:00,2020-11-19 06:00:00,-1,4,SL,13.35016964836457,103.7415,103.8825,103.8825,-13.59147496421308,1.1029164336231017,-14.694391397836183
2020-11-20,2020-11-20 05:30:00,2020-11-20 17:00:00,-1,23,TIME_EXIT,10.741759432758666,103.78550000000001,103.8415,103.912,-5.395744106834111,1.2599931531998212,-6.655737260033932
2020-11-23,2020-11-23 07:00:00,2020-11-23 10:00:00,1,6,SL,7.857883192325832,103.8235,103.7175,103.7175,-10.209634620292569,1.1194508251574933,-11.329085445450062
2020-11-24,2020-11-24 05:00:00,2020-11-24 12:30:00,-1,14,SL,10.047991119488772,104.40899999999999,104.6035,104.6035,-18.62866228007212,1.1855883912950593,-19.81425067136718
2020-11-25,2020-11-25 04:00:00,2020-11-25 17:00:00,-1,25,TIME_EXIT,13.498312710910287,104.453,104.35,104.5985,9.860894373546824,1.2765275447342128,8.58436682881261
2020-11-26,2020-11-26 08:30:00,2020-11-26 17:00:00,-1,17,TIME_EXIT,9.399262445631807,104.245,104.22399999999999,104.3615,2.0144851072008256,1.2103899785966465,0.8040951286041791
2020-11-27,2020-11-27 11:30:00,2020-11-27 17:00:00,1,11,TIME_EXIT,19.53190772857412,104.143,104.05449999999999,103.9325,-8.497930729862828,1.1607868039934721,-9.6587175338563
2020-11-30,2020-11-30 06:30:00,2020-11-30 17:00:00,1,21,TIME_EXIT,10.594036520534484,103.95750000000001,104.31549999999999,103.832,34.43714979678961,1.2434587616654298,33.19369103512418
2020-12-01,2020-12-01 08:30:00,2020-12-01 14:30:00,-1,12,SL,18.413556981326835,104.232,104.463,104.463,-22.1620999309228,1.169053999760668,-23.331153930683467
2020-12-02,2020-12-02 06:30:00,2020-12-02 17:00:00,1,21,TIME_EXIT,12.556311703249326,104.489,104.50450000000001,104.33,1.4834097369103882,1.2434587616654298,0.23995097524495845
2020-12-03,2020-12-03 07:00:00,2020-12-03 17:00:00,-1,20,TIME_EXIT,11.396666235701636,104.38550000000001,103.84100000000001,104.53550000000001,52.162417193958866,1.235191565898234,50.92722562806063
2020-12-04,2020-12-04 04:00:00,2020-12-04 17:00:00,1,25,TIME_EXIT,9.829146309734119,103.88550000000001,104.10149999999999,103.773,20.79212209595947,1.2765275447342128,19.51559455122526
2020-12-07,2020-12-07 08:00:00,2020-12-07 14:30:00,1,13,SL,19.000981316502557,104.2115,103.94200000000001,103.94200000000001,-25.860869481774433,1.1773211955278635,-27.038190677302296
2020-12-08,2020-12-08 06:30:00,2020-12-08 09:30:00,1,6,SL,7.066084716106412,104.101,104.018,104.018,-7.973026195713625,1.1194508251574933,-9.092477020871119
2020-12-09,2020-12-09 06:30:00,2020-12-09 09:30:00,1,6,SL,4.754015702657425,104.186,104.1225,104.1225,-6.094868792352597,1.1194508251574933,-7.21431961751009
2020-12-10,2020-12-10 08:00:00,2020-12-10 15:00:00,1,14,SL,24.749744588389813,104.54650000000001,104.24350000000001,104.24350000000001,-28.98231887246319,1.1855883912950593,-30.16790726375825
2020-12-11,2020-12-11 07:30:00,2020-12-11 15:00:00,1,15,SL,12.653112280737137,104.065,103.92699999999999,103.92699999999999,-13.260942680056237,1.1938555870622551,-14.454798267118493
2020-12-14,2020-12-14 07:30:00,2020-12-14 15:00:00,-1,15,SL,10.629906110512719,103.92150000000001,104.0625,104.0625,-13.56793348825711,1.1938555870622551,-14.761789075319365
2020-12-15,2020-12-15 04:00:00,2020-12-15 07:00:00,1,5,SL,9.131454496520327,104.14250000000001,104.036,104.036,-10.226372518425343,1.1111836293902975,-11.33755614781564
2020-12-16,2020-12-16 04:00:00,2020-12-16 17:30:00,-1,26,TIME_EXIT,19.077609647959598,103.50550000000001,103.626,103.72200000000001,-11.641893425952505,1.2847947405014086,-12.926688166453914
2020-12-17,2020-12-17 04:00:00,2020-12-17 17:00:00,-1,25,TIME_EXIT,13.117769495134644,103.28800000000001,103.0925,103.4305,18.927658585703057,1.2765275447342128,17.651131040968846
2020-12-18,2020-12-18 04:30:00,2020-12-18 12:30:00,1,15,SL,18.499864398899938,103.44999999999999,103.244,103.244,-19.91300144997476,1.1938555870622551,-21.106857037037017
2020-12-21,2020-12-21 05:00:00,2020-12-21 17:00:00,1,24,TIME_EXIT,19.224623013375872,103.49549999999999,103.43950000000001,103.253,-5.4108632742470135,1.268260348967017,-6.67912362321403
2020-12-22,2020-12-22 13:30:00,2020-12-22 17:30:00,1,7,TIME_EXIT,13.694851606847207,103.4725,103.64850000000001,103.3235,17.009350310470523,1.127718020924689,15.881632289545834
2020-12-23,2020-12-23 05:00:00,2020-12-23 15:30:00,-1,20,SL,15.512417182540384,103.451,103.626,103.626,-16.916221206176004,1.235191565898234,-18.151412772074238
2020-12-24,2020-12-24 08:00:00,2020-12-24 17:30:00,1,16,TIME_EXIT,9.758265540762409,103.614,103.6585,103.50200000000001,4.294786418823645,1.202122782829451,3.092663635994194
2020-12-25,2020-12-25 06:00:00,2020-12-25 06:30:00,1,1,SL,8.93577352402768,103.619,103.51650000000001,103.51650000000001,-9.892008222429482,1.0781148463215144,-10.970123068750997
2020-12-28,2020-12-28 05:00:00,2020-12-28 11:00:00,-1,12,SL,9.755061041569995,103.5095,103.637,103.637,-12.317709968650002,1.169053999760668,-13.48676396841067
2020-12-29,2020-12-29 14:30:00,2020-12-29 17:00:00,-1,5,TIME_EXIT,17.17765360972096,103.5685,103.531,103.801,3.620792036188061,1.1111836293902975,2.5096084067977635
2020-12-30,2020-12-30 09:00:00,2020-12-30 17:00:00,-1,16,TIME_EXIT,21.93014305424457,103.2405,103.327,103.509,-8.37849487362042,1.202122782829451,-9.58061765644987
2020-12-31,2020-12-31 09:30:00,2020-12-31 15:30:00,-1,12,SL,8.874319271819152,103.015,103.198,103.198,-17.76440324224557,1.169053999760668,-18.933457242006238
2021-01-04,2021-01-04 07:30:00,2021-01-04 15:00:00,-1,15,SL,18.36110166609928,102.91300000000001,103.124,103.124,-20.502754754014,1.1938555870622551,-21.696610341076255
2021-01-05,2021-01-05 04:30:00,2021-01-05 17:00:00,-1,25,TIME_EXIT,13.10393360673551,102.99549999999999,102.65299999999999,103.1575,33.253880023884655,1.2765275447342128,31.977352479150444
2021-01-06,2021-01-06 12:30:00,2021-01-06 17:00:00,1,9,TIME_EXIT,21.43194626426553,102.929,103.232,102.6505,29.43776778167448,1.1442524124590805,28.2935153692154
2021-01-07,2021-01-07 07:00:00,2021-01-07 17:00:00,1,20,TIME_EXIT,21.742612122477276,103.297,103.95249999999999,103.0235,63.457796451009166,1.235191565898234,62.22260488511093
2021-01-08,2021-01-08 13:30:00,2021-01-08 15:00:00,-1,3,SL,21.72980838259849,103.634,104.0,104.0,-35.31659493988456,1.0946492378559058,-36.411244177740464
2021-01-11,2021-01-11 13:00:00,2021-01-11 17:00:00,1,8,TIME_EXIT,16.196394499953815,104.28049999999999,104.13050000000001,104.03550000000001,-14.384280857876332,1.1359852166918847,-15.520266074568216
2021-01-12,2021-01-12 06:30:00,2021-01-12 14:30:00,-1,15,SL,10.027924651421815,104.162,104.3135,104.3135,-14.544651600391568,1.1938555870622551,-15.738507187453823
2021-01-13,2021-01-13 05:30:00,2021-01-13 17:00:00,1,23,TIME_EXIT,13.426643677162632,103.68549999999999,103.87899999999999,103.5255,18.66220445481772,1.2599931531998212,17.402211301617896
2021-01-14,2021-01-14 16:00:00,2021-01-14 17:00:00,-1,2,TIME_EXIT,35.68435955965141,103.674,103.7235,104.19749999999999,-4.77458186237579,1.0863820420887103,-5.8609639044645
2021-01-15,2021-01-15 07:00:00,2021-01-15 14:30:00,-1,15,SL,9.496355713239112,103.674,103.82249999999999,103.82249999999999,-14.32374558712737,1.1938555870622551,-15.517601174189625
2021-01-18,2021-01-18 16:00:00,2021-01-18 17:00:00,-1,2,TIME_EXIT,13.59822547979469,103.6825,103.7165,103.83099999999999,-3.2792419164267654,1.0863820420887103,-4.365623958515476
2021-01-20,2021-01-20 07:30:00,2021-01-20 17:00:00,-1,19,TIME_EXIT,13.060681565161957,103.7415,103.6065,103.882,13.013114327439366,1.2269243701310382,11.786189957308327
2021-01-21,2021-01-21 04:00:00,2021-01-21 14:00:00,-1,20,SL,11.692233361515244,103.47200000000001,103.60849999999999,103.60849999999999,-13.191974640480888,1.235191565898234,-14.427166206379122
2021-01-22,2021-01-22 06:00:00,2021-01-22 17:00:00,1,22,TIME_EXIT,10.821256038646837,103.628,103.805,103.5,17.080325780677686,1.2517259574326256,15.82859982324506
2021-01-25,2021-01-25 04:00:00,2021-01-25 14:30:00,-1,20,SL,13.73513833934795,103.73750000000001,103.89099999999999,103.89099999999999,-14.796963489575104,1.235191565898234,-16.03215505547334
2021-01-26,2021-01-26 07:30:00,2021-01-26 13:30:00,1,12,SL,12.203592583303474,103.81299999999999,103.658,103.658,-14.930692687812408,1.169053999760668,-16.099746687573077
2021-01-27,2021-01-27 09:00:00,2021-01-27 17:00:00,1,16,TIME_EXIT,9.213122187225641,103.7695,104.078,103.6565,29.72935207358707,1.202122782829451,28.527229290757617
2021-01-28,2021-01-28 05:30:00,2021-01-28 07:30:00,-1,3,SL,11.366688408853852,104.2385,104.37049999999999,104.37049999999999,-12.663267410792635,1.0946492378559058,-13.757916648648541
2021-01-29,2021-01-29 08:00:00,2021-01-29 17:00:00,1,18,TIME_EXIT,12.878515858767466,104.63,104.65700000000001,104.4375,2.5805218388622038,1.2186571743638424,1.3618646644983614
2021-02-01,2021-02-01 07:30:00,2021-02-01 17:00:00,1,19,TIME_EXIT,11.423491286599427,104.74600000000001,104.9915,104.60900000000001,23.43764917037335,1.2269243701310382,22.210724800242314
2021-02-02,2021-02-02 04:00:00,2021-02-02 17:00:00,1,26,TIME_EXIT,11.304123858854245,104.953,105.095,104.82900000000001,13.529865749430307,1.2847947405014086,12.245071008928898
2021-02-03,2021-02-03 06:00:00,2021-02-03 17:30:00,1,21,TIME_EXIT,9.006604843551601,105.02199999999999,105.00800000000001,104.923,-1.3330540267735886,1.2434587616654298,-2.576512788439018
2021-02-04,2021-02-04 04:00:00,2021-02-04 17:00:00,1,25,TIME_EXIT,11.332038243248368,105.1365,105.488,105.012,33.43272792988177,1.2765275447342128,32.15620038514756
2021-02-05,2021-02-05 08:00:00,2021-02-05 10:30:00,-1,4,SL,8.580476334950658,105.4485,105.5625,105.5625,-10.810964594091365,1.1029164336231017,-11.913881027714467
2021-02-08,2021-02-08 08:00:00,2021-02-08 13:30:00,1,11,SL,8.01270654055004,105.5735,105.4575,105.4575,-10.987605791225986,1.1607868039934721,-12.148392595219459
2021-02-09,2021-02-09 04:00:00,2021-02-09 17:00:00,-1,26,TIME_EXIT,25.548141086749347,104.8435,104.6275,105.168,20.602135563960395,1.2847947405014086,19.317340823458988
2021-02-10,2021-02-10 08:30:00,2021-02-10 09:30:00,-1,2,SL,19.37595085684902,104.4185,104.71350000000001,104.71350000000001,-28.25169869324075,1.0863820420887103,-29.338080735329463
2021-02-11,2021-02-11 07:00:00,2021-02-11 08:00:00,-1,2,SL,5.833636172370278,104.5635,104.62700000000001,104.62700000000001,-6.072864814204266,1.0863820420887103,-7.159246856292976
2021-02-12,2021-02-12 05:30:00,2021-02-12 17:00:00,1,21,TIME_EXIT,10.025014798830394,104.87049999999999,104.93,104.738,5.673664185830535,1.2434587616654298,4.430205424165105
2021-02-15,2021-02-15 06:00:00,2021-02-15 18:00:00,1,21,TIME_EXIT,9.859067722745566,105.0985,105.321,104.9795,21.170616136290867,1.2434587616654298,19.927157374625438
2021-02-16,2021-02-16 04:00:00,2021-02-16 05:30:00,1,3,SL,12.610938329667924,105.6285,105.464,105.464,-15.573448453779413,1.0946492378559058,-16.668097691635317
2021-02-17,2021-02-17 04:30:00,2021-02-17 13:30:00,-1,17,SL,26.816233263459274,105.86699999999999,106.19,106.19,-30.50997950258414,1.2103899785966465,-31.72036948118079
2021-02-18,2021-02-18 06:00:00,2021-02-18 08:30:00,1,4,SL,17.262662044372565,105.91,105.7195,105.7195,-17.98697006892646,1.1029164336231017,-19.08988650254956
2021-02-19,2021-02-19 04:30:00,2021-02-19 17:00:00,-1,25,TIME_EXIT,9.135229800730842,105.59700000000001,105.63900000000001,105.73150000000001,-3.9773857211854113,1.2765275447342128,-5.253913265919624
2021-02-22,2021-02-22 07:00:00,2021-02-22 13:30:00,1,13,SL,29.308962946450272,105.743,105.42850000000001,105.42850000000001,-29.741921451063536,1.1773211955278635,-30.9192426465914
2021-02-23,2021-02-23 06:00:00,2021-02-23 17:00:00,1,21,TIME_EXIT,10.817456611038756,105.0975,105.1685,104.923,6.755631675348886,1.2434587616654298,5.5121729136834565
2021-02-24,2021-02-24 07:30:00,2021-02-24 17:00:00,1,19,TIME_EXIT,17.655182887762116,105.565,105.8925,105.35149999999999,31.02353999905277,1.2269243701310382,29.79661562892173
2021-02-25,2021-02-25 04:00:00,2021-02-25 08:30:00,-1,9,SL,17.41313488337108,105.9125,106.13900000000001,106.13900000000001,-21.385577717456933,1.1442524124590805,-22.529830129916014
2021-02-26,2021-02-26 09:30:00,2021-02-26 17:00:00,1,15,TIME_EXIT,42.79681432984752,106.489,106.689,105.84899999999999,18.781282573785894,1.1938555870622551,17.58742698672364
2021-03-01,2021-03-01 09:00:00,2021-03-01 17:00:00,1,16,TIME_EXIT,20.848789924963928,106.708,106.71600000000001,106.481,0.7497094875744815,1.202122782829451,-0.4524132952549694
2021-03-02,2021-03-02 11:00:00,2021-03-02 14:30:00,1,7,SL,18.59894215588536,106.94800000000001,106.7265,106.7265,-20.710999738191084,1.127718020924689,-21.838717759115774
2021-03-03,2021-03-03 05:00:00,2021-03-03 17:00:00,1,23,TIME_EXIT,11.945976079939449,106.86699999999999,106.95400000000001,106.7305,8.140960259015179,1.2599931531998212,6.880967105815357
2021-03-04,2021-03-04 06:00:00,2021-03-04 17:00:00,1,22,TIME_EXIT,10.094825934355972,107.1275,107.72999999999999,106.9855,56.24139459989191,1.2517259574326256,54.989668642459286
2021-03-05,2021-03-05 04:00:00,2021-03-05 17:00:00,1,26,TIME_EXIT,13.21641060837077,108.09,108.25800000000001,107.82050000000001,15.542603386067755,1.2847947405014086,14.257808645566346
2021-03-08,2021-03-08 05:30:00,2021-03-08 07:30:00,-1,4,SL,12.643858499533971,108.3485,108.49000000000001,108.49000000000001,-13.059710102124876,1.1029164336231017,-14.162626535747979
2021-03-09,2021-03-09 07:00:00,2021-03-09 17:00:00,-1,20,TIME_EXIT,15.908455321080694,109.027,108.572,109.235,41.73278178799731,1.235191565898234,40.49759022209908
2021-03-10,2021-03-10 04:30:00,2021-03-10 13:00:00,1,17,SL,26.07033463070745,108.839,108.55250000000001,108.55250000000001,-26.323284851936304,1.2103899785966465,-27.533674830532952
2021-03-11,2021-03-11 04:30:00,2021-03-11 08:30:00,1,8,SL,10.186632004462005,108.613,108.4755,108.4755,-12.659626379899537,1.1359852166918847,-13.79561159659142
2021-03-12,2021-03-12 06:00:00,2021-03-12 17:00:00,1,22,TIME_EXIT,16.204843959323647,108.8615,108.95349999999999,108.6095,8.451105303526456,1.2517259574326256,7.19937934609383
2021-03-15,2021-03-15 05:00:00,2021-03-15 17:00:00,1,24,TIME_EXIT,26.029592019428414,109.21000000000001,109.1585,108.9145,-4.715685376797392,1.268260348967017,-5.983945725764409
2021-03-16,2021-03-16 07:30:00,2021-03-16 10:30:00,1,6,SL,10.53769746728685,109.25800000000001,109.132,109.132,-11.532336304893441,1.1194508251574933,-12.651787130050934
2021-03-17,2021-03-17 05:30:00,2021-03-17 09:30:00,1,7,SL,9.719153150016318,109.1755,109.06299999999999,109.06299999999999,-10.304509711428972,1.127718020924689,-11.432227732353661
2021-03-18,2021-03-18 07:30:00,2021-03-18 17:00:00,1,19,TIME_EXIT,46.121979286536686,109.209,108.9995,108.625,-19.18340063547927,1.2269243701310382,-20.410325005610307
2021-03-19,2021-03-19 06:00:00,2021-03-19 17:00:00,-1,22,TIME_EXIT,24.388339526104065,108.814,108.8535,109.12899999999999,-3.630047604168937,1.2517259574326256,-4.8817735616015625
2021-03-22,2021-03-22 07:00:00,2021-03-22 17:00:00,-1,20,TIME_EXIT,23.59705611775684,108.6925,108.745,108.9565,-4.830140074062985,1.235191565898234,-6.065331639961219
2021-03-23,2021-03-23 09:30:00,2021-03-23 17:00:00,-1,15,TIME_EXIT,16.974960782780297,108.662,108.735,108.874,-6.7180799175418535,1.1938555870622551,-7.911935504604108
2021-03-24,2021-03-24 07:00:00,2021-03-24 17:00:00,1,20,TIME_EXIT,15.767416771551547,108.626,108.78399999999999,108.45150000000001,14.545320641465857,1.235191565898234,13.310129075567623
2021-03-25,2021-03-25 07:30:00,2021-03-25 17:00:00,1,19,TIME_EXIT,12.17170835668095,109.0765,109.20849999999999,108.85900000000001,12.10159841945706,1.2269243701310382,10.874674049326021
2021-03-26,2021-03-26 07:30:00,2021-03-26 17:00:00,1,19,TIME_EXIT,10.396105353307465,109.3255,109.65700000000001,109.1755,30.322294432680888,1.2269243701310382,29.09537006254985
2021-03-29,2021-03-29 05:00:00,2021-03-29 16:00:00,-1,21,TIME_EXIT,28.772641328475043,109.44049999999999,109.7345,109.79400000000001,-26.863912354202622,1.2434587616654298,-28.10737111586805
2021-03-30,2021-03-30 05:30:00,2021-03-30 16:00:00,1,21,TIME_EXIT,17.03298204705324,109.983,110.27199999999999,109.787,26.276788230907254,1.2434587616654298,25.033329469241824
2021-04-01,2021-04-01 03:00:00,2021-04-01 09:30:00,-1,13,SL,18.80361969679149,110.60050000000001,110.82499999999999,110.82499999999999,-20.29828074918085,1.1773211955278635,-21.475601944708714
2021-04-02,2021-04-02 06:00:00,2021-04-02 12:30:00,-1,11,SL,13.209920107128381,110.43450000000001,110.66900000000001,110.66900000000001,-21.234306308263907,1.1607868039934721,-22.395093112257378
2021-04-05,2021-04-05 03:00:00,2021-04-05 16:00:00,-1,23,TIME_EXIT,16.283329940973548,110.53200000000001,110.0975,110.7225,39.30988311077462,1.2599931531998212,38.0498899575748
2021-04-06,2021-04-06 03:00:00,2021-04-06 12:00:00,1,18,SL,20.930190323985922,110.396,110.128,110.128,-24.276241892822263,1.2186571743638424,-25.494899067186104
2021-04-07,2021-04-07 07:00:00,2021-04-07 16:00:00,1,18,TIME_EXIT,28.837510665772566,109.8965,109.6745,109.5795,-20.20082532200829,1.2186571743638424,-21.41948249637213
2021-04-08,2021-04-08 04:30:00,2021-04-08 16:00:00,-1,23,TIME_EXIT,17.454631629799486,109.67,109.2055,109.90450000000001,42.354335734476244,1.2599931531998212,41.09434258127642
2021-04-09,2021-04-09 05:30:00,2021-04-09 16:00:00,1,21,TIME_EXIT,14.833195225909211,109.388,109.6215,109.21449999999999,21.346034299922504,1.2434587616654298,20.102575538257074
2021-04-12,2021-04-12 07:30:00,2021-04-12 16:00:00,-1,17,TIME_EXIT,26.58031868980008,109.455,109.41499999999999,109.7705,3.654469873464552,1.2103899785966465,2.4440798948679054
2021-04-13,2021-04-13 03:30:00,2021-04-13 07:30:00,1,7,SL,26.651794081746033,109.71549999999999,109.3735,109.3735,-31.171530002596217,1.127718020924689,-32.2992480235209
2021-04-14,2021-04-14 04:30:00,2021-04-14 16:00:00,1,23,TIME_EXIT,17.56281464793936,108.953,108.98849999999999,108.7525,3.258285682815963,1.2599931531998212,1.998292529616142
2021-04-15,2021-04-15 08:30:00,2021-04-15 16:00:00,-1,15,TIME_EXIT,11.718103781041275,108.775,108.7365,108.93350000000001,3.539416226154823,1.1938555870622551,2.345560639092568
2021-04-19,2021-04-19 05:30:00,2021-04-19 16:00:00,-1,21,TIME_EXIT,20.221375698420196,108.51849999999999,108.09100000000001,108.768,39.39420467477718,1.2434587616654298,38.15074591311175
2021-04-20,2021-04-20 06:30:00,2021-04-20 16:00:00,1,19,TIME_EXIT,32.18441903650469,108.42150000000001,108.072,107.97149999999999,-32.235303883455416,1.2269243701310382,-33.46222825358645
2021-04-21,2021-04-21 07:30:00,2021-04-21 16:00:00,1,17,TIME_EXIT,24.936037672884186,108.225,108.13149999999999,107.876,-8.639408639409186,1.2103899785966465,-9.849798618005833
2021-04-22,2021-04-22 06:30:00,2021-04-22 12:00:00,-1,10,SL,17.646895350669688,107.898,108.14150000000001,108.14150000000001,-22.567610150328235,1.1525196082262763,-23.720129758554513
2021-04-23,2021-04-23 11:30:00,2021-04-23 14:00:00,-1,5,SL,17.53206094478263,107.78,107.9915,107.9915,-19.62330673594367,1.1111836293902975,-20.73449036533397
2021-04-26,2021-04-26 04:00:00,2021-04-26 11:30:00,-1,14,SL,21.585939893601047,107.668,107.94149999999999,107.94149999999999,-25.40216220232421,1.1855883912950593,-26.58775059361927
2021-04-27,2021-04-27 13:00:00,2021-04-27 16:00:00,1,6,TIME_EXIT,26.456739530624265,108.388,108.65,108.101,24.172417610805667,1.1194508251574933,23.052966785648174
2021-04-28,2021-04-28 06:00:00,2021-04-28 14:00:00,1,16,SL,20.556260692014913,108.9685,108.726,108.726,-22.254137663637362,1.202122782829451,-23.456260446466814
2021-04-29,2021-04-29 03:00:00,2021-04-29 16:00:00,1,23,TIME_EXIT,9.590866544015476,108.622,108.85050000000001,108.4365,21.036254165823777,1.2599931531998212,19.776261012623955
2021-04-30,2021-04-30 14:30:00,2021-04-30 16:00:00,1,3,TIME_EXIT,31.781073933539105,109.287,109.28800000000001,108.7125,0.09150219147792278,1.0946492378559058,-1.003147046377983
2021-05-03,2021-05-03 03:30:00,2021-05-03 13:00:00,1,18,SL,13.862645431960825,109.547,109.28649999999999,109.28649999999999,-23.779747505637538,1.2186571743638424,-24.99840468000138
2021-05-04,2021-05-04 04:30:00,2021-05-04 12:30:00,1,16,SL,17.005945205103128,109.285,109.0795,109.0795,-18.804044470878956,1.202122782829451,-20.00616725370841
2021-05-05,2021-05-05 06:00:00,2021-05-05 13:30:00,1,15,SL,16.438105267979456,109.438,109.19749999999999,109.19749999999999,-21.975913302510232,1.1938555870622551,-23.169768889572488
2021-05-06,2021-05-06 06:30:00,2021-05-06 16:00:00,-1,19,TIME_EXIT,12.30625651911383,109.2595,109.119,109.42850000000001,12.85929369986161,1.2269243701310382,11.632369329730572
2021-05-07,2021-05-07 11:30:00,2021-05-07 12:30:00,1,2,SL,23.040734366036006,109.208,108.9375,108.9375,-24.769247674162923,1.0863820420887103,-25.855629716251634
2021-05-10,2021-05-10 06:30:00,2021-05-10 16:00:00,1,19,TIME_EXIT,32.931704710847285,108.97149999999999,108.765,108.55799999999999,-18.94990892113913,1.2269243701310382,-20.176833291270167
2021-05-11,2021-05-11 10:00:00,2021-05-11 16:00:00,-1,12,TIME_EXIT,17.648599831786143,108.69800000000001,108.54400000000001,108.9825,14.167693977809744,1.169053999760668,12.998639978049077
2021-05-12,2021-05-12 12:30:00,2021-05-12 16:00:00,1,7,TIME_EXIT,20.611726600169657,109.0,109.5505,108.676,50.50458715596326,1.127718020924689,49.37686913503857
2021-05-14,2021-05-14 05:30:00,2021-05-14 16:00:00,-1,21,TIME_EXIT,13.331994046261563,109.50200000000001,109.372,109.65700000000001,11.871929279831388,1.2434587616654298,10.628470518165958
2021-05-17,2021-05-17 03:00:00,2021-05-17 16:00:00,-1,26,TIME_EXIT,16.73992288658407,109.3075,109.13550000000001,109.5025,15.735425291036483,1.2847947405014086,14.450630550535074
2021-05-18,2021-05-18 06:00:00,2021-05-18 16:00:00,-1,20,TIME_EXIT,16.406214197333032,109.08099999999999,108.9565,109.28399999999999,11.41353672958475,1.235191565898234,10.178345163686517
2021-05-19,2021-05-19 07:30:00,2021-05-19 13:00:00,1,11,SL,19.658186394513955,109.08099999999999,108.8605,108.8605,-20.214336135531124,1.1607868039934721,-21.375122939524594
2021-05-20,2021-05-20 07:00:00,2021-05-20 16:00:00,-1,18,TIME_EXIT,18.74555996058353,109.03399999999999,108.781,109.297,23.203771300693905,1.2186571743638424,21.985114126330064
2021-05-21,2021-05-21 04:30:00,2021-05-21 13:30:00,-1,18,SL,9.743273923873277,108.775,108.899,108.899,-11.399678234888093,1.2186571743638424,-12.618335409251936
2021-05-24,2021-05-24 03:00:00,2021-05-24 16:00:00,-1,25,TIME_EXIT,10.930116143965222,108.869,108.82249999999999,108.9925,4.2711883088858045,1.2765275447342128,2.9946607641515914
2021-05-25,2021-05-25 06:30:00,2021-05-25 10:00:00,-1,7,SL,15.411864835644172,108.67,108.85,108.85,-16.5639090825428,1.127718020924689,-17.69162710346749
2021-05-26,2021-05-26 06:00:00,2021-05-26 16:00:00,1,19,TIME_EXIT,9.611493322541628,108.84700000000001,109.07,108.72399999999999,20.48747324225608,1.2269243701310382,19.260548872125042
2021-05-27,2021-05-27 11:30:00,2021-05-27 16:00:00,1,9,TIME_EXIT,14.672236002915794,109.2305,109.9025,109.0495,61.5212783975169,1.1442524124590805,60.37702598505782
2021-05-28,2021-05-28 11:00:00,2021-05-28 16:00:00,1,10,SL,13.386637040004313,109.97399999999999,109.811,109.811,-14.821685125573545,1.1525196082262763,-15.974204733799821
2021-05-31,2021-05-31 13:00:00,2021-05-31 16:30:00,-1,4,TIME_EXIT,27.36315004583172,109.61099999999999,109.482,109.9365,11.768891808303062,1.1029164336231017,10.66597537467996
2021-06-01,2021-06-01 08:00:00,2021-06-01 16:00:00,1,16,TIME_EXIT,19.527677166795673,109.619,109.459,109.332,-14.59600981581629,1.202122782829451,-15.79813259864574
2021-06-02,2021-06-02 04:30:00,2021-06-02 16:00:00,1,22,TIME_EXIT,16.0757019418719,109.69200000000001,109.607,109.482,-7.748969842833384,1.2517259574326256,-9.00069580026601
2021-06-03,2021-06-03 04:00:00,2021-06-03 16:00:00,1,23,TIME_EXIT,11.362910365345716,109.69999999999999,110.27600000000001,109.56700000000001,52.50683682771394,1.2599931531998212,51.24684367451412
2021-06-04,2021-06-04 09:30:00,2021-06-04 16:00:00,-1,12,TIME_EXIT,16.88721429057617,110.1155,109.47749999999999,110.32849999999999,57.93916387792865,1.169053999760668,56.77010987816798
2021-06-07,2021-06-07 07:30:00,2021-06-07 16:00:00,-1,16,TIME_EXIT,15.118021046477129,109.422,109.277,109.6375,13.251448520406868,1.202122782829451,12.049325737577417
2021-06-08,2021-06-08 05:30:00,2021-06-08 16:00:00,1,21,TIME_EXIT,22.20706138764434,109.482,109.4805,109.1995,-0.1370088233675811,1.2434587616654298,-1.3804675850330108
2021-06-09,2021-06-09 06:30:00,2021-06-09 08:30:00,-1,4,SL,7.266179817385447,109.40450000000001,109.4905,109.4905,-7.860736989793318,1.1029164336231017,-8.96365342341642
2021-06-10,2021-06-10 06:00:00,2021-06-10 12:30:00,-1,12,SL,14.746434376083343,109.493,109.67949999999999,109.67949999999999,-17.033052341245124,1.169053999760668,-18.20210634100579
2021-06-11,2021-06-11 07:00:00,2021-06-11 16:00:00,1,18,TIME_EXIT,9.739547133920778,109.463,109.7065,109.348,22.244959484027625,1.2186571743638424,21.026302309663784
2021-06-14,2021-06-14 06:30:00,2021-06-14 13:30:00,-1,14,SL,12.854290689299134,109.6895,109.832,109.832,-12.991216114577812,1.1855883912950593,-14.176804505872871
2021-06-15,2021-06-15 09:30:00,2021-06-15 10:00:00,1,1,SL,11.451786615043174,110.154,110.0265,110.0265,-11.57470450460244,1.0781148463215144,-12.652819350923956
2021-06-16,2021-06-16 04:30:00,2021-06-16 16:00:00,-1,22,TIME_EXIT,6.450382026146574,110.06450000000001,109.9075,110.142,14.264363168870133,1.2517259574326256,13.012637211437507
2021-06-17,2021-06-17 07:30:00,2021-06-17 16:00:00,-1,17,TIME_EXIT,19.392722982412316,110.5875,110.17500000000001,110.82300000000001,37.300779925397926,1.2103899785966465,36.09038994680128
2021-06-18,2021-06-18 05:30:00,2021-06-18 13:00:00,-1,15,SL,15.750318864524944,110.048,110.33,110.33,-25.62518173887726,1.1938555870622551,-26.819037325939515
2021-06-21,2021-06-21 03:00:00,2021-06-21 13:30:00,-1,21,SL,29.016486640135387,109.8485,110.25649999999999,110.25649999999999,-37.14206384247277,1.2434587616654298,-38.3855226041382
2021-06-22,2021-06-22 05:30:00,2021-06-22 16:00:00,1,21,TIME_EXIT,23.68152432800233,110.48599999999999,110.707,110.2125,20.002534257734343,1.2434587616654298,18.759075496068913
2021-06-23,2021-06-23 06:00:00,2021-06-23 16:00:00,1,20,TIME_EXIT,18.708143917142614,110.8555,110.9135,110.64699999999999,5.232036299506359,1.235191565898234,3.996844733608125
2021-06-24,2021-06-24 05:00:00,2021-06-24 16:00:00,-1,22,TIME_EXIT,14.01399597153974,110.8755,110.8545,111.116,1.8940162614825453,1.2517259574326256,0.6422903040499197
2021-06-25,2021-06-25 04:00:00,2021-06-25 16:00:00,-1,23,TIME_EXIT,12.63030642025417,110.815,110.8015,110.9845,1.2182466272610573,1.2599931531998212,-0.041746525938763934
2021-06-28,2021-06-28 03:30:00,2021-06-28 11:30:00,-1,14,SL,16.990126748151933,110.63300000000001,110.84049999999999,110.84049999999999,-18.755705802064647,1.1855883912950593,-19.941294193359706
2021-06-29,2021-06-29 07:00:00,2021-06-29 14:00:00,1,14,SL,16.975546159905118,110.68450000000001,110.453,110.453,-20.91530431090271,1.1855883912950593,-22.10089270219777
2021-06-30,2021-06-30 12:00:00,2021-06-30 16:00:00,1,8,TIME_EXIT,13.853237175568648,110.64850000000001,111.043,110.4435,35.65344311038953,1.1359852166918847,34.517457893697646
2021-07-01,2021-07-01 06:30:00,2021-07-01 16:00:00,1,19,TIME_EXIT,12.339285312197468,111.2045,111.5515,111.0275,31.203773228602117,1.2269243701310382,29.97684885847108
2021-07-02,2021-07-02 08:00:00,2021-07-02 16:00:00,-1,16,TIME_EXIT,9.591982178634918,111.436,111.2635,111.6585,15.479737248287236,1.202122782829451,14.277614465457786
2021-07-05,2021-07-05 06:30:00,2021-07-05 16:00:00,-1,18,TIME_EXIT,12.516715217712644,110.97149999999999,110.9125,111.19049999999999,5.3166804089336,1.2186571743638424,4.098023234569757
2021-07-06,2021-07-06 07:30:00,2021-07-06 16:00:00,-1,17,TIME_EXIT,12.907535112106064,110.77449999999999,110.62049999999999,110.93100000000001,13.90211646182076,1.2103899785966465,12.691726483224114
2021-07-07,2021-07-07 04:00:00,2021-07-07 16:00:00,1,24,TIME_EXIT,19.33955641307938,110.6275,110.6345,110.3955,0.632754062055547,1.268260348967017,-0.63550628691147
2021-07-08,2021-07-08 05:00:00,2021-07-08 16:00:00,-1,22,TIME_EXIT,20.51193812911343,110.392,109.84450000000001,110.65,49.59598521631869,1.2517259574326256,48.34425925888606
2021-07-09,2021-07-09 03:00:00,2021-07-09 16:00:00,1,26,TIME_EXIT,15.761159219595024,109.95750000000001,110.1885,109.7635,21.00811677238883,1.2847947405014086,19.723322031887424
2021-07-12,2021-07-12 13:30:00,2021-07-12 16:00:00,1,5,TIME_EXIT,21.997600261788737,110.3365,110.386,110.012,4.486276073646959,1.1111836293902975,3.375092444256661
2021-07-13,2021-07-13 09:30:00,2021-07-13 12:30:00,-1,6,SL,14.008777020163981,110.24449999999999,110.4425,110.4425,-17.96007964116192,1.1194508251574933,-19.07953046631941
2021-07-14,2021-07-14 06:30:00,2021-07-14 16:00:00,-1,19,TIME_EXIT,21.2284433983612,110.4615,109.98949999999999,110.6995,42.729819891999334,1.2269243701310382,41.5028955218683
2021-07-15,2021-07-15 06:00:00,2021-07-15 11:00:00,-1,10,SL,17.75632853760767,109.803,110.015,110.015,-19.307304900595003,1.1525196082262763,-20.459824508821278
2021-07-16,2021-07-16 07:30:00,2021-07-16 16:00:00,1,17,TIME_EXIT,30.984298251210063,110.158,110.11850000000001,109.733,-3.585758637592336,1.2103899785966465,-4.796148616188983
2021-07-19,2021-07-19 03:30:00,2021-07-19 07:30:00,1,5,SL,8.693514910969943,109.955,109.852,109.852,-9.36746850984443,1.1111836293902975,-10.478652139234727
2021-07-20,2021-07-20 03:30:00,2021-07-20 07:00:00,-1,7,SL,8.769005220298753,109.43549999999999,109.57249999999999,109.57249999999999,-12.518789606663328,1.127718020924689,-13.646507627588017
2021-07-21,2021-07-21 06:00:00,2021-07-21 07:00:00,-1,2,SL,11.515074279055577,109.82249999999999,109.98249999999999,109.98249999999999,-14.568963554826798,1.0863820420887103,-15.655345596915508
2021-07-22,2021-07-22 08:00:00,2021-07-22 12:30:00,1,9,SL,16.169470586097642,110.3235,110.084,110.084,-21.708883420122866,1.1442524124590805,-22.85313583258195
2021-07-23,2021-07-23 06:30:00,2021-07-23 16:00:00,1,19,TIME_EXIT,15.393138020596774,110.293,110.51750000000001,110.114,20.35487292937957,1.2269243701310382,19.127948559248534
2021-07-26,2021-07-26 05:00:00,2021-07-26 16:00:00,-1,22,TIME_EXIT,23.294388499642427,110.307,110.334,110.584,-2.447714106992396,1.2517259574326256,-3.699440064425022
2021-07-27,2021-07-27 06:30:00,2021-07-27 16:00:00,-1,19,TIME_EXIT,12.387244314573596,110.168,109.62100000000001,110.3305,49.651441434899155,1.2269243701310382,48.42451706476812
2021-07-28,2021-07-28 07:30:00,2021-07-28 16:00:00,1,17,TIME_EXIT,14.076422675338884,109.969,110.06049999999999,109.75800000000001,8.320526693886128,1.2103899785966465,7.110136715289482
2021-07-29,2021-07-29 14:00:00,2021-07-29 16:00:00,-1,4,TIME_EXIT,18.68954388395927,109.66300000000001,109.571,109.892,8.38933824535285,1.1029164336231017,7.286421811729748
2021-07-30,2021-07-30 06:00:00,2021-07-30 16:00:00,1,20,TIME_EXIT,22.44848507015656,109.61699999999999,109.738,109.3615,11.038433819572633,1.235191565898234,9.8032422536744
2021-08-02,2021-08-02 09:30:00,2021-08-02 16:00:00,-1,13,TIME_EXIT,12.910289455077004,109.56,109.23599999999999,109.744,29.572836801753585,1.1773211955278635,28.39551560622572
2021-08-03,2021-08-03 04:00:00,2021-08-03 16:00:00,-1,24,TIME_EXIT,13.096197523628167,109.168,109.0815,109.33500000000001,7.923567345742425,1.268260348967017,6.655306996775408
2021-08-04,2021-08-04 06:00:00,2021-08-04 12:00:00,1,12,SL,16.846144665694393,109.11349999999999,108.92699999999999,108.92699999999999,-17.09229380415762,1.169053999760668,-18.261347803918287
2021-08-05,2021-08-05 10:30:00,2021-08-05 13:30:00,-1,6,SL,18.444877665718383,109.463,109.7175,109.7175,-23.249865251272787,1.1194508251574933,-24.36931607643028
2021-08-06,2021-08-06 07:00:00,2021-08-06 12:30:00,-1,11,SL,13.212687825192516,109.7175,109.888,109.888,-15.539909312553064,1.1607868039934721,-16.700696116546535
2021-08-09,2021-08-09 06:00:00,2021-08-09 16:00:00,-1,19,TIME_EXIT,11.707157701767409,110.114,110.281,110.318,-15.166100586664873,1.2269243701310382,-16.393024956795912
2021-08-10,2021-08-10 07:00:00,2021-08-10 16:00:00,1,17,TIME_EXIT,9.383286870197576,110.4495,110.57249999999999,110.30250000000001,11.136311164830122,1.2103899785966465,9.925921186233476
2021-08-11,2021-08-11 06:00:00,2021-08-11 12:30:00,1,13,SL,9.314144387324504,110.7425,110.58449999999999,110.58449999999999,-14.267331873491699,1.1773211955278635,-15.444653069019562
2021-08-12,2021-08-12 06:30:00,2021-08-12 16:00:00,1,18,TIME_EXIT,10.24316178303529,110.43700000000001,110.3765,110.3175,-5.4782364606082075,1.2186571743638424,-6.696893634972049
2021-08-13,2021-08-13 07:00:00,2021-08-13 16:00:00,-1,18,TIME_EXIT,7.973144997984794,110.28550000000001,109.6575,110.4585,56.94311582211753,1.2186571743638424,55.724458647753686
2021-08-16,2021-08-16 07:00:00,2021-08-16 16:30:00,-1,18,TIME_EXIT,27.48597117860389,109.3115,109.23949999999999,109.62899999999999,6.586681181760632,1.2186571743638424,5.368024007396789
2021-08-17,2021-08-17 05:30:00,2021-08-17 07:00:00,1,3,SL,12.178650733693322,109.34299999999999,109.20750000000001,109.20750000000001,-12.392197031358121,1.0946492378559058,-13.486846269214027
2021-08-18,2021-08-18 03:00:00,2021-08-18 16:00:00,1,25,TIME_EXIT,10.32156705136574,109.5935,109.98949999999999,109.4795,36.133529817004344,1.2765275447342128,34.85700227227013
2021-08-19,2021-08-19 07:30:00,2021-08-19 16:00:00,-1,17,TIME_EXIT,32.36599522021096,109.792,109.7895,110.193,0.2277032935002301,1.2103899785966465,-0.9826866850964164
2021-08-20,2021-08-20 07:00:00,2021-08-20 16:00:00,-1,18,TIME_EXIT,23.214025102160615,109.62100000000001,109.7705,109.88650000000001,-13.637897848039067,1.2186571743638424,-14.85655502240291
2021-08-23,2021-08-23 05:30:00,2021-08-23 13:00:00,1,15,SL,10.699667172055824,109.9495,109.81649999999999,109.81649999999999,-12.096462466860674,1.1938555870622551,-13.29031805392293
2021-08-24,2021-08-24 05:00:00,2021-08-24 09:00:00,1,8,SL,6.973500697350983,109.809,109.701,109.701,-9.835259404967179,1.1359852166918847,-10.971244621659064
2021-08-25,2021-08-25 05:30:00,2021-08-25 11:00:00,-1,11,SL,13.078209515649545,109.711,109.868,109.868,-14.310324397735549,1.1607868039934721,-15.471111201729022
2021-08-26,2021-08-26 03:00:00,2021-08-26 06:30:00,-1,6,SL,13.504112616116066,109.943,110.11500000000001,110.11500000000001,-15.644470316437722,1.1194508251574933,-16.763921141595215
2021-08-27,2021-08-27 04:30:00,2021-08-27 07:30:00,-1,5,SL,11.640861241842156,109.9245,110.0855,110.0855,-14.646416403986498,1.1111836293902975,-15.757600033376795
2021-08-30,2021-08-30 12:30:00,2021-08-30 23:00:00,1,8,EOD,15.906366648587321,109.941,109.9685,109.7045,2.501341628692063,1.1359852166918847,1.3653564120001782
2021-08-31,2021-08-31 05:30:00,2021-08-31 15:00:00,-1,19,SL,11.744890062365426,109.8115,109.964,109.964,-13.887434376181313,1.2269243701310382,-15.114358746312352
2021-09-01,2021-09-01 05:00:00,2021-09-01 12:30:00,1,15,SL,16.719217104485793,110.245,110.053,110.053,-17.41575581659098,1.1938555870622551,-18.609611403653236
2021-09-03,2021-09-03 13:00:00,2021-09-03 16:30:00,-1,6,TIME_EXIT,24.31815801337917,109.72649999999999,109.63749999999999,110.0615,8.111076175764163,1.1194508251574933,6.99162535060667
2021-09-06,2021-09-06 07:00:00,2021-09-06 16:30:00,1,15,TIME_EXIT,8.24620150800625,109.912,109.862,109.7475,-4.549093820511988,1.1938555870622551,-5.742949407574243
2021-09-07,2021-09-07 06:00:00,2021-09-07 16:00:00,1,20,TIME_EXIT,14.131247378881637,109.897,110.1725,109.686,25.068928178202665,1.235191565898234,23.83373661230443
2021-09-08,2021-09-08 05:00:00,2021-09-08 07:00:00,1,4,SL,7.165142940067455,110.3655,110.256,110.256,-9.921578754229996,1.1029164336231017,-11.024495187853098
2021-09-09,2021-09-09 06:00:00,2021-09-09 16:00:00,-1,20,TIME_EXIT,15.940344057114002,110.096,109.7355,110.27350000000001,32.74415055951186,1.235191565898234,31.508958993613625
2021-09-10,2021-09-10 03:30:00,2021-09-10 16:00:00,1,25,TIME_EXIT,8.979197432953708,109.87049999999999,109.9255,109.698,5.005893301660302,1.2765275447342128,3.7293657569260894
2021-09-13,2021-09-13 05:00:00,2021-09-13 16:00:00,1,22,TIME_EXIT,7.962507962507186,110.0195,109.9675,109.89,-4.726434859274265,1.2517259574326256,-5.978160816706891
2021-09-14,2021-09-14 10:00:00,2021-09-14 12:30:00,1,5,SL,11.731165341226014,110.09899999999999,109.96350000000001,109.96350000000001,-12.307105423298948,1.1111836293902975,-13.418289052689245
2021-09-15,2021-09-15 06:00:00,2021-09-15 16:00:00,-1,20,TIME_EXIT,18.0745163012948,109.5025,109.394,109.74449999999999,9.908449578776034,1.235191565898234,8.6732580128778
2021-09-16,2021-09-16 12:30:00,2021-09-16 16:00:00,1,7,TIME_EXIT,22.065050699261956,109.691,109.7005,109.2225,0.8660692308396066,1.127718020924689,-0.26164879008508246
2021-09-17,2021-09-17 07:30:00,2021-09-17 16:00:00,1,17,TIME_EXIT,22.795971495917243,109.947,109.9855,109.6685,3.501687176548618,1.2103899785966465,2.2912971979519714
2021-09-20,2021-09-20 06:00:00,2021-09-20 16:00:00,-1,20,TIME_EXIT,12.880146369435304,109.8475,109.4385,110.00049999999999,37.233437265298875,1.235191565898234,35.99824569940064
2021-09-21,2021-09-21 03:30:00,2021-09-21 11:30:00,1,15,SL,18.281702757793823,109.62700000000001,109.399,109.399,-20.797796163354704,1.1938555870622551,-21.99165175041696
2021-09-22,2021-09-22 04:30:00,2021-09-22 16:00:00,1,23,TIME_EXIT,33.63254383915201,109.51849999999999,109.62049999999999,109.12049999999999,9.313494980300485,1.2599931531998212,8.053501827100664
2021-09-23,2021-09-23 05:00:00,2021-09-23 07:00:00,-1,3,SL,10.791809153458761,109.80199999999999,109.924,109.924,-11.110908726618286,1.0946492378559058,-12.205557964474192
2021-09-24,2021-09-24 03:00:00,2021-09-24 16:00:00,1,25,TIME_EXIT,9.699716713880958,110.4315,110.6985,110.3125,24.177884027654784,1.2765275447342128,22.901356482920573
2021-09-27,2021-09-27 03:00:00,2021-09-27 08:00:00,-1,10,SL,17.62942939413466,110.56700000000001,110.8055,110.8055,-21.57063138187594,1.1525196082262763,-22.72315099010222
2021-09-28,2021-09-28 03:00:00,2021-09-28 16:00:00,1,25,TIME_EXIT,23.03140112948624,111.19800000000001,111.35900000000001,110.93549999999999,14.478677674059007,1.2765275447342128,13.202150129324794
2021-09-29,2021-09-29 07:00:00,2021-09-29 14:00:00,-1,14,SL,24.323911931281497,111.30799999999999,111.684,111.684,-33.78014158910454,1.1855883912950593,-34.965729980399594
2021-09-30,2021-09-30 04:00:00,2021-09-30 13:00:00,1,18,SL,13.417235781082347,111.9705,111.79650000000001,111.79650000000001,-15.539807359973597,1.2186571743638424,-16.75846453433744
2021-10-01,2021-10-01 03:30:00,2021-10-01 16:00:00,-1,25,TIME_EXIT,22.924748389648396,111.15450000000001,110.9615,111.48849999999999,17.363219662722788,1.2765275447342128,16.086692117988576
2021-10-04,2021-10-04 07:00:00,2021-10-04 14:30:00,1,15,SL,19.705188732420304,111.161,110.8845,110.8845,-24.873831649589214,1.1938555870622551,-26.06768723665147
2021-10-05,2021-10-05 03:30:00,2021-10-05 16:00:00,1,25,TIME_EXIT,22.593825256377965,111.1695,111.418,110.87100000000001,22.35325336535714,1.2765275447342128,21.07672582062293
2021-10-06,2021-10-06 04:00:00,2021-10-06 08:30:00,1,9,SL,14.441210370762501,111.751,111.4865,111.4865,-23.66869200275596,1.1442524124590805,-24.812944415215043
2021-10-07,2021-10-07 07:00:00,2021-10-07 09:00:00,-1,4,SL,17.518090797611535,111.2635,111.5085,111.5085,-22.01979984451366,1.1029164336231017,-23.12271627813676
2021-10-08,2021-10-08 04:30:00,2021-10-08 12:30:00,1,16,SL,21.359962384972075,111.9265,111.6575,111.6575,-24.033629212028025,1.202122782829451,-25.235751994857477
2021-10-11,2021-10-11 03:00:00,2021-10-11 16:00:00,1,25,TIME_EXIT,33.78619312508958,112.68,113.3775,112.176,61.90095846645286,1.2765275447342128,60.62443092171865
2021-10-12,2021-10-12 06:00:00,2021-10-12 12:00:00,-1,12,SL,21.148182978140326,113.13650000000001,113.488,113.488,-31.068664842909868,1.169053999760668,-32.23771884267054
2021-10-13,2021-10-13 07:00:00,2021-10-13 13:30:00,1,13,SL,21.085413569655028,113.59549999999999,113.3485,113.3485,-21.743819077338955,1.1773211955278635,-22.92114027286682
2021-10-14,2021-10-14 03:30:00,2021-10-14 16:00:00,1,25,TIME_EXIT,23.482053002349936,113.548,113.568,113.27799999999999,1.7613696410325168,1.2765275447342128,0.484842096298304
2021-10-15,2021-10-15 04:00:00,2021-10-15 16:00:00,1,24,TIME_EXIT,12.037289237607851,113.95400000000001,114.24799999999999,113.813,25.79988416378387,1.268260348967017,24.53162381481685
2021-10-18,2021-10-18 03:30:00,2021-10-18 16:00:00,1,25,TIME_EXIT,28.548624754420896,114.392,114.2595,114.01599999999999,-11.58297783061693,1.2765275447342128,-12.859505375351143
2021-10-19,2021-10-19 06:00:00,2021-10-19 16:00:00,-1,20,TIME_EXIT,23.886536758970202,114.06049999999999,114.28049999999999,114.3535,-19.28800943358997,1.235191565898234,-20.523200999488203
2021-10-20,2021-10-20 06:30:00,2021-10-20 16:00:00,-1,19,TIME_EXIT,22.543875362079085,114.432,114.17949999999999,114.70150000000001,22.065506152126325,1.2269243701310382,20.838581781995288
2021-10-21,2021-10-21 03:30:00,2021-10-21 16:00:00,-1,25,TIME_EXIT,16.0647844167222,114.2125,113.821,114.4085,34.278209477947485,1.2765275447342128,33.00168193321327
2021-10-22,2021-10-22 10:00:00,2021-10-22 16:00:00,-1,12,TIME_EXIT,32.36999297259288,113.8055,113.4975,114.2085,27.06371836158997,1.169053999760668,25.894664361829303
2021-10-25,2021-10-25 12:30:00,2021-10-25 16:00:00,1,7,TIME_EXIT,25.850945299048206,113.88,113.70150000000001,113.5355,-15.674394099050357,1.127718020924689,-16.802112119975046
2021-10-26,2021-10-26 04:00:00,2021-10-26 16:00:00,1,23,TIME_EXIT,19.565513693662165,113.94800000000001,114.191,113.72049999999999,21.325516902446292,1.2599931531998212,20.06552374924647
2021-10-27,2021-10-27 03:30:00,2021-10-27 16:00:00,-1,25,TIME_EXIT,17.233062924795977,113.9915,113.6875,114.22149999999999,26.668655119022212,1.2765275447342128,25.392127574288
2021-10-28,2021-10-28 04:00:00,2021-10-28 16:00:00,-1,24,TIME_EXIT,28.137880015500492,113.531,113.3685,113.8675,14.313271265117768,1.268260348967017,13.045010916150751
2021-10-29,2021-10-29 09:00:00,2021-10-29 16:00:00,1,14,TIME_EXIT,28.04381184189495,113.77850000000001,114.06549999999999,113.394,25.22444925886505,1.1855883912950593,24.03886086756999
2021-11-01,2021-11-01 04:00:00,2021-11-01 17:00:00,1,26,TIME_EXIT,16.61887096915602,114.2595,114.0995,114.027,-14.003211986749161,1.2847947405014086,-15.28800672725057
2021-11-02,2021-11-02 04:30:00,2021-11-02 17:00:00,-1,25,TIME_EXIT,22.920270828028585,113.6505,113.9085,114.134,-22.701175973709734,1.2765275447342128,-23.977703518443946
2021-11-03,2021-11-03 13:00:00,2021-11-03 17:00:00,1,8,TIME_EXIT,16.440283089366353,113.9735,114.0275,113.745,4.737943469315415,1.1359852166918847,3.6019582526235308
2021-11-04,2021-11-04 08:00:00,2021-11-04 17:00:00,-1,18,TIME_EXIT,11.479698022600127,114.1065,113.688,114.24549999999999,36.676262964861294,1.2186571743638424,35.45760579049745
2021-11-05,2021-11-05 07:30:00,2021-11-05 13:00:00,1,11,SL,16.203245052065913,113.762,113.5575,113.5575,-17.97612559554121,1.1607868039934721,-19.13691239953468
2021-11-08,2021-11-08 08:00:00,2021-11-08 17:00:00,-1,18,TIME_EXIT,9.951256456207824,113.531,113.19399999999999,113.66650000000001,29.683522562121137,1.2186571743638424,28.464865387757296
2021-11-09,2021-11-09 05:00:00,2021-11-09 17:00:00,-1,24,TIME_EXIT,39.007610916812894,112.798,112.88,113.2385,-7.2696324402909305,1.268260348967017,-8.537892789257947
2021-11-10,2021-11-10 07:00:00,2021-11-10 17:00:00,1,20,TIME_EXIT,13.389373625593764,113.05850000000001,113.95349999999999,112.77600000000001,79.16255743707741,1.235191565898234,77.92736587117918
2021-11-11,2021-11-11 05:30:00,2021-11-11 17:00:00,-1,23,TIME_EXIT,18.473419776652438,113.945,114.0275,114.158,-7.240335249463358,1.2599931531998212,-8.500328402663179
2021-11-12,2021-11-12 05:00:00,2021-11-12 17:00:00,-1,24,TIME_EXIT,7.660990237710081,114.2115,113.91,114.30250000000001,26.39839245610156,1.268260348967017,25.130132107134543
2021-11-16,2021-11-16 12:30:00,2021-11-16 17:00:00,1,9,TIME_EXIT,15.595566653524099,114.3275,114.6115,114.13499999999999,24.840917539525137,1.1442524124590805,23.696665127066055
2021-11-17,2021-11-17 12:00:00,2021-11-17 17:00:00,-1,10,TIME_EXIT,20.8807400238892,114.69749999999999,114.26050000000001,114.9385,38.10022014429115,1.1525196082262763,36.94770053606487
2021-11-18,2021-11-18 05:00:00,2021-11-18 17:00:00,1,24,TIME_EXIT,28.93447373505068,114.2135,114.1825,113.878,-2.7142150446305995,1.268260348967017,-3.9824753935976167
2021-11-19,2021-11-19 08:00:00,2021-11-19 09:00:00,1,2,SL,13.435918981844418,114.45849999999999,114.24600000000001,114.24600000000001,-18.56568101101948,1.0863820420887103,-19.65206305310819
2021-11-22,2021-11-22 07:00:00,2021-11-22 17:00:00,1,20,TIME_EXIT,14.55527497194136,114.249,114.761,114.048,44.814396624915794,1.235191565898234,43.57920505901756
2021-11-23,2021-11-23 07:00:00,2021-11-23 17:00:00,-1,20,TIME_EXIT,34.0740740740733,114.668,114.9615,115.14099999999999,-25.595632608922674,1.235191565898234,-26.830824174820908
2021-11-24,2021-11-24 04:00:00,2021-11-24 13:30:00,-1,19,SL,20.52138223682979,114.9665,115.238,115.238,-23.615574971839898,1.2269243701310382,-24.842499341970935
2021-11-25,2021-11-25 12:00:00,2021-11-25 17:00:00,-1,10,TIME_EXIT,8.19540623631235,115.2775,115.376,115.40299999999999,-8.544598902648076,1.1525196082262763,-9.697118510874352
2021-11-26,2021-11-26 06:00:00,2021-11-26 17:00:00,-1,22,TIME_EXIT,38.92001326421959,114.5615,113.387,115.03999999999999,102.52135315965616,1.2517259574326256,101.26962720222353
2021-11-29,2021-11-29 05:00:00,2021-11-29 13:30:00,-1,17,SL,28.12220375814802,113.3945,113.7525,113.7525,-31.57119613385165,1.2103899785966465,-32.781586112448295
2021-11-30,2021-11-30 04:30:00,2021-11-30 17:00:00,-1,25,TIME_EXIT,19.05415693056422,113.578,113.1985,113.84,33.41316099948998,1.2765275447342128,32.13663345475577
2021-12-01,2021-12-01 06:00:00,2021-12-01 13:00:00,1,14,SL,29.76611079706078,113.59100000000001,113.216,113.216,-33.01317886100256,1.1855883912950593,-34.198767252297614
2021-12-02,2021-12-02 05:30:00,2021-12-02 12:00:00,1,13,SL,23.529307502791877,113.114,112.838,112.838,-24.400162667752042,1.1773211955278635,-25.577483863279905
2021-12-03,2021-12-03 04:30:00,2021-12-03 16:30:00,1,24,SL,19.60350473493157,113.2125,112.99000000000001,112.99000000000001,-19.653306834492355,1.268260348967017,-20.921567183459373
2021-12-06,2021-12-06 06:30:00,2021-12-06 17:00:00,1,21,TIME_EXIT,9.162940994202206,113.10900000000001,113.38050000000001,112.955,24.003394955308877,1.2434587616654298,22.759936193643448
2021-12-07,2021-12-07 04:00:00,2021-12-07 17:00:00,1,26,TIME_EXIT,11.722554459197628,113.66300000000001,113.6625,113.4565,-0.04398968881840161,1.2847947405014086,-1.3287844293198103
2021-12-08,2021-12-08 07:00:00,2021-12-08 08:30:00,-1,3,SL,12.255820412553469,113.357,113.5545,113.5545,-17.42283229090441,1.0946492378559058,-18.517481528760314
2021-12-09,2021-12-09 04:00:00,2021-12-09 17:00:00,-1,26,TIME_EXIT,15.091450671195098,113.6265,113.5435,113.812,7.304634042234726,1.2847947405014086,6.019839301733318
2021-12-10,2021-12-10 07:00:00,2021-12-10 15:00:00,1,16,SL,21.353003979422603,113.5935,113.333,113.333,-22.93265019565446,1.202122782829451,-24.134772978483912
2021-12-13,2021-12-13 05:00:00,2021-12-13 07:00:00,-1,4,SL,6.475856509116479,113.47,113.572,113.572,-8.98916013043129,1.1029164336231017,-10.092076564054393
2021-12-14,2021-12-14 07:30:00,2021-12-14 13:30:00,1,12,SL,17.405558321840243,113.712,113.4695,113.4695,-21.325805543830626,1.169053999760668,-22.494859543591293
2021-12-15,2021-12-15 06:30:00,2021-12-15 10:30:00,-1,8,SL,8.400774102743407,113.67,113.7755,113.7755,-9.281252749185551,1.1359852166918847,-10.417237965877437
2021-12-16,2021-12-16 06:00:00,2021-12-16 14:00:00,1,16,SL,11.399808833974538,114.18,114.037,114.037,-12.524084778420097,1.202122782829451,-13.726207561249547
2021-12-17,2021-12-17 12:00:00,2021-12-17 17:00:00,-1,10,TIME_EXIT,31.726447519168012,113.37899999999999,113.61250000000001,113.83,-20.59464274689499,1.1525196082262763,-21.74716235512127
2021-12-20,2021-12-20 05:00:00,2021-12-20 17:00:00,-1,24,TIME_EXIT,21.415918284612196,113.4575,113.56049999999999,113.71000000000001,-9.078289227243191,1.268260348967017,-10.346549576210208
2021-12-21,2021-12-21 05:30:00,2021-12-21 17:00:00,1,23,TIME_EXIT,13.561829614103981,113.7295,114.18299999999999,113.554,39.87531818921134,1.2599931531998212,38.61532503601152
2021-12-22,2021-12-22 08:00:00,2021-12-22 17:00:00,1,18,TIME_EXIT,12.01338132839941,114.3055,114.239,114.0395,-5.817742803276367,1.2186571743638424,-7.03639997764021
2021-12-23,2021-12-23 06:00:00,2021-12-23 17:00:00,1,22,TIME_EXIT,6.748052266731944,114.23750000000001,114.4305,114.107,16.894627420941777,1.2517259574326256,15.642901463509151
2021-12-24,2021-12-24 04:00:00,2021-12-24 05:30:00,-1,2,SL,8.834656344988877,114.31200000000001,114.42349999999999,114.42349999999999,-9.754006578485038,1.0863820420887103,-10.840388620573748
2021-12-27,2021-12-27 04:00:00,2021-12-27 21:00:00,1,24,TIME_EXIT,6.996095304308133,114.4395,114.9065,114.3495,40.80758828900849,1.268260348967017,39.539327940041474
2021-12-28,2021-12-28 05:00:00,2021-12-28 17:30:00,-1,20,TIME_EXIT,7.662901975809077,114.8375,114.7525,114.92699999999999,7.401763361272055,1.235191565898234,6.166571795373821
2021-12-29,2021-12-29 05:00:00,2021-12-29 14:00:00,1,17,SL,8.671250664504687,114.8555,114.747,114.747,-9.4466525329659,1.2103899785966465,-10.657042511562546
2021-12-30,2021-12-30 05:00:00,2021-12-30 18:00:00,1,24,TIME_EXIT,6.827125866980222,115.0625,115.17500000000001,114.9825,9.777294948398596,1.268260348967017,8.50903459943158
2021-12-31,2021-12-31 05:30:00,2021-12-31 09:00:00,1,4,SL,6.172544348861597,115.097,115.0255,115.0255,-6.212151489613139,1.1029164336231017,-7.31506792323624
2022-01-03,2022-01-03 06:00:00,2022-01-03 09:00:00,1,5,SL,10.461567846088434,115.3595,115.18350000000001,115.18350000000001,-15.256654198396122,1.1111836293902975,-16.36783782778642
2022-01-04,2022-01-04 08:30:00,2022-01-04 17:00:00,1,17,TIME_EXIT,41.00794583136325,115.844,116.18,115.3435,29.00452332447194,1.2103899785966465,27.794133345875295
2022-01-05,2022-01-05 09:00:00,2022-01-05 17:00:00,-1,16,TIME_EXIT,26.056608413177784,115.8595,115.9865,116.20349999999999,-10.961552570139656,1.202122782829451,-12.163675352969106
2022-01-06,2022-01-06 08:00:00,2022-01-06 17:00:00,-1,18,TIME_EXIT,23.959385603647302,115.75999999999999,115.7815,116.0985,-1.8572909467867298,1.2186571743638424,-3.075948121150572
2022-01-07,2022-01-07 08:30:00,2022-01-07 17:00:00,-1,17,TIME_EXIT,12.561404114615122,115.786,115.62299999999999,115.97649999999999,14.077695058125412,1.2103899785966465,12.867305079528766
2022-01-10,2022-01-10 10:00:00,2022-01-10 17:00:00,-1,14,TIME_EXIT,21.66945644698789,115.59299999999999,115.13,115.851,40.05432854930609,1.1855883912950593,38.868740158011036
2022-01-11,2022-01-11 04:30:00,2022-01-11 09:00:00,-1,9,SL,12.01745785212953,115.2485,115.3875,115.3875,-12.060894501880354,1.1442524124590805,-13.205146914339434
2022-01-12,2022-01-12 07:30:00,2022-01-12 13:30:00,1,12,SL,14.579346793193887,115.40100000000001,115.23150000000001,115.23150000000001,-14.687914316167042,1.169053999760668,-15.856968315927709
2022-01-13,2022-01-13 07:30:00,2022-01-13 17:00:00,-1,19,TIME_EXIT,14.105111465314923,114.4105,114.01599999999999,114.65899999999999,34.481100947903194,1.2269243701310382,33.25417657777216
2022-01-14,2022-01-14 13:30:00,2022-01-14 17:00:00,-1,7,SL,34.187206856801595,113.5745,114.0275,114.0275,-39.8857137825835,1.127718020924689,-41.01343180350819
2022-01-17,2022-01-17 12:30:00,2022-01-17 17:30:00,1,8,TIME_EXIT,20.30030450456751,114.58449999999999,114.6255,114.28399999999999,3.5781453861570305,1.1359852166918847,2.442160169465146
2022-01-19,2022-01-19 04:00:00,2022-01-19 17:00:00,-1,26,TIME_EXIT,26.072032177342592,114.46000000000001,114.298,114.789,14.153416040538714,1.2847947405014086,12.868621300037304
2022-01-20,2022-01-20 05:00:00,2022-01-20 14:00:00,1,18,SL,37.66750859468096,114.4565,114.024,114.024,-37.78728163101305,1.2186571743638424,-39.00593880537689
2022-01-21,2022-01-21 08:00:00,2022-01-21 14:00:00,1,12,SL,24.026085464217953,113.9225,113.6265,113.6265,-25.982575873949965,1.169053999760668,-27.151629873710633
2022-01-24,2022-01-24 05:00:00,2022-01-24 05:30:00,1,1,SL,12.829638221775813,113.95750000000001,113.799,113.799,-13.908694030669647,1.0781148463215144,-14.986808876991162
2022-01-25,2022-01-25 04:00:00,2022-01-25 09:00:00,-1,10,SL,21.933680286938547,113.719,114.0015,114.0015,-24.841934944907965,1.1525196082262763,-25.99445455313424
2022-01-26,2022-01-26 04:30:00,2022-01-26 17:00:00,1,25,TIME_EXIT,10.41501872066758,113.9225,114.3475,113.77799999999999,37.30606333252844,1.2765275447342128,36.029535787794224
2022-01-27,2022-01-27 07:00:00,2022-01-27 17:00:00,1,20,TIME_EXIT,18.956021157364198,114.7295,115.3595,114.47550000000001,54.91177073028257,1.235191565898234,53.676579164384336
2022-01-28,2022-01-28 06:30:00,2022-01-28 13:30:00,1,14,SL,12.485585218454862,115.48349999999999,115.333,115.333,-13.032164768126517,1.1855883912950593,-14.217753159421576
2022-01-31,2022-01-31 08:00:00,2022-01-31 17:00:00,-1,18,TIME_EXIT,17.028393654865255,115.36449999999999,115.15899999999999,115.592,17.813105418044607,1.2186571743638424,16.594448243680766
2022-02-01,2022-02-01 04:30:00,2022-02-01 17:00:00,-1,25,TIME_EXIT,19.178582611417305,114.9245,114.6985,115.1925,19.665084468498804,1.2765275447342128,18.388556923764593
2022-02-02,2022-02-02 07:00:00,2022-02-02 17:00:00,-1,20,TIME_EXIT,13.43230206979532,114.6265,114.304,114.803,28.134855378118576,1.235191565898234,26.899663812220343
2022-02-03,2022-02-03 04:00:00,2022-02-03 17:00:00,1,26,TIME_EXIT,12.68291829576655,114.4965,114.8395,114.327,29.957247601455375,1.2847947405014086,28.672452860953968
2022-02-04,2022-02-04 06:30:00,2022-02-04 12:00:00,1,11,SL,13.412881592126148,114.99,114.815,114.815,-15.218714670840697,1.1607868039934721,-16.379501474834168
2022-02-07,2022-02-07 05:00:00,2022-02-07 07:00:00,1,4,SL,9.328682009095761,115.34899999999999,115.23599999999999,115.23599999999999,-9.796357142237866,1.1029164336231017,-10.899273575860969
2022-02-08,2022-02-08 05:00:00,2022-02-08 10:00:00,1,10,SL,14.663965257680813,115.4315,115.2485,115.2485,-15.853558170862609,1.1525196082262763,-17.006077779088884
2022-02-10,2022-02-10 04:00:00,2022-02-10 17:00:00,1,26,TIME_EXIT,8.745876016383285,115.59450000000001,115.94649999999999,115.483,30.451275795991627,1.2847947405014086,29.16648105549022
2022-02-11,2022-02-11 04:00:00,2022-02-11 08:00:00,1,8,SL,15.048616950176486,116.13300000000001,115.9575,115.9575,-15.111983673892325,1.1359852166918847,-16.24796889058421
2022-02-14,2022-02-14 08:00:00,2022-02-14 15:00:00,-1,14,SL,25.50201674111957,115.1865,115.579,115.579,-34.07517373997806,1.1855883912950593,-35.26076213127312
2022-02-15,2022-02-15 06:30:00,2022-02-15 08:00:00,-1,3,SL,12.531654351821158,115.297,115.45249999999999,115.45249999999999,-13.486907725265127,1.0946492378559058,-14.581556963121033
2022-02-16,2022-02-16 06:30:00,2022-02-16 08:00:00,-1,3,SL,8.604028760804209,115.6405,115.743,115.743,-8.863676653075007,1.0946492378559058,-9.958325890930913
2022-02-17,2022-02-17 08:30:00,2022-02-17 17:00:00,-1,16,TIME_EXIT,36.61508124378424,115.08699999999999,115.04050000000001,115.53800000000001,4.040421594096679,1.202122782829451,2.8382988112672276
2022-02-21,2022-02-21 09:30:00,2022-02-21 17:00:00,-1,15,TIME_EXIT,20.803049953432883,114.86449999999999,114.7915,115.126,6.355314305115444,1.1938555870622551,5.161458718053189
2022-02-22,2022-02-22 08:00:00,2022-02-22 17:00:00,1,18,TIME_EXIT,19.332736913309933,114.8535,114.97749999999999,114.57249999999999,10.796362322436428,1.2186571743638424,9.577705148072585
2022-02-23,2022-02-23 08:30:00,2022-02-23 13:30:00,1,10,SL,9.305156970171259,115.143,114.99000000000001,114.99000000000001,-13.287824704931397,1.1525196082262763,-14.440344313157674
2022-02-24,2022-02-24 04:00:00,2022-02-24 14:00:00,-1,20,SL,40.64420187783137,114.5885,115.1195,115.1195,-46.33972868132543,1.235191565898234,-47.574920247223666
2022-02-25,2022-02-25 14:30:00,2022-02-25 17:00:00,1,5,TIME_EXIT,38.76557894417102,115.62950000000001,115.6825,115.17949999999999,4.58360539481683,1.1111836293902975,3.4724217654265326
2022-02-28,2022-02-28 13:30:00,2022-02-28 17:00:00,-1,7,TIME_EXIT,13.772851889868448,115.326,115.0935,115.6035,20.160241402631453,1.127718020924689,19.032523381706763
2022-03-01,2022-03-01 05:00:00,2022-03-01 17:00:00,-1,24,TIME_EXIT,11.899230024276207,115.06899999999999,114.87549999999999,115.2705,16.815997358106898,1.268260348967017,15.547737009139881
2022-03-02,2022-03-02 06:00:00,2022-03-02 17:00:00,1,22,TIME_EXIT,10.046273745738944,115.089,115.60249999999999,114.96799999999999,44.61764373658589,1.2517259574326256,43.365917779153264
2022-03-03,2022-03-03 04:00:00,2022-03-03 15:00:00,1,22,SL,11.598216990523612,115.68,115.535,115.535,-12.534578146612224,1.2517259574326256,-13.78630410404485
2022-03-04,2022-03-04 14:30:00,2022-03-04 17:00:00,-1,5,TIME_EXIT,20.72502915812194,115.1745,114.8785,115.55850000000001,25.70013327602831,1.1111836293902975,24.588949646638014
2022-03-07,2022-03-07 07:00:00,2022-03-07 17:00:00,1,20,TIME_EXIT,18.54859426909465,115.08099999999999,115.3535,114.8335,23.678973940095062,1.235191565898234,22.44378237419683
2022-03-08,2022-03-08 08:30:00,2022-03-08 17:00:00,1,17,TIME_EXIT,14.173760771191212,115.551,115.61099999999999,115.354,5.192512397122315,1.2103899785966465,3.9821224185256687
2022-03-09,2022-03-09 05:00:00,2022-03-09 11:00:00,-1,12,SL,10.448824507242511,115.7825,115.9235,115.9235,-12.178006175372388,1.169053999760668,-13.347060175133056
2022-03-10,2022-03-10 07:30:00,2022-03-10 17:00:00,-1,19,TIME_EXIT,20.956766965925418,115.923,116.12700000000001,116.196,-17.597888253410257,1.2269243701310382,-18.824812623541295
2022-03-11,2022-03-11 04:00:00,2022-03-11 17:00:00,1,26,TIME_EXIT,21.94029658118516,116.496,117.167,116.2245,57.59854415602309,1.2847947405014086,56.31374941552168
2022-03-14,2022-03-14 09:30:00,2022-03-14 17:00:00,1,15,TIME_EXIT,34.85996424619123,117.916,117.951,117.47,2.9682146612840152,1.1938555870622551,1.77435907422176
2022-03-15,2022-03-15 07:00:00,2022-03-15 17:00:00,-1,20,TIME_EXIT,21.913682090851765,117.9855,118.26050000000001,118.44999999999999,-23.307948858122877,1.235191565898234,-24.54314042402111
2022-03-16,2022-03-16 15:00:00,2022-03-16 17:00:00,1,4,TIME_EXIT,19.077995583718703,118.47749999999999,118.606,118.199,10.845941212466714,1.1029164336231017,9.743024778843612
2022-03-17,2022-03-17 10:00:00,2022-03-17 17:00:00,-1,14,TIME_EXIT,26.855427578879933,118.59299999999999,118.44749999999999,118.9165,12.268852293136899,1.1855883912950593,11.083263901841839
2022-03-18,2022-03-18 06:30:00,2022-03-18 17:00:00,1,21,TIME_EXIT,12.220045087753427,118.858,119.15,118.6575,24.56713052550115,1.2434587616654298,23.32367176383572
2022-03-21,2022-03-21 04:30:00,2022-03-21 11:00:00,1,12,SL,7.26054877997607,119.2475,119.137,119.137,-9.266441644479073,1.169053999760668,-10.43549564423974
2022-03-22,2022-03-22 04:00:00,2022-03-22 17:00:00,1,26,TIME_EXIT,13.477932493500093,120.2755,120.69200000000001,119.8255,34.62883130812289,1.2847947405014086,33.34403656762148
2022-03-23,2022-03-23 12:00:00,2022-03-23 17:00:00,-1,10,TIME_EXIT,32.949201933902586,120.714,121.05799999999999,121.19,-28.497108868896245,1.1525196082262763,-29.64962847712252
2022-03-24,2022-03-24 05:30:00,2022-03-24 17:00:00,1,23,TIME_EXIT,28.978078352425598,121.44149999999999,122.344,120.95349999999999,74.3156169843096,1.2599931531998212,73.05562383110978
2022-03-25,2022-03-25 04:00:00,2022-03-25 13:00:00,-1,18,SL,48.51652195382914,121.265,122.0945,122.0945,-68.40390879478794,1.2186571743638424,-69.62256596915178
2022-03-28,2022-03-28 05:30:00,2022-03-28 16:00:00,1,21,TIME_EXIT,79.2104336720075,123.235,123.265,122.143,2.4343733517264687,1.2434587616654298,1.190914590061039
2022-03-29,2022-03-29 03:30:00,2022-03-29 16:00:00,-1,25,TIME_EXIT,85.67986077022486,123.18,122.665,124.3055,41.80873518428321,1.2765275447342128,40.53220763954899
2022-03-30,2022-03-30 03:00:00,2022-03-30 16:00:00,-1,26,TIME_EXIT,110.19283746556464,121.538,121.937,123.1285,-32.829238592045364,1.2847947405014086,-34.114033332546775
2022-03-31,2022-03-31 06:00:00,2022-03-31 16:00:00,-1,20,TIME_EXIT,45.28134728414393,121.80199999999999,121.6515,122.4565,12.356118947143221,1.235191565898234,11.120927381244988
2022-04-01,2022-04-01 12:30:00,2022-04-01 16:00:00,1,7,TIME_EXIT,77.82596553480239,122.7995,122.618,121.746,-14.780190473088227,1.127718020924689,-15.907908494012917
2022-04-04,2022-04-04 03:30:00,2022-04-04 16:00:00,1,25,TIME_EXIT,35.94636262886876,122.734,122.777,122.2655,3.5035116593614135,1.2765275447342128,2.226984114627201
2022-04-05,2022-04-05 07:30:00,2022-04-05 16:00:00,1,17,TIME_EXIT,39.87742594484164,122.90700000000001,123.51750000000001,122.375,49.671702994947545,1.2103899785966465,48.4613130163509
2022-04-07,2022-04-07 06:30:00,2022-04-07 16:00:00,1,19,TIME_EXIT,22.150860724945655,123.846,123.8735,123.47149999999999,2.2204996527948753,1.2269243701310382,0.9935752826638371
2022-04-08,2022-04-08 11:30:00,2022-04-08 16:00:00,1,9,TIME_EXIT,39.622374512301874,124.1745,124.301,123.66749999999999,10.187276775828142,1.1442524124590805,9.043024363369062
2022-04-11,2022-04-11 05:30:00,2022-04-11 16:00:00,1,21,TIME_EXIT,57.16607529347367,124.99950000000001,125.516,124.287,41.3201652806606,1.2434587616654298,40.076706518995174
2022-04-12,2022-04-12 06:00:00,2022-04-12 12:30:00,1,13,SL,36.60851667565767,125.6785,125.1075,125.1075,-45.43338757225762,1.1773211955278635,-46.61070876778549
2022-04-13,2022-04-13 06:00:00,2022-04-13 16:00:00,1,20,TIME_EXIT,24.09254088552108,126.142,125.4825,125.35,-52.282348464428516,1.235191565898234,-53.51754003032675
2022-04-14,2022-04-14 03:00:00,2022-04-14 13:00:00,-1,20,SL,30.588244689985327,125.144,125.59450000000001,125.59450000000001,-35.99852969379317,1.235191565898234,-37.2337212596914
2022-04-15,2022-04-15 06:00:00,2022-04-15 16:00:00,1,20,TIME_EXIT,39.58401091535013,126.5675,126.366,126.061,-15.920358701878113,1.235191565898234,-17.15555026777635
2022-04-19,2022-04-19 03:00:00,2022-04-19 16:00:00,1,26,TIME_EXIT,64.53314854042516,127.869,128.769,126.989,70.38453417169178,1.2847947405014086,69.09973943119037
2022-04-20,2022-04-20 03:00:00,2022-04-20 16:00:00,-1,26,TIME_EXIT,66.78439182250928,128.156,127.7795,129.4065,29.378257748369734,1.2847947405014086,28.093463007868326
2022-04-21,2022-04-21 07:00:00,2022-04-21 15:30:00,-1,17,SL,50.95183020224335,127.94999999999999,128.61599999999999,128.61599999999999,-52.05158264947221,1.2103899785966465,-53.261972628068854
2022-04-22,2022-04-22 04:00:00,2022-04-22 15:00:00,-1,22,SL,24.654236984472828,128.2815,128.692,128.692,-31.99993763715058,1.2517259574326256,-33.251663594583206
2022-04-25,2022-04-25 06:30:00,2022-04-25 16:00:00,-1,19,TIME_EXIT,48.97029811058977,128.0925,127.7375,128.869,27.71434705388715,1.2269243701310382,26.48742268375611
2022-04-26,2022-04-26 03:00:00,2022-04-26 12:30:00,1,19,SL,37.77051857901253,127.9745,127.348,127.348,-48.9550652669092,1.2269243701310382,-50.18198963704024
2022-04-27,2022-04-27 06:00:00,2022-04-27 16:00:00,1,20,TIME_EXIT,42.67274406176988,127.982,128.373,127.2475,30.551171258457526,1.235191565898234,29.315979692559292
2022-04-28,2022-04-28 03:00:00,2022-04-28 16:00:00,1,26,TIME_EXIT,42.18801128130121,129.74650000000003,131.0045,128.35399999999998,96.958299453163,1.2847947405014086,95.67350471266158
2022-04-29,2022-04-29 06:00:00,2022-04-29 16:00:00,-1,20,TIME_EXIT,34.78574359800127,130.2435,129.8175,130.82299999999998,32.70796623248117,1.235191565898234,31.472774666582936
2022-05-02,2022-05-02 03:00:00,2022-05-02 16:00:00,1,26,TIME_EXIT,48.41316683833071,130.349,130.118,129.6135,-17.72165494173293,1.2847947405014086,-19.006449682234337
2022-05-03,2022-05-03 04:30:00,2022-05-03 12:00:00,1,15,SL,19.175086249385757,130.13400000000001,129.856,129.856,-21.362595478508304,1.1938555870622551,-22.55645106557056
2022-05-04,2022-05-04 08:00:00,2022-05-04 16:00:00,-1,16,TIME_EXIT,9.955871273273585,130.0565,130.0235,130.2035,2.53735876330572,1.202122782829451,1.3352359804762692
2022-05-05,2022-05-05 05:00:00,2022-05-05 16:00:00,1,22,TIME_EXIT,42.75562114092653,129.3485,130.4645,128.755,86.278542078183,1.2517259574326256,85.02681612075037
2022-05-09,2022-05-09 03:00:00,2022-05-09 12:30:00,1,19,SL,21.69496194772575,130.9805,130.6755,130.6755,-23.28590897118325,1.2269243701310382,-24.512833341314288
2022-05-11,2022-05-11 06:30:00,2022-05-11 12:30:00,-1,12,SL,18.46746884334716,130.228,130.4695,130.4695,-18.544399053967044,1.169053999760668,-19.71345305372771
2022-05-12,2022-05-12 06:00:00,2022-05-12 16:00:00,-1,20,TIME_EXIT,31.001945825742588,129.321,128.2665,129.9095,81.54128099844498,1.235191565898234,80.30608943254674
2022-05-17,2022-05-17 04:00:00,2022-05-17 16:00:00,1,24,TIME_EXIT,40.906779891252796,129.36399999999998,129.245,128.8295,-9.198849757271836,1.268260348967017,-10.467110106238852
2022-05-18,2022-05-18 04:00:00,2022-05-18 16:00:00,-1,24,TIME_EXIT,29.321764728669557,129.01999999999998,128.31099999999998,129.4635,54.95272050844856,1.268260348967017,53.68446015948154
2022-05-19,2022-05-19 03:00:00,2022-05-19 08:00:00,1,10,SL,64.26946262285105,128.8085,127.899,127.899,-70.60869430200712,1.1525196082262763,-71.7612139102334
2022-05-20,2022-05-20 03:30:00,2022-05-20 09:00:00,-1,11,SL,42.84533773013903,127.61449999999999,128.21550000000002,128.21550000000002,-47.09496177942378,1.1607868039934721,-48.25574858341725
2022-05-24,2022-05-24 05:00:00,2022-05-24 16:00:00,-1,22,TIME_EXIT,35.84594470713916,127.581,126.6065,128.087,76.38284697564733,1.2517259574326256,75.1311210182147
2022-05-25,2022-05-25 03:30:00,2022-05-25 16:00:00,1,25,TIME_EXIT,32.450613482400975,127.0835,127.4045,126.654,25.25898326690703,1.2765275447342128,23.98245572217282
2022-05-26,2022-05-26 07:00:00,2022-05-26 16:00:00,-1,18,TIME_EXIT,35.672427219596266,126.9045,127.3615,127.5825,-36.011331355468705,1.2186571743638424,-37.229988529832546
2022-05-30,2022-05-30 07:30:00,2022-05-30 16:00:00,1,17,TIME_EXIT,36.33912841270518,127.3635,127.566,126.8605,15.899374624598144,1.2103899785966465,14.688984646001497
2022-05-31,2022-05-31 12:00:00,2022-05-31 16:00:00,1,8,TIME_EXIT,46.340146065393846,128.404,128.5945,127.751,14.83598641786972,1.1359852166918847,13.700001201177834
2022-06-01,2022-06-01 04:30:00,2022-06-01 16:00:00,1,23,TIME_EXIT,34.95444270966972,129.2275,130.0095,128.739,60.513435607746864,1.2599931531998212,59.25344245454704
2022-06-02,2022-06-02 06:30:00,2022-06-02 16:00:00,-1,19,TIME_EXIT,25.560482877559938,129.849,129.731,130.22000000000003,9.087478532756895,1.2269243701310382,7.860554162625857
2022-06-03,2022-06-03 09:30:00,2022-06-03 16:00:00,1,13,TIME_EXIT,27.45081407856597,130.087,130.8435,129.6865,58.15338965461705,1.1773211955278635,56.976068459089184
2022-06-06,2022-06-06 03:30:00,2022-06-06 12:30:00,-1,18,SL,23.90227646200433,130.495,130.8435,130.8435,-26.706004061458398,1.2186571743638424,-27.92466123582224
2022-06-07,2022-06-07 04:30:00,2022-06-07 16:00:00,1,23,TIME_EXIT,50.22919197998396,132.946,132.60899999999998,132.09449999999998,-25.348637792789365,1.2599931531998212,-26.608630945989187
2022-06-08,2022-06-08 04:30:00,2022-06-08 16:00:00,1,23,TIME_EXIT,37.29642368737343,133.2525,133.9605,132.72050000000002,53.13221140316305,1.2599931531998212,51.872218249963225
2022-06-09,2022-06-09 03:30:00,2022-06-09 16:00:00,-1,25,TIME_EXIT,32.43291605466641,133.9485,134.1235,134.558,-13.064722635939287,1.2765275447342128,-14.3412501806735
2022-06-10,2022-06-10 05:00:00,2022-06-10 16:00:00,-1,22,TIME_EXIT,35.65628091922206,133.852,134.2155,134.39499999999998,-27.156859815317492,1.2517259574326256,-28.40858577275012
2022-06-13,2022-06-13 04:00:00,2022-06-13 06:00:00,1,4,SL,24.541471745746804,135.04649999999998,134.67000000000002,134.67000000000002,-27.879286023700327,1.1029164336231017,-28.982202457323428
2022-06-14,2022-06-14 03:00:00,2022-06-14 16:00:00,1,26,TIME_EXIT,43.10038954685033,134.68,134.89100000000002,133.87349999999998,15.666765666766613,1.2847947405014086,14.381970926265204
2022-06-15,2022-06-15 05:30:00,2022-06-15 16:00:00,-1,21,TIME_EXIT,32.54998350256837,134.84,134.4885,135.30849999999998,26.067932364284758,1.2434587616654298,24.824473602619328
2022-06-16,2022-06-16 08:00:00,2022-06-16 16:00:00,-1,16,TIME_EXIT,54.57341654970545,133.61900000000003,131.9325,134.679,126.21707990630249,1.202122782829451,125.01495712347304
2022-06-17,2022-06-17 09:00:00,2022-06-17 16:00:00,1,14,TIME_EXIT,186.41458330969098,134.8505,135.039,132.17849999999999,13.978442794055368,1.1855883912950593,12.792854402760309
2022-06-20,2022-06-20 07:30:00,2022-06-20 16:00:00,-1,17,TIME_EXIT,57.80969212718936,134.66000000000003,135.06099999999998,135.4445,-29.77870191593298,1.2103899785966465,-30.98909189452963
2022-06-21,2022-06-21 07:30:00,2022-06-21 16:00:00,1,17,TIME_EXIT,21.716089917953674,135.2285,136.3275,134.923,81.26985066017811,1.2103899785966465,80.05946068158146
2022-06-22,2022-06-22 09:30:00,2022-06-22 16:00:00,-1,13,TIME_EXIT,31.89405881293822,135.98149999999998,136.1465,136.5095,-12.134003522539498,1.1773211955278635,-13.311324718067361
2022-06-23,2022-06-23 12:30:00,2022-06-23 16:00:00,-1,7,TIME_EXIT,79.40736793807316,134.95600000000002,134.7955,136.199,11.892765049350393,1.127718020924689,10.765047028425704
2022-06-24,2022-06-24 03:00:00,2022-06-24 11:30:00,-1,17,SL,42.62761363341087,134.623,135.2285,135.2285,-44.97745556108588,1.2103899785966465,-46.18784553968253
2022-06-27,2022-06-27 06:30:00,2022-06-27 16:00:00,1,19,TIME_EXIT,43.45014198421223,135.14749999999998,135.2965,134.522,11.024991213306155,1.2269243701310382,9.798066843175118
2022-06-28,2022-06-28 06:30:00,2022-06-28 16:00:00,1,19,TIME_EXIT,35.63723295204414,135.5965,136.122,135.1115,38.75468762099481,1.2269243701310382,37.52776325086377
2022-06-29,2022-06-29 04:00:00,2022-06-29 06:00:00,1,4,SL,22.33333701263205,136.24099999999999,135.8955,135.8955,-25.35947328630787,1.1029164336231017,-26.46238971993097
2022-06-30,2022-06-30 05:00:00,2022-06-30 16:00:00,-1,22,TIME_EXIT,24.252815451462666,136.3395,135.647,136.81,50.79232357460571,1.2517259574326256,49.540597617173084
2022-07-01,2022-07-01 03:00:00,2022-07-01 16:00:00,-1,26,TIME_EXIT,55.97870295052909,135.12099999999998,135.36700000000002,135.98700000000002,-18.205904337596508,1.2847947405014086,-19.490699078097915
2022-07-04,2022-07-04 03:30:00,2022-07-04 16:00:00,1,25,TIME_EXIT,26.22714862298172,135.174,135.70850000000002,134.784,39.54162782783733,1.2765275447342128,38.265100283103116
2022-07-05,2022-07-05 08:00:00,2022-07-05 16:00:00,-1,16,TIME_EXIT,42.160534057978346,135.7695,135.8655,136.363,-7.070807508313991,1.202122782829451,-8.272930291143442
2022-07-06,2022-07-06 13:00:00,2022-07-06 14:00:00,-1,2,SL,46.619356652877855,135.131,135.767,135.767,-47.06544020246987,1.0863820420887103,-48.15182224455858
2022-07-07,2022-07-07 07:30:00,2022-07-07 16:00:00,1,17,TIME_EXIT,37.99322023895053,136.1325,135.965,135.5505,-12.304188933574993,1.2103899785966465,-13.51457891217164
2022-07-08,2022-07-08 12:30:00,2022-07-08 16:00:00,1,7,TIME_EXIT,54.387960063803874,136.426,136.1255,135.416,-22.02659317138959,1.127718020924689,-23.154311192314278
2022-07-11,2022-07-11 11:30:00,2022-07-11 16:00:00,1,9,TIME_EXIT,76.9654261175945,137.34699999999998,137.375,136.23000000000002,2.0386320778772027,1.1442524124590805,0.8943796654181222
2022-07-12,2022-07-12 09:30:00,2022-07-12 16:00:00,-1,13,TIME_EXIT,30.431070341745528,136.897,136.72500000000002,137.44799999999998,12.564190595847142,1.1773211955278635,11.386869400319279
2022-07-13,2022-07-13 12:30:00,2022-07-13 16:00:00,1,7,TIME_EXIT,41.11357808836372,137.587,137.2275,136.6945,-26.128922063857566,1.127718020924689,-27.256640084782255
2022-07-14,2022-07-14 04:30:00,2022-07-14 16:00:00,1,23,TIME_EXIT,38.846876442222694,138.239,139.0865,137.5915,61.306867092498976,1.2599931531998212,60.046873939299154
2022-07-15,2022-07-15 06:30:00,2022-07-15 16:00:00,-1,19,TIME_EXIT,22.447780984603288,138.6765,138.613,139.078,4.579002210180151,1.2269243701310382,3.3520778400491125
2022-07-18,2022-07-18 08:00:00,2022-07-18 12:00:00,-1,8,SL,22.096805743721017,137.973,138.334,138.334,-26.164539438874993,1.1359852166918847,-27.30052465556688
2022-07-19,2022-07-19 03:00:00,2022-07-19 16:00:00,-1,26,TIME_EXIT,17.299597911017518,138.07299999999998,137.938,138.39249999999998,9.777436573406163,1.2847947405014086,8.492641832904754
2022-07-21,2022-07-21 04:00:00,2022-07-21 07:00:00,-1,6,SL,25.034549124876357,138.15949999999998,138.555,138.555,-28.626334055930055,1.1194508251574933,-29.74578488108755
2022-07-22,2022-07-22 03:00:00,2022-07-22 11:30:00,1,17,SL,41.01142044003027,137.6985,137.03500000000003,137.03500000000003,-48.18498385966229,1.2103899785966465,-49.395373838258934
2022-07-25,2022-07-25 11:30:00,2022-07-25 16:00:00,1,9,TIME_EXIT,52.8732587147035,136.615,136.68099999999998,135.89100000000002,4.831094682134032,1.1442524124590805,3.6868422696749517
2022-07-26,2022-07-26 04:30:00,2022-07-26 16:00:00,1,23,TIME_EXIT,19.078718056905277,136.5505,136.6245,136.2775,5.419240500768015,1.2599931531998212,4.1592473475681935
2022-07-27,2022-07-27 08:00:00,2022-07-27 14:00:00,-1,12,SL,24.962994097329823,136.7945,137.144,137.144,-25.549272814331434,1.169053999760668,-26.7183268140921
2022-07-28,2022-07-28 12:30:00,2022-07-28 16:00:00,-1,7,TIME_EXIT,97.44309034858134,134.7135,134.6005,136.421,8.388171935255155,1.127718020924689,7.260453914330466
2022-07-29,2022-07-29 03:00:00,2022-07-29 16:00:00,-1,26,TIME_EXIT,32.777359783669255,133.6975,133.422,134.679,20.606219263635733,1.2847947405014086,19.321424523134326
2022-08-01,2022-08-01 09:30:00,2022-08-01 16:00:00,-1,13,TIME_EXIT,102.18491721847867,132.0215,131.885,133.414,10.339225050466196,1.1773211955278635,9.161903854938332
2022-08-02,2022-08-02 14:30:00,2022-08-02 16:00:00,1,3,TIME_EXIT,86.8121460315273,131.7255,132.15699999999998,130.3965,32.757514680147075,1.0946492378559058,31.66286544229117
2022-08-03,2022-08-03 03:30:00,2022-08-03 14:00:00,-1,21,SL,65.43489209444218,132.60750000000002,133.9035,133.9035,-97.732028731406,1.2434587616654298,-98.97548749307143
2022-08-04,2022-08-04 05:30:00,2022-08-04 12:00:00,1,13,SL,40.69763084325839,134.067,133.423,133.423,-48.035683650712365,1.1773211955278635,-49.21300484624023
2022-08-05,2022-08-05 12:30:00,2022-08-05 16:00:00,1,7,TIME_EXIT,59.8174549294717,134.678,135.27249999999998,132.57,44.14232465584448,1.127718020924689,43.014606634919794
2022-08-08,2022-08-08 07:30:00,2022-08-08 16:00:00,-1,17,TIME_EXIT,40.80484029829654,134.99450000000002,134.686,135.584,22.852782891155513,1.2103899785966465,21.64239291255887
2022-08-09,2022-08-09 06:00:00,2022-08-09 16:00:00,1,20,TIME_EXIT,27.326259198480976,135.101,134.964,134.66899999999998,-10.140561505836407,1.235191565898234,-11.375753071734641
2022-08-10,2022-08-10 03:30:00,2022-08-10 16:00:00,-1,25,TIME_EXIT,24.337479718766243,134.95049999999998,132.562,135.3055,176.99082256086234,1.2765275447342128,175.71429501612812
2022-08-11,2022-08-11 07:00:00,2022-08-11 16:00:00,-1,18,TIME_EXIT,53.126307891273626,132.5915,132.64749999999998,133.313,-4.223498489720923,1.2186571743638424,-5.4421556640847655
2022-08-12,2022-08-12 10:00:00,2022-08-12 16:00:00,1,12,TIME_EXIT,44.54376500154131,133.5115,133.56900000000002,132.90300000000002,4.306745111844638,1.169053999760668,3.13769111208397
2022-08-15,2022-08-15 07:00:00,2022-08-15 12:00:00,1,10,SL,36.225887026391305,133.4065,132.916,132.916,-36.76732393099267,1.1525196082262763,-37.919843539218945
2022-08-16,2022-08-16 07:00:00,2022-08-16 16:00:00,1,18,TIME_EXIT,40.5031872285214,133.7235,134.3945,132.9525,50.178166141328354,1.2186571743638424,48.95950896696451
2022-08-17,2022-08-17 06:00:00,2022-08-17 16:00:00,1,20,TIME_EXIT,39.206314830444576,134.497,135.4625,133.90699999999998,71.78598779154862,1.235191565898234,70.55079622565039
2022-08-18,2022-08-18 03:30:00,2022-08-18 12:00:00,1,17,SL,22.080789712946522,135.07049999999998,134.73250000000002,134.73250000000002,-25.0239689643531,1.2103899785966465,-26.234358942949747
2022-08-19,2022-08-19 06:30:00,2022-08-19 16:00:00,1,19,TIME_EXIT,41.75042523581102,136.4905,136.901,135.80700000000002,30.075353229712924,1.2269243701310382,28.848428859581887
2022-08-22,2022-08-22 07:00:00,2022-08-22 15:00:00,-1,16,SL,35.59693318729547,136.88299999999998,137.4375,137.4375,-40.5090478730024,1.202122782829451,-41.71117065583185
2022-08-23,2022-08-23 13:30:00,2022-08-23 16:00:00,-1,5,TIME_EXIT,45.92175429125898,136.80700000000002,136.39499999999998,137.71050000000002,30.11541807071528,1.1111836293902975,29.004234441324982
2022-08-24,2022-08-24 04:00:00,2022-08-24 13:00:00,-1,18,SL,28.612722050457887,136.5515,137.0435,137.0435,-36.0303621710483,1.2186571743638424,-37.249019345412144
2022-08-25,2022-08-25 07:00:00,2022-08-25 16:00:00,-1,18,TIME_EXIT,45.1367280448095,136.474,136.7465,137.2015,-19.967173234462827,1.2186571743638424,-21.185830408826668
2022-08-26,2022-08-26 04:30:00,2022-08-26 13:00:00,1,17,SL,21.869093146952864,136.837,136.494,136.494,-25.066319781929547,1.2103899785966465,-26.276709760526195
2022-08-29,2022-08-29 04:00:00,2022-08-29 16:00:00,1,24,TIME_EXIT,41.31453359114253,138.674,138.7655,138.087,6.598208748575534,1.268260348967017,5.329948399608517
2022-08-30,2022-08-30 08:00:00,2022-08-30 14:00:00,-1,12,SL,21.751619628489287,138.17950000000002,138.6815,138.6815,-36.3295568445378,1.169053999760668,-37.49861084429847
2022-08-31,2022-08-31 06:30:00,2022-08-31 09:30:00,-1,6,SL,26.946875643419176,138.3165,138.7935,138.7935,-34.486124215115616,1.1194508251574933,-35.60557504027311
2022-09-01,2022-09-01 07:00:00,2022-09-01 12:30:00,-1,11,SL,28.430098572034765,139.19299999999998,139.685,139.685,-35.34660507353234,1.1607868039934721,-36.50739187752581
2022-09-02,2022-09-02 04:30:00,2022-09-02 16:00:00,1,23,TIME_EXIT,23.807566230430783,140.343,140.1695,139.87150000000003,-12.362568849175947,1.2599931531998212,-13.622562002375767
2022-09-05,2022-09-05 07:30:00,2022-09-05 16:30:00,1,17,TIME_EXIT,31.1874422372181,140.57,140.53,140.1205,-2.8455573735499784,1.2103899785966465,-4.0559473521466245
2022-09-06,2022-09-06 03:30:00,2022-09-06 16:00:00,1,25,TIME_EXIT,22.566684016512585,140.59750000000003,142.918,140.251,165.04560891907616,1.2765275447342128,163.76908137434194
2022-09-07,2022-09-07 03:00:00,2022-09-07 16:00:00,1,26,TIME_EXIT,56.60093541966382,143.9345,144.3005,142.9305,25.42823298097297,1.2847947405014086,24.143438240471564
2022-09-08,2022-09-08 04:00:00,2022-09-08 16:00:00,-1,24,TIME_EXIT,43.94558390306217,143.844,144.166,144.5605,-22.385361919857814,1.268260348967017,-23.653622268824833
2022-09-09,2022-09-09 03:00:00,2022-09-09 16:00:00,-1,26,TIME_EXIT,31.1116220896011,143.19549999999998,142.6375,143.962,38.967704990728954,1.2847947405014086,37.68291025022754
2022-09-12,2022-09-12 04:00:00,2022-09-12 12:00:00,1,16,SL,44.15763256071931,143.188,142.33100000000002,142.33100000000002,-59.85138419420419,1.202122782829451,-61.05350697703364
2022-09-13,2022-09-13 06:00:00,2022-09-13 12:30:00,-1,13,SL,29.616357504216477,142.212,142.7415,142.7415,-37.233144882289324,1.1773211955278635,-38.41046607781719
2022-09-14,2022-09-14 04:30:00,2022-09-14 16:00:00,-1,23,TIME_EXIT,54.13922108931095,143.8675,142.88299999999998,144.853,68.43102159973763,1.2599931531998212,67.17102844653782
2022-09-15,2022-09-15 03:00:00,2022-09-15 16:00:00,1,26,TIME_EXIT,37.121524886467455,143.44299999999998,143.5285,142.909,5.96055576082657,1.2847947405014086,4.675761020325162
2022-09-16,2022-09-16 05:30:00,2022-09-16 16:00:00,1,21,TIME_EXIT,46.769049811138906,143.543,143.017,142.8295,-36.644071811234994,1.2434587616654298,-37.887530572900424
2022-09-19,2022-09-19 04:30:00,2022-09-19 16:00:00,1,23,TIME_EXIT,37.21510470690518,143.22750000000002,143.216,142.684,-0.802918433960816,1.2599931531998212,-2.062911587160637
2022-09-20,2022-09-20 04:00:00,2022-09-20 16:00:00,1,24,TIME_EXIT,25.606313425473065,143.3425,143.66449999999998,142.9335,22.463679648392787,1.268260348967017,21.19541929942577
2022-09-21,2022-09-21 04:00:00,2022-09-21 06:30:00,1,5,SL,25.19514914970575,143.85750000000002,143.48000000000002,143.48000000000002,-26.241245677145628,1.1111836293902975,-27.352429306535925
2022-09-22,2022-09-22 06:30:00,2022-09-22 08:00:00,1,3,SL,130.19318201612924,145.65800000000002,143.5175,143.5175,-146.95382333960393,1.0946492378559058,-148.04847257745985
2022-09-23,2022-09-23 08:30:00,2022-09-23 16:00:00,1,15,TIME_EXIT,48.21342287087041,142.8735,143.2105,141.76549999999997,23.587299254234626,1.1938555870622551,22.39344366717237
2022-09-26,2022-09-26 03:00:00,2022-09-26 16:00:00,1,26,TIME_EXIT,46.157171443909114,144.09300000000002,144.571,143.423,33.173020202229125,1.2847947405014086,31.888225461727718
2022-09-27,2022-09-27 07:00:00,2022-09-27 12:30:00,-1,11,SL,25.265127885216675,144.14999999999998,144.6345,144.6345,-33.610822060355574,1.1607868039934721,-34.77160886434905
2022-09-28,2022-09-28 13:00:00,2022-09-28 16:00:00,-1,6,TIME_EXIT,31.961715197916835,144.38150000000002,144.30599999999998,144.853,5.229201802172276,1.1194508251574933,4.109750977014783
2022-09-29,2022-09-29 04:00:00,2022-09-29 16:00:00,1,24,TIME_EXIT,17.6829754553363,144.4765,144.426,144.2065,-3.4953781410817366,1.268260348967017,-4.763638490048754
2022-09-30,2022-09-30 07:30:00,2022-09-30 15:00:00,-1,15,SL,26.38622929702516,144.31799999999998,144.7745,144.7745,-31.63153591374642,1.1938555870622551,-32.82539150080867
2022-10-03,2022-10-03 04:00:00,2022-10-03 14:00:00,1,20,SL,25.224913494811137,144.94400000000002,144.5,144.5,-30.632520145712604,1.235191565898234,-31.867711711610838
2022-10-04,2022-10-04 15:00:00,2022-10-04 16:00:00,-1,2,TIME_EXIT,34.96963527709077,144.3945,144.095,144.916,20.741787256439462,1.0863820420887103,19.65540521435075
2022-10-05,2022-10-05 07:00:00,2022-10-05 16:00:00,1,18,TIME_EXIT,56.74929977843802,144.402,144.7005,143.526,20.67145884406161,1.2186571743638424,19.45280166969777
2022-10-06,2022-10-06 09:00:00,2022-10-06 16:00:00,1,14,TIME_EXIT,21.920331886983245,144.713,145.006,144.3865,20.246971592048148,1.1855883912950593,19.061383200753088
2022-10-07,2022-10-07 08:00:00,2022-10-07 12:30:00,-1,9,SL,17.74243098919265,144.84199999999998,145.10750000000002,145.10750000000002,-18.330318554012745,1.1442524124590805,-19.474570966471827
2022-10-10,2022-10-10 07:00:00,2022-10-10 14:30:00,-1,15,SL,22.739939039074212,145.3015,145.6695,145.6695,-25.32664838284498,1.1938555870622551,-26.520503969907235
2022-10-11,2022-10-11 04:00:00,2022-10-11 07:00:00,1,6,SL,15.767723230079811,145.786,145.5505,145.5505,-16.153814495219144,1.1194508251574933,-17.273265320376638
2022-10-12,2022-10-12 10:00:00,2022-10-12 16:00:00,1,12,TIME_EXIT,39.364543793055816,146.45,146.889,145.8165,29.976101058383165,1.169053999760668,28.807047058622498
2022-10-13,2022-10-13 05:30:00,2022-10-13 11:30:00,1,12,SL,12.064658389539936,146.8975,146.7095,146.7095,-12.798039449276985,1.169053999760668,-13.967093449037652
2022-10-14,2022-10-14 04:00:00,2022-10-14 16:00:00,1,24,TIME_EXIT,24.61053153989341,147.45999999999998,148.6575,147.0915,81.20846331208597,1.268260348967017,79.94020296311895
2022-10-17,2022-10-17 04:00:00,2022-10-17 16:00:00,1,24,TIME_EXIT,17.112501221117814,148.747,148.74099999999999,148.42950000000002,-0.40336947972252535,1.268260348967017,-1.6716298286895424
2022-10-18,2022-10-18 07:00:00,2022-10-18 09:00:00,1,4,SL,20.21193950543153,149.02499999999998,148.6745,148.6745,-23.519543700720185,1.1029164336231017,-24.622460134343285
2022-10-19,2022-10-19 04:30:00,2022-10-19 16:00:00,1,23,TIME_EXIT,10.999255538191377,149.297,149.8055,149.101,34.0596261143893,1.2599931531998212,32.79963296118948
2022-10-20,2022-10-20 07:00:00,2022-10-20 07:30:00,1,1,SL,10.413537598878936,149.98000000000002,149.805,149.805,-11.668222429658044,1.0781148463215144,-12.74633727597956
2022-10-21,2022-10-21 03:30:00,2022-10-21 14:30:00,1,22,SL,9.890867432403036,150.36149999999998,150.1385,150.1385,-14.830924139489483,1.2517259574326256,-16.08265009692211
2022-10-24,2022-10-24 06:30:00,2022-10-24 16:00:00,1,19,TIME_EXIT,112.70032975532979,149.1385,148.7735,147.382,-24.47389507068803,1.2269243701310382,-25.700819440819068
2022-10-25,2022-10-25 13:00:00,2022-10-25 16:00:00,-1,6,TIME_EXIT,38.520853115677234,148.1735,148.022,149.063,10.22450033238053,1.1194508251574933,9.105049507223036
2022-10-26,2022-10-26 06:30:00,2022-10-26 16:00:00,-1,19,TIME_EXIT,35.703780340605384,147.78300000000002,146.3275,148.4115,98.48900076463659,1.2269243701310382,97.26207639450554
2022-10-27,2022-10-27 04:30:00,2022-10-27 09:30:00,-1,10,SL,32.86092188763563,145.821,146.3975,146.3975,-39.53477208358262,1.1525196082262763,-40.687291691808895
2022-10-28,2022-10-28 07:00:00,2022-10-28 16:00:00,1,18,TIME_EXIT,60.14481336612397,146.959,147.7345,145.981,52.769820153920065,1.2186571743638424,51.551162979556224
2022-10-31,2022-10-31 05:00:00,2022-10-31 08:30:00,-1,7,SL,27.051885516422807,147.824,148.264,148.264,-29.765126095897667,1.127718020924689,-30.892844116822356
2022-11-01,2022-11-01 05:30:00,2022-11-01 17:00:00,-1,23,TIME_EXIT,41.045582199179364,148.108,148.2745,148.736,-11.241796526857767,1.2599931531998212,-12.501789680057588
2022-11-02,2022-11-02 04:00:00,2022-11-02 08:00:00,1,8,SL,22.559788535959562,147.5705,147.16449999999998,147.16449999999998,-27.512273794561537,1.1359852166918847,-28.648259011253423
2022-11-03,2022-11-03 06:00:00,2022-11-03 17:00:00,1,22,TIME_EXIT,28.855369681810796,147.6105,148.2655,147.113,44.373537112874835,1.2517259574326256,43.12181115544221
2022-11-04,2022-11-04 04:00:00,2022-11-04 17:00:00,-1,26,TIME_EXIT,15.438458991804227,147.953,147.074,148.2355,59.41075882205772,1.2847947405014086,58.12596408155631
2022-11-07,2022-11-07 07:00:00,2022-11-07 08:30:00,1,3,SL,31.316377103646076,147.4455,146.88799999999998,146.88799999999998,-37.8105808586924,1.0946492378559058,-38.9052300965483
2022-11-08,2022-11-08 07:00:00,2022-11-08 09:00:00,1,4,SL,21.164093408748542,146.8385,146.4745,146.4745,-24.789139088182203,1.1029164336231017,-25.892055521805304
2022-11-09,2022-11-09 13:00:00,2022-11-09 17:00:00,1,8,TIME_EXIT,47.63331645674386,146.3745,146.154,145.17149999999998,-15.064099279588689,1.1359852166918847,-16.200084496280574
2022-11-10,2022-11-10 09:00:00,2022-11-10 13:00:00,1,8,SL,20.298209102359138,146.3905,146.072,146.072,-21.756876300033145,1.1359852166918847,-22.89286151672503
2022-11-11,2022-11-11 05:00:00,2022-11-11 17:00:00,-1,24,TIME_EXIT,52.63343563692672,141.4635,138.9065,142.481,180.7533392005723,1.268260348967017,179.4850788516053
2022-11-14,2022-11-14 04:00:00,2022-11-14 17:00:00,1,26,TIME_EXIT,42.074624822587964,139.5125,140.235,138.801,51.78747424066123,1.2847947405014086,50.50267950015982
2022-11-15,2022-11-15 04:00:00,2022-11-15 07:00:00,1,6,SL,25.79747377435286,140.526,140.13,140.13,-28.17983860637996,1.1194508251574933,-29.299289431537453
2022-11-16,2022-11-16 10:00:00,2022-11-16 17:00:00,-1,14,TIME_EXIT,60.99770720383086,139.3355,139.54149999999998,140.1995,-14.78445909333866,1.1855883912950593,-15.970047484633719
2022-11-17,2022-11-17 08:00:00,2022-11-17 10:00:00,-1,4,SL,38.01912803722306,139.1445,139.8015,139.8015,-47.21710164613123,1.1029164336231017,-48.320018079754334
2022-11-21,2022-11-21 05:00:00,2022-11-21 17:00:00,1,24,TIME_EXIT,21.684082884553803,140.4995,142.17000000000002,140.195,118.89722027480553,1.268260348967017,117.62895992583852
2022-11-22,2022-11-22 09:00:00,2022-11-22 17:00:00,-1,16,TIME_EXIT,26.405529628557172,141.4865,141.3945,142.011,6.5023871535456,1.202122782829451,5.300264370716149
2022-11-23,2022-11-23 04:00:00,2022-11-23 07:30:00,1,7,SL,23.91818916275748,141.497,141.106,141.106,-27.633094694588543,1.127718020924689,-28.760812715513232
2022-11-24,2022-11-24 09:30:00,2022-11-24 17:00:00,-1,15,TIME_EXIT,41.656898634879006,138.574,138.389,139.20999999999998,13.350267726990797,1.1938555870622551,12.156412139928541
2022-11-25,2022-11-25 04:00:00,2022-11-25 09:00:00,-1,10,SL,31.45414080056611,138.4445,139.0505,139.0505,-43.7720530609735,1.1525196082262763,-44.924572669199776
2022-11-28,2022-11-28 06:00:00,2022-11-28 17:00:00,-1,22,TIME_EXIT,52.62530134852397,138.33350000000002,138.802,139.0645,-33.867429075385026,1.2517259574326256,-35.11915503281765
2022-11-29,2022-11-29 07:00:00,2022-11-29 17:00:00,-1,20,TIME_EXIT,67.54804219043505,138.338,138.5205,139.35500000000002,-13.19232604201337,1.235191565898234,-14.427517607911604
2022-11-30,2022-11-30 11:00:00,2022-11-30 17:00:00,1,12,TIME_EXIT,29.253811121504526,138.8725,139.14249999999998,138.4435,19.442294190713195,1.169053999760668,18.273240190952528
2022-12-01,2022-12-01 05:00:00,2022-12-01 17:00:00,-1,24,TIME_EXIT,36.48405104836839,136.38150000000002,135.414,136.996,70.94070676741563,1.268260348967017,69.67244641844862
2022-12-02,2022-12-02 07:00:00,2022-12-02 13:30:00,-1,13,SL,38.36667580159164,134.7385,135.531,135.531,-58.81763564237529,1.1773211955278635,-59.99495683790316
2022-12-05,2022-12-05 07:00:00,2022-12-05 17:00:00,1,20,TIME_EXIT,39.102979878179795,134.93,136.457,134.133,113.16979174386621,1.235191565898234,111.93460017796798
2022-12-06,2022-12-06 06:00:00,2022-12-06 11:30:00,1,11,SL,63.901279492898915,137.24450000000002,136.304,136.304,-68.52733625026971,1.1607868039934721,-69.68812305426319
2022-12-07,2022-12-07 04:30:00,2022-12-07 13:30:00,1,18,SL,38.366255234253806,137.409,136.839,136.839,-41.481998995698476,1.2186571743638424,-42.70065617006232
2022-12-08,2022-12-08 04:00:00,2022-12-08 07:30:00,1,7,SL,36.86295181825522,137.1985,136.587,136.587,-44.570458131831366,1.127718020924689,-45.698176152756055
2022-12-09,2022-12-09 13:00:00,2022-12-09 13:30:00,-1,1,SL,66.65881001134314,135.762,136.671,136.671,-66.95540725681647,1.0781148463215144,-68.03352210313798
2022-12-12,2022-12-12 07:30:00,2022-12-12 13:00:00,-1,11,SL,24.605147704007088,136.696,137.0965,137.0965,-29.298589571018454,1.1607868039934721,-30.459376375011924
2022-12-13,2022-12-13 05:30:00,2022-12-13 17:00:00,-1,23,TIME_EXIT,19.807881719686094,137.5645,135.284,137.844,165.77678107360674,1.2599931531998212,164.51678792040693
2022-12-14,2022-12-14 09:00:00,2022-12-14 17:00:00,-1,16,TIME_EXIT,28.49434548007828,135.187,135.002,135.6755,13.684747793796907,1.202122782829451,12.482625010967457
2022-12-15,2022-12-15 04:30:00,2022-12-15 17:00:00,1,25,TIME_EXIT,25.243005506890484,135.72699999999998,137.92399999999998,135.28500000000003,161.8690459525373,1.2765275447342128,160.59251840780308
2022-12-16,2022-12-16 08:30:00,2022-12-16 17:00:00,-1,17,TIME_EXIT,45.30734884468033,136.88549999999998,136.503,137.574,27.94306190210017,1.2103899785966465,26.732671923503524
2022-12-19,2022-12-19 12:00:00,2022-12-19 17:00:00,1,10,TIME_EXIT,42.755344418054406,136.439,136.877,135.77249999999998,32.10225815199588,1.1525196082262763,30.949738543769605
2022-12-20,2022-12-20 05:30:00,2022-12-20 17:00:00,-1,23,TIME_EXIT,328.1133202363451,132.93200000000002,131.20749999999998,137.477,129.72798122348527,1.2599931531998212,128.46798807028546
2022-12-21,2022-12-21 14:00:00,2022-12-21 17:00:00,1,6,TIME_EXIT,60.82863812282909,132.341,132.418,131.517,5.818302717978418,1.1194508251574933,4.698851892820925
2022-12-22,2022-12-22 13:30:00,2022-12-22 17:00:00,1,7,TIME_EXIT,37.71478054783047,132.375,132.356,131.64600000000002,-1.4353163361666068,1.127718020924689,-2.563034357091296
2022-12-23,2022-12-23 07:30:00,2022-12-23 13:30:00,-1,12,SL,22.03382796258574,132.523,132.8155,132.8155,-22.07164039449679,1.169053999760668,-23.240694394257456
2022-12-26,2022-12-26 06:00:00,2022-12-26 19:00:00,1,14,TIME_EXIT,18.507467196458993,132.6385,132.918,132.37900000000002,21.07231309159957,1.1855883912950593,19.88672470030451
2022-12-27,2022-12-27 09:30:00,2022-12-27 17:00:00,1,15,TIME_EXIT,26.88536442094794,133.1765,133.47,132.786,22.038422694694226,1.1938555870622551,20.84456710763197
2022-12-28,2022-12-28 12:00:00,2022-12-28 17:00:00,-1,10,TIME_EXIT,55.3620792201435,133.64600000000002,134.084,134.40550000000002,-32.77314697035363,1.1525196082262763,-33.92566657857991
2022-12-29,2022-12-29 13:30:00,2022-12-29 17:00:00,-1,7,TIME_EXIT,43.97316662983427,133.16899999999998,133.163,134.0775,0.4505553094167416,1.127718020924689,-0.6771627115079475
2022-12-30,2022-12-30 04:00:00,2022-12-30 07:30:00,1,7,SL,23.038863919628874,132.697,132.385,132.385,-23.51221203192324,1.127718020924689,-24.63993005284793
2023-01-03,2023-01-03 04:00:00,2023-01-03 08:00:00,-1,8,SL,80.0814309013305,129.6345,130.719,130.719,-83.65828541013322,1.1359852166918847,-84.7942706268251
2023-01-04,2023-01-04 07:00:00,2023-01-04 15:00:00,-1,16,SL,48.704095815355124,130.439,131.22050000000002,131.22050000000002,-59.91306281097084,1.202122782829451,-61.11518559380029
2023-01-05,2023-01-05 05:00:00,2023-01-05 17:00:00,1,24,TIME_EXIT,53.42334679991211,132.5695,133.21800000000002,131.68400000000003,48.91773748863899,1.268260348967017,47.64947713967197
2023-01-06,2023-01-06 05:30:00,2023-01-06 13:30:00,1,16,SL,34.535327542484396,134.1615,133.4865,133.4865,-50.31249650607536,1.202122782829451,-51.51461928890481
2023-01-09,2023-01-09 07:30:00,2023-01-09 17:00:00,1,19,TIME_EXIT,52.62416370608384,132.232,131.827,131.30849999999998,-30.627987174057804,1.2269243701310382,-31.85491154418884
2023-01-10,2023-01-10 04:00:00,2023-01-10 17:00:00,1,26,TIME_EXIT,40.79613350078026,131.9235,132.1395,131.385,16.37312533400101,1.2847947405014086,15.0883305934996
2023-01-11,2023-01-11 07:00:00,2023-01-11 08:00:00,-1,2,SL,25.976383043888056,132.19299999999998,132.579,132.579,-29.199730696786073,1.0863820420887103,-30.286112738874785
2023-01-12,2023-01-12 04:30:00,2023-01-12 17:00:00,-1,25,TIME_EXIT,41.91149903968784,131.4475,129.61599999999999,132.01850000000002,139.33319386066722,1.2765275447342128,138.056666315933
2023-01-13,2023-01-13 06:30:00,2023-01-13 17:00:00,-1,21,TIME_EXIT,41.2985762859236,128.553,127.632,129.35000000000002,71.64360224965519,1.2434587616654298,70.40014348798977
2023-01-16,2023-01-16 06:30:00,2023-01-16 17:00:00,1,21,TIME_EXIT,57.025179898524456,127.97749999999999,128.703,127.2245,56.68965247797549,1.2434587616654298,55.44619371631006
2023-01-17,2023-01-17 14:30:00,2023-01-17 17:00:00,-1,5,TIME_EXIT,66.67783809483035,128.2935,128.27100000000002,129.159,1.7537911117850504,1.1111836293902975,0.642607482394753
2023-01-18,2023-01-18 04:00:00,2023-01-18 13:30:00,1,19,SL,224.34798865796242,131.39,128.372,128.372,-229.69784610700756,1.2269243701310382,-230.9247704771386
2023-01-19,2023-01-19 04:00:00,2023-01-19 11:30:00,-1,15,SL,42.214835276307944,128.02100000000002,128.695,128.695,-52.64761250107233,1.1938555870622551,-53.84146808813458
2023-01-20,2023-01-20 04:00:00,2023-01-20 17:00:00,1,26,TIME_EXIT,28.515076422736872,128.99200000000002,129.768,128.5285,60.15876953609386,1.2847947405014086,58.873974795592446
2023-01-23,2023-01-23 04:00:00,2023-01-23 17:00:00,1,26,TIME_EXIT,22.085490220389676,129.7215,130.6385,129.044,70.68990105726512,1.2847947405014086,69.4051063167637
2023-01-24,2023-01-24 06:30:00,2023-01-24 13:30:00,-1,14,SL,23.589526864784094,130.05200000000002,130.4495,130.4495,-30.56469719804228,1.1855883912950593,-31.750285589337338
2023-01-25,2023-01-25 09:00:00,2023-01-25 17:00:00,-1,16,TIME_EXIT,35.70042387047831,130.04199999999997,129.6765,130.575,28.106304117129,1.202122782829451,26.904181334299548
2023-01-26,2023-01-26 04:00:00,2023-01-26 07:00:00,-1,6,SL,37.99424470462455,129.0725,129.589,129.589,-40.01626992581749,1.1194508251574933,-41.13572075097498
2023-01-27,2023-01-27 04:00:00,2023-01-27 13:30:00,1,19,SL,24.49694463304699,130.1055,129.608,129.608,-38.23819900004245,1.2269243701310382,-39.46512337017349
2023-01-30,2023-01-30 04:00:00,2023-01-30 14:00:00,-1,20,SL,29.28871903227791,129.432,130.29399999999998,130.29399999999998,-66.59867729773123,1.235191565898234,-67.83386886362946
2023-01-31,2023-01-31 04:00:00,2023-01-31 07:30:00,1,7,SL,18.875395479899645,130.3555,130.0635,130.0635,-22.4002823049278,1.127718020924689,-23.52800032585249
2023-02-01,2023-02-01 04:30:00,2023-02-01 09:00:00,1,9,SL,18.47944931241119,130.2545,129.874,129.874,-29.212042578184402,1.1442524124590805,-30.356294990643484
2023-02-02,2023-02-02 08:30:00,2023-02-02 12:00:00,1,7,SL,26.006384801059188,128.8945,128.43,128.43,-36.03722424152984,1.127718020924689,-37.16494226245453
2023-02-03,2023-02-03 11:30:00,2023-02-03 13:30:00,-1,4,SL,26.314150473345038,128.397,128.786,128.786,-30.296658021605648,1.1029164336231017,-31.39957445522875
2023-02-06,2023-02-06 04:00:00,2023-02-06 13:30:00,-1,19,SL,48.200819034388886,131.74,132.3755,132.3755,-48.23895551844384,1.2269243701310382,-49.465879888574875
2023-02-07,2023-02-07 06:30:00,2023-02-07 17:00:00,-1,21,TIME_EXIT,31.63347548216503,132.1005,131.35199999999998,132.5565,56.66140552079935,1.2434587616654298,55.41794675913392
2023-02-08,2023-02-08 09:00:00,2023-02-08 14:30:00,-1,11,SL,43.80449282730155,130.777,131.38150000000002,131.38150000000002,-46.22372435520238,1.1607868039934721,-47.38451115919585
2023-02-09,2023-02-09 06:00:00,2023-02-09 17:00:00,-1,22,TIME_EXIT,39.25764591202438,131.17950000000002,131.00900000000001,131.8275,12.99745768203142,1.2517259574326256,11.745731724598794
2023-02-10,2023-02-10 07:00:00,2023-02-10 17:00:00,-1,20,TIME_EXIT,29.315366423069595,130.89499999999998,131.44400000000002,131.8865,-41.942014591851105,1.235191565898234,-43.17720615774934
2023-02-13,2023-02-13 05:30:00,2023-02-13 17:00:00,1,23,TIME_EXIT,37.18093328320117,132.18900000000002,132.55900000000003,131.6535,27.990226115637796,1.2599931531998212,26.730232962437974
2023-02-14,2023-02-14 05:00:00,2023-02-14 10:00:00,-1,10,SL,21.832323209352342,131.887,132.2025,132.2025,-23.921993828048702,1.1525196082262763,-25.074513436274977
2023-02-15,2023-02-15 04:30:00,2023-02-15 17:00:00,1,25,TIME_EXIT,40.21199947188646,133.099,134.28300000000002,132.5475,88.9563407689033,1.2765275447342128,87.6798132241691
2023-02-16,2023-02-16 13:30:00,2023-02-16 17:00:00,1,7,TIME_EXIT,39.5471347969895,134.2615,133.9715,133.63799999999998,-21.59963950946626,1.127718020924689,-22.72735753039095
2023-02-17,2023-02-17 05:00:00,2023-02-17 15:00:00,1,20,SL,37.06670143610202,134.7255,134.2175,134.2175,-37.70629910447612,1.235191565898234,-38.94149067037436
2023-02-20,2023-02-20 04:00:00,2023-02-20 17:00:00,-1,26,TIME_EXIT,24.252223120455216,134.15300000000002,134.166,134.54000000000002,-0.9690428093279171,1.2847947405014086,-2.253837549829326
2023-02-21,2023-02-21 06:30:00,2023-02-21 17:00:00,1,21,TIME_EXIT,25.04462938048179,134.507,134.8505,134.1605,25.537704357394478,1.2434587616654298,24.29424559572905
2023-02-22,2023-02-22 09:00:00,2023-02-22 12:00:00,1,6,SL,29.319083787921105,134.952,134.554,134.554,-29.491967514375197,1.1194508251574933,-30.61141833953269
2023-02-23,2023-02-23 10:30:00,2023-02-23 15:00:00,1,9,SL,14.364456322033195,134.9065,134.70749999999998,134.70749999999998,-14.750957144393508,1.1442524124590805,-15.895209556852588
2023-02-24,2023-02-24 08:30:00,2023-02-24 17:00:00,1,17,TIME_EXIT,46.3911000573366,135.0705,136.3875,134.293,97.5046364676209,1.2103899785966465,96.29424648902425
2023-02-27,2023-02-27 14:30:00,2023-02-27 17:00:00,-1,5,TIME_EXIT,32.572691143978794,135.9675,136.2565,136.44650000000001,-21.255079338811647,1.1111836293902975,-22.366262968201944
2023-02-28,2023-02-28 04:00:00,2023-02-28 16:00:00,1,24,SL,13.995621317424064,136.3105,136.114,136.114,-14.41561728553458,1.268260348967017,-15.683877634501597
2023-03-01,2023-03-01 07:30:00,2023-03-01 17:00:00,-1,19,TIME_EXIT,14.167009219567506,135.925,135.848,136.425,5.664888725399902,1.2269243701310382,4.437964355268864
2023-03-02,2023-03-02 05:00:00,2023-03-02 17:00:00,1,24,TIME_EXIT,18.576306031791617,136.546,136.93400000000003,136.195,28.41533256192299,1.268260348967017,27.147072212955973
2023-03-03,2023-03-03 06:00:00,2023-03-03 17:00:00,-1,22,TIME_EXIT,15.970754471627316,136.4745,136.10399999999998,136.7175,27.147928733940855,1.2517259574326256,25.89620277650823
2023-03-06,2023-03-06 08:00:00,2023-03-06 17:00:00,1,18,TIME_EXIT,38.59848708705008,135.8965,135.9365,135.368,2.9434164971130263,1.2186571743638424,1.724759322749184
2023-03-07,2023-03-07 07:00:00,2023-03-07 12:00:00,-1,10,SL,25.509358953121804,135.7055,136.179,136.179,-34.89173246478598,1.1525196082262763,-36.04425207301226
2023-03-08,2023-03-08 04:30:00,2023-03-08 11:30:00,1,14,SL,37.00560547508203,137.83300000000003,137.2765,137.2765,-40.3749464932221,1.1855883912950593,-41.56053488451715
2023-03-09,2023-03-09 04:30:00,2023-03-09 17:00:00,-1,25,TIME_EXIT,18.295889450465115,136.79500000000002,136.264,137.16649999999998,38.81720823129543,1.2765275447342128,37.54068068656122
2023-03-10,2023-03-10 10:30:00,2023-03-10 13:30:00,1,6,SL,81.14284452589125,136.98250000000002,135.87150000000003,135.87150000000003,-81.10525067070537,1.1194508251574933,-82.22470149586287
2023-03-13,2023-03-13 09:00:00,2023-03-13 17:00:00,-1,16,TIME_EXIT,86.09791674458694,133.46800000000002,133.0905,134.836,28.28393322744224,1.202122782829451,27.08181044461279
2023-03-14,2023-03-14 08:30:00,2023-03-14 17:00:00,1,17,TIME_EXIT,54.378419760868375,134.0915,134.21300000000002,133.233,9.060977019425238,1.2103899785966465,7.850587040828591
2023-03-15,2023-03-15 04:30:00,2023-03-15 09:30:00,1,10,SL,30.514987036725557,134.52300000000002,134.0325,134.0325,-36.462166321002776,1.1525196082262763,-37.614685929229054
2023-03-16,2023-03-16 04:00:00,2023-03-16 17:00:00,-1,26,SL,59.22688569060153,132.672,133.49599999999998,133.49599999999998,-62.10805595754823,1.2847947405014086,-63.39285069804964
2023-03-17,2023-03-17 05:00:00,2023-03-17 17:00:00,-1,24,TIME_EXIT,33.30163538843641,132.97899999999998,132.214,133.46949999999998,57.52788034200787,1.268260348967017,56.25961999304085
2023-03-20,2023-03-20 04:30:00,2023-03-20 17:00:00,-1,25,TIME_EXIT,55.603776660058315,131.81650000000002,131.68099999999998,132.649,10.279441496325262,1.2765275447342128,9.002913951591049
2023-03-21,2023-03-21 04:00:00,2023-03-21 17:00:00,1,26,TIME_EXIT,22.055260255888008,131.3665,132.51,131.03449999999998,87.0465453521247,1.2847947405014086,85.76175061162328
2023-03-22,2023-03-22 10:00:00,2023-03-22 17:00:00,1,14,TIME_EXIT,39.43125238647945,132.8295,132.6445,132.25549999999998,-13.927629028190447,1.1855883912950593,-15.113217419485506
2023-03-23,2023-03-23 08:00:00,2023-03-23 17:00:00,1,18,TIME_EXIT,42.631171360441314,131.109,130.95749999999998,130.421,-11.555270805209943,1.2186571743638424,-12.773927979573786
2023-03-24,2023-03-24 04:30:00,2023-03-24 14:00:00,-1,19,SL,39.60281944417573,130.103,130.683,130.683,-44.58006348815815,1.2269243701310382,-45.80698785828919
2023-03-27,2023-03-27 06:00:00,2023-03-27 16:00:00,1,20,TIME_EXIT,37.06781342023186,131.2815,131.5465,130.57150000000001,20.185631638883986,1.235191565898234,18.950440072985753
2023-03-29,2023-03-29 05:30:00,2023-03-29 16:00:00,1,21,TIME_EXIT,66.6778687522906,131.8915,132.6485,130.928,57.39566234366922,1.2434587616654298,56.15220358200379
2023-03-30,2023-03-30 06:30:00,2023-03-30 10:00:00,-1,7,SL,26.53611251613586,132.3625,132.8125,132.8125,-33.997544621776456,1.127718020924689,-35.125262642701145
2023-03-31,2023-03-31 03:30:00,2023-03-31 08:30:00,-1,10,SL,49.90647241030278,132.7625,133.5115,133.5115,-56.41653328312014,1.1525196082262763,-57.569052891346416
2023-04-03,2023-04-03 03:00:00,2023-04-03 13:30:00,1,21,SL,40.543440206893564,133.382,132.8205,132.8205,-42.097134545890384,1.2434587616654298,-43.340593307555814
2023-04-04,2023-04-04 03:00:00,2023-04-04 14:00:00,1,22,SL,46.32693580410411,132.8655,132.21249999999998,132.21249999999998,-49.14744610151018,1.2517259574326256,-50.3991720589428
2023-04-05,2023-04-05 12:00:00,2023-04-05 16:00:00,-1,8,TIME_EXIT,39.14475563086724,131.13049999999998,131.0985,131.82150000000001,2.440317088700361,1.1359852166918847,1.3043318720084764
2023-04-06,2023-04-06 06:00:00,2023-04-06 16:00:00,1,20,TIME_EXIT,39.608957129801325,131.433,131.601,130.7785,12.78217799182902,1.235191565898234,11.546986425930786
2023-04-07,2023-04-07 05:30:00,2023-04-07 10:30:00,1,10,SL,16.189223905324614,131.78449999999998,131.56900000000002,131.56900000000002,-16.35245419605213,1.1525196082262763,-17.504973804278407
2023-04-10,2023-04-10 07:30:00,2023-04-10 11:30:00,-1,8,SL,49.70209028897576,132.06900000000002,132.74349999999998,132.74349999999998,-51.071788231906524,1.1359852166918847,-52.20777344859841
2023-04-11,2023-04-11 07:00:00,2023-04-11 16:00:00,-1,18,SL,33.6599259256455,133.2315,133.69299999999998,133.69299999999998,-34.63895550226279,1.2186571743638424,-35.85761267662663
2023-04-12,2023-04-12 12:30:00,2023-04-12 16:00:00,-1,7,TIME_EXIT,27.88998244241391,133.0405,133.1355,133.933,-7.140682724433451,1.127718020924689,-8.26840074535814
2023-04-13,2023-04-13 03:00:00,2023-04-13 08:00:00,1,10,SL,21.88249625892007,133.2855,132.983,132.983,-22.695642061590277,1.1525196082262763,-23.848161669816555
2023-04-14,2023-04-14 07:30:00,2023-04-14 11:00:00,-1,7,SL,28.2379091094647,132.23000000000002,132.64249999999998,132.64249999999998,-31.195643953714427,1.127718020924689,-32.32336197463911
2023-04-17,2023-04-17 05:00:00,2023-04-17 16:00:00,1,22,TIME_EXIT,29.57838646349432,134.1255,134.47199999999998,133.7125,25.834013666304454,1.2517259574326256,24.582287708871828
2023-04-18,2023-04-18 07:30:00,2023-04-18 16:00:00,-1,17,TIME_EXIT,32.135423066754534,134.2315,134.195,134.707,2.719182904163178,1.2103899785966465,1.5087929255665316
2023-04-19,2023-04-19 05:30:00,2023-04-19 16:00:00,1,21,TIME_EXIT,32.660343624141035,134.44650000000001,134.7745,133.9545,24.39632121326881,1.2434587616654298,23.15286245160338
2023-04-20,2023-04-20 06:00:00,2023-04-20 16:00:00,-1,20,TIME_EXIT,26.74293355123973,134.5315,134.1355,134.97500000000002,29.43548536959646,1.235191565898234,28.200293803698226
2023-04-21,2023-04-21 05:30:00,2023-04-21 13:30:00,-1,16,SL,33.40644886459199,133.8005,134.2535,134.2535,-33.8563757235588,1.202122782829451,-35.05849850638825
2023-04-24,2023-04-24 10:00:00,2023-04-24 16:00:00,1,12,TIME_EXIT,41.07773026868655,134.61700000000002,134.365,133.89249999999998,-18.719775362696353,1.169053999760668,-19.88882936245702
2023-04-25,2023-04-25 06:30:00,2023-04-25 09:00:00,1,5,SL,27.088238257101562,134.454,134.0065,134.0065,-33.28275841551901,1.1111836293902975,-34.39394204490931
2023-04-26,2023-04-26 09:30:00,2023-04-26 11:30:00,-1,4,SL,23.381119745806153,133.435,133.753,133.753,-23.831828230972654,1.1029164336231017,-24.934744664595755
2023-04-27,2023-04-27 04:00:00,2023-04-27 12:00:00,1,16,SL,22.52716566275218,133.7395,133.3945,133.3945,-25.79641766269493,1.202122782829451,-26.998540445524384
2023-04-28,2023-04-28 04:00:00,2023-04-28 16:00:00,1,24,TIME_EXIT,51.4192691278546,134.7685,136.0845,133.60750000000002,97.64893131555243,1.268260348967017,96.38067096658541
2023-05-01,2023-05-01 05:00:00,2023-05-01 16:00:00,1,22,TIME_EXIT,48.65805059556653,136.93,137.4415,136.257,37.354852844517914,1.2517259574326256,36.10312688708529
2023-05-02,2023-05-02 04:00:00,2023-05-02 11:00:00,1,14,SL,17.371606709736675,137.5705,137.293,137.293,-20.171475716087635,1.1855883912950593,-21.357064107382694
2023-05-03,2023-05-03 06:30:00,2023-05-03 16:00:00,-1,19,TIME_EXIT,48.19011183048651,135.873,135.23250000000002,136.575,47.139608310700034,1.2269243701310382,45.912683940568996
2023-05-04,2023-05-04 06:00:00,2023-05-04 07:00:00,-1,2,SL,20.915830529669655,134.30399999999997,134.62900000000002,134.62900000000002,-24.19883249940773,1.0863820420887103,-25.28521454149644
2023-05-05,2023-05-05 04:00:00,2023-05-05 10:30:00,-1,13,SL,21.04807469827653,133.9215,134.26100000000002,134.26100000000002,-25.350671848808087,1.1773211955278635,-26.52799304433595
2023-05-08,2023-05-08 04:30:00,2023-05-08 11:30:00,-1,14,SL,32.130719342247275,134.74450000000002,135.195,135.195,-33.43364664234731,1.1855883912950593,-34.61923503364237
2023-05-09,2023-05-09 05:00:00,2023-05-09 13:00:00,-1,16,SL,29.273896207361595,134.9065,135.3275,135.3275,-31.20679878286015,1.202122782829451,-32.4089215656896
2023-05-10,2023-05-10 05:00:00,2023-05-10 12:30:00,1,15,SL,17.287716466641907,135.34199999999998,135.067,135.067,-20.318895834255244,1.1938555870622551,-21.5127514213175
2023-05-11,2023-05-11 05:30:00,2023-05-11 12:30:00,1,14,SL,26.737668370755536,134.293,133.89350000000002,133.89350000000002,-29.74838599182303,1.1855883912950593,-30.93397438311809
2023-05-12,2023-05-12 05:30:00,2023-05-12 16:00:00,1,21,TIME_EXIT,20.609505669473144,134.7,135.69799999999998,134.404,74.0905716406823,1.2434587616654298,72.84711287901686
2023-05-15,2023-05-15 03:30:00,2023-05-15 12:30:00,1,18,SL,21.95567605799848,136.1335,135.728,135.728,-29.78693708749054,1.2186571743638424,-31.00559426185438
2023-05-16,2023-05-16 05:30:00,2023-05-16 12:30:00,-1,14,SL,14.384572086575126,135.90449999999998,136.10500000000002,136.10500000000002,-14.753006706917995,1.1855883912950593,-15.938595098213055
2023-05-17,2023-05-17 04:00:00,2023-05-17 16:00:00,1,24,TIME_EXIT,16.213519580943146,136.54500000000002,137.4965,136.30599999999998,69.68398696400318,1.268260348967017,68.41572661503616
2023-05-18,2023-05-18 07:30:00,2023-05-18 16:00:00,1,17,TIME_EXIT,31.24795140178969,137.8145,138.497,137.289,49.52309082135802,1.2103899785966465,48.31270084276137
2023-05-19,2023-05-19 06:00:00,2023-05-19 16:00:00,-1,20,TIME_EXIT,27.87801650262719,138.071,137.858,138.66649999999998,15.426845608418413,1.235191565898234,14.19165404252018
2023-05-22,2023-05-22 05:00:00,2023-05-22 16:00:00,1,22,TIME_EXIT,25.60093094294159,137.8635,138.46300000000002,137.495,43.485041363380056,1.2517259574326256,42.23331540594743
2023-05-23,2023-05-23 04:30:00,2023-05-23 12:30:00,-1,16,SL,32.61670495427232,138.416,138.8775,138.8775,-33.34152121142071,1.202122782829451,-34.54364399425016
2023-05-24,2023-05-24 05:30:00,2023-05-24 06:30:00,-1,2,SL,19.259676813226612,138.2905,138.6385,138.6385,-25.16441838014793,1.0863820420887103,-26.25080042223664
2023-05-25,2023-05-25 03:00:00,2023-05-25 12:00:00,1,18,SL,28.219480057875113,139.68599999999998,139.2655,139.2655,-30.10323153358073,1.2186571743638424,-31.32188870794457
2023-05-26,2023-05-26 04:00:00,2023-05-26 12:30:00,-1,17,SL,23.71685721235748,139.7385,140.1055,140.1055,-26.26334188502229,1.2103899785966465,-27.473731863618937
2023-05-29,2023-05-29 05:00:00,2023-05-29 16:00:00,-1,22,TIME_EXIT,38.0737326860686,140.3605,140.317,140.92000000000002,3.0991625136697674,1.2517259574326256,1.8474365562371418
2023-05-30,2023-05-30 05:30:00,2023-05-30 11:00:00,1,11,SL,40.8322199438413,140.67700000000002,139.96300000000002,139.96300000000002,-50.754565422919065,1.1607868039934721,-51.91535222691254
2023-05-31,2023-05-31 05:00:00,2023-05-31 08:30:00,-1,7,SL,21.917101785597968,139.54399999999998,139.923,139.923,-27.159892220376307,1.127718020924689,-28.287610241300996
2023-06-01,2023-06-01 05:30:00,2023-06-01 13:00:00,1,15,SL,33.61362664068659,139.7105,139.0805,139.0805,-45.09324639164525,1.1938555870622551,-46.287101978707504
2023-06-02,2023-06-02 03:00:00,2023-06-02 08:00:00,-1,10,SL,28.30603693847559,138.656,139.0555,139.0555,-28.812312485575024,1.1525196082262763,-29.9648320938013
2023-06-05,2023-06-05 06:00:00,2023-06-05 13:30:00,1,15,SL,17.103844258608763,140.26749999999998,140.027,140.027,-17.14581068315877,1.1938555870622551,-18.339666270221027
2023-06-06,2023-06-06 06:30:00,2023-06-06 12:00:00,-1,11,SL,19.94540125770965,139.32600000000002,139.6585,139.6585,-23.864892410604032,1.1607868039934721,-25.025679214597503
2023-06-07,2023-06-07 05:30:00,2023-06-07 12:30:00,-1,14,SL,27.37383607311187,139.1755,139.565,139.565,-27.986247579494822,1.1855883912950593,-29.171835970789882
2023-06-08,2023-06-08 03:30:00,2023-06-08 16:00:00,-1,25,TIME_EXIT,17.769292374576583,139.8075,138.952,140.0965,61.19128086833727,1.2765275447342128,59.91475332360306
2023-06-09,2023-06-09 04:00:00,2023-06-09 16:00:00,1,24,TIME_EXIT,31.10901477318057,139.3,139.29899999999998,138.8665,-0.07178750897582171,1.268260348967017,-1.3400478579428388
2023-06-12,2023-06-12 08:30:00,2023-06-12 13:30:00,-1,10,SL,27.034207427407694,139.2055,139.6445,139.6445,-31.536110282998372,1.1525196082262763,-32.68862989122465
2023-06-13,2023-06-13 03:00:00,2023-06-13 12:30:00,-1,19,SL,19.009702121553513,139.351,139.6675,139.6675,-22.712431198914302,1.2269243701310382,-23.93935556904534
2023-06-14,2023-06-14 08:00:00,2023-06-14 16:00:00,-1,16,TIME_EXIT,18.007846275873966,139.8855,139.35199999999998,140.19099999999997,38.138334566487025,1.202122782829451,36.936211783657576
2023-06-15,2023-06-15 04:00:00,2023-06-15 16:00:00,1,24,TIME_EXIT,81.67611098804723,141.20850000000002,140.296,139.94299999999998,-64.62075583268873,1.268260348967017,-65.88901618165575
2023-06-16,2023-06-16 06:30:00,2023-06-16 16:00:00,1,19,TIME_EXIT,66.14064002688609,140.976,141.81599999999997,139.8535,59.58461014640613,1.2269243701310382,58.35768577627509
2023-06-19,2023-06-19 03:30:00,2023-06-19 09:00:00,-1,11,SL,13.965790865811035,141.53300000000002,141.973,141.973,-31.088156119067474,1.1607868039934721,-32.248942923060945
2023-06-20,2023-06-20 08:30:00,2023-06-20 16:00:00,-1,15,TIME_EXIT,47.49864037348811,141.5435,141.35399999999998,142.25549999999998,13.388110368897868,1.1938555870622551,12.194254781835612
2023-06-21,2023-06-21 04:30:00,2023-06-21 16:00:00,1,23,TIME_EXIT,28.549191636891656,141.7855,141.9225,141.33499999999998,9.66248311710298,1.2599931531998212,8.40248996390316
2023-06-22,2023-06-22 08:00:00,2023-06-22 16:00:00,1,16,TIME_EXIT,19.948803954451087,141.949,142.9315,141.6125,69.21499975343168,1.202122782829451,68.01287697060224
2023-06-23,2023-06-23 05:00:00,2023-06-23 07:30:00,1,5,SL,24.122622748787375,143.1995,142.812,142.812,-27.060150349686182,1.1111836293902975,-28.17133397907648
2023-06-26,2023-06-26 07:00:00,2023-06-26 14:30:00,-1,15,SL,29.77613789877341,143.1675,143.66199999999998,143.66199999999998,-34.539961932700365,1.1938555870622551,-35.73381751976262
2023-06-27,2023-06-27 05:30:00,2023-06-27 16:00:00,1,21,TIME_EXIT,20.204487559758793,143.6095,143.91699999999997,143.285,21.412232477654758,1.2434587616654298,20.168773715989328
2023-06-28,2023-06-28 07:00:00,2023-06-28 16:00:00,1,18,TIME_EXIT,22.263889710255874,144.106,144.2225,143.7305,8.084326814983557,1.2186571743638424,6.865669640619714
2023-06-29,2023-06-29 03:00:00,2023-06-29 16:00:00,1,26,TIME_EXIT,23.693065528844233,144.4835,144.7545,144.135,18.756467001423346,1.2847947405014086,17.471672260921938
2023-06-30,2023-06-30 05:00:00,2023-06-30 16:00:00,-1,22,TIME_EXIT,25.88193827727769,144.6685,144.54000000000002,145.07,8.882375914589153,1.2517259574326256,7.6306499571565265
2023-07-03,2023-07-03 06:30:00,2023-07-03 14:00:00,1,15,SL,32.62309063048106,144.738,144.223,144.223,-35.581533529549,1.1938555870622551,-36.77538911661125
2023-07-04,2023-07-04 03:30:00,2023-07-04 06:30:00,1,6,SL,15.23255612677633,144.6635,144.4275,144.4275,-16.313721152881687,1.1194508251574933,-17.43317197803918
2023-07-05,2023-07-05 05:30:00,2023-07-05 08:00:00,1,5,SL,18.0076601815997,144.6505,144.38299999999998,144.38299999999998,-18.492850007432573,1.1111836293902975,-19.60403363682287
2023-07-06,2023-07-06 03:00:00,2023-07-06 14:00:00,-1,22,SL,22.261598049856126,144.1825,144.5155,144.5155,-23.095729370762637,1.2517259574326256,-24.347455328195263
2023-07-07,2023-07-07 05:00:00,2023-07-07 16:00:00,-1,22,TIME_EXIT,27.886340561065555,143.7145,142.11700000000002,144.199,111.15788594748396,1.2517259574326256,109.90615999005134
2023-07-10,2023-07-10 04:30:00,2023-07-10 12:00:00,1,15,SL,55.1990543335993,142.989,142.122,142.122,-60.634034785891934,1.1938555870622551,-61.82789037295419
2023-07-11,2023-07-11 06:30:00,2023-07-11 16:00:00,-1,19,TIME_EXIT,60.37848563077308,140.596,140.45999999999998,141.462,9.673105920511544,1.2269243701310382,8.446181550380505
2023-07-12,2023-07-12 06:00:00,2023-07-12 16:00:00,-1,20,TIME_EXIT,57.18652349705974,139.365,138.356,140.1655,72.39981343953033,1.235191565898234,71.1646218736321
2023-07-13,2023-07-13 05:30:00,2023-07-13 14:00:00,1,17,SL,43.56406960111444,138.8105,138.0725,138.0725,-53.16600689429111,1.2103899785966465,-54.37639687288775
2023-07-14,2023-07-14 06:30:00,2023-07-14 16:00:00,1,19,TIME_EXIT,63.829322141345024,138.349,138.6435,137.24099999999999,21.28674583842307,1.2269243701310382,20.059821468292032
2023-07-17,2023-07-17 09:30:00,2023-07-17 12:30:00,-1,6,SL,26.92106166549242,138.1435,138.74,138.74,-43.17973701260068,1.1194508251574933,-44.299187837758176
2023-07-18,2023-07-18 04:00:00,2023-07-18 14:00:00,-1,20,SL,27.391327883939244,138.4905,138.92700000000002,138.92700000000002,-31.518407399787254,1.235191565898234,-32.75359896568549
2023-07-19,2023-07-19 04:00:00,2023-07-19 16:00:00,1,24,TIME_EXIT,34.28110506150428,139.344,139.71499999999997,138.85199999999998,26.624755999539335,1.268260348967017,25.356495650572317
2023-07-20,2023-07-20 12:30:00,2023-07-20 16:00:00,1,7,TIME_EXIT,42.556250449283624,139.836,140.442,139.11,43.336479876426274,1.127718020924689,42.208761855501585
2023-07-21,2023-07-21 07:00:00,2023-07-21 16:00:00,1,18,TIME_EXIT,39.74926834154997,140.3885,141.66699999999997,139.751,91.06871289314864,1.2186571743638424,89.8500557187848
2023-07-24,2023-07-24 09:30:00,2023-07-24 16:00:00,-1,13,TIME_EXIT,33.2520897523426,141.284,141.4095,141.8145,-8.882817587272203,1.1773211955278635,-10.060138782800067
2023-07-25,2023-07-25 14:30:00,2023-07-25 16:00:00,-1,3,TIME_EXIT,28.25278810408928,141.14499999999998,140.9495,141.62400000000002,13.85100428637085,1.0946492378559058,12.756355048514944
2023-07-26,2023-07-26 06:00:00,2023-07-26 16:00:00,-1,20,TIME_EXIT,23.392518653669743,140.6825,140.5125,141.1865,12.083947896861082,1.235191565898234,10.848756330962848
2023-07-27,2023-07-27 12:30:00,2023-07-27 16:00:00,1,7,TIME_EXIT,79.09831508033534,140.72050000000002,141.0885,139.3835,26.151129366367726,1.127718020924689,25.023411345443037
2023-07-28,2023-07-28 03:00:00,2023-07-28 04:00:00,1,2,SL,61.19051222729064,139.7005,138.747,138.747,-68.25315585842506,1.0863820420887103,-69.33953790051378
2023-07-31,2023-07-31 04:00:00,2023-07-31 16:00:00,1,24,TIME_EXIT,75.44876556152968,141.86950000000002,142.087,140.6915,15.330990804927959,1.268260348967017,14.062730455960942
2023-08-01,2023-08-01 11:00:00,2023-08-01 16:00:00,1,10,TIME_EXIT,37.92392018754619,142.89299999999997,143.33350000000002,142.2585,30.827262357151355,1.1525196082262763,29.674742748925077
2023-08-02,2023-08-02 03:00:00,2023-08-02 05:00:00,1,4,SL,26.059885266545564,143.322,142.94,142.94,-26.653270258578935,1.1029164336231017,-27.756186692202036
2023-08-03,2023-08-03 04:00:00,2023-08-03 07:00:00,1,6,SL,21.68833754178018,143.63799999999998,143.1645,143.1645,-32.964814324898214,1.1194508251574933,-34.08426515005571
2023-08-04,2023-08-04 12:30:00,2023-08-04 16:00:00,-1,7,TIME_EXIT,39.94617630422335,142.247,141.84199999999998,142.885,28.47160221305402,1.127718020924689,27.34388419212933
2023-08-07,2023-08-07 03:30:00,2023-08-07 16:00:00,1,25,TIME_EXIT,37.345996346664705,142.18400000000003,142.453,141.5145,18.919147020760214,1.2765275447342128,17.642619476026002
2023-08-08,2023-08-08 04:00:00,2023-08-08 16:00:00,1,24,TIME_EXIT,59.53132673823265,143.392,143.1915,142.52999999999997,-13.982648962285568,1.268260348967017,-15.250909311252585
2023-08-09,2023-08-09 05:30:00,2023-08-09 09:00:00,-1,7,SL,21.419561335767966,143.0645,143.39999999999998,143.39999999999998,-23.450960930207543,1.127718020924689,-24.578678951132233
2023-08-10,2023-08-10 04:00:00,2023-08-10 12:00:00,1,16,SL,14.058188372764569,143.9345,143.6885,143.6885,-17.091107413442177,1.202122782829451,-18.29323019627163
2023-08-11,2023-08-11 07:00:00,2023-08-11 15:30:00,-1,17,SL,18.149384995126773,144.6045,144.8955,144.8955,-20.123855066750814,1.2103899785966465,-21.33424504534746
2023-08-14,2023-08-14 12:00:00,2023-08-14 16:00:00,1,8,TIME_EXIT,39.508340649691746,145.298,145.1975,144.65300000000002,-6.916819226693479,1.1359852166918847,-8.052804443385364
2023-08-15,2023-08-15 06:30:00,2023-08-15 13:00:00,1,13,SL,18.47557577050495,145.724,145.327,145.327,-27.243281820427068,1.1773211955278635,-28.42060301595493
2023-08-16,2023-08-16 05:00:00,2023-08-16 11:00:00,-1,12,SL,16.672109451539633,145.4485,145.695,145.695,-16.947579383767966,1.169053999760668,-18.116633383528633
2023-08-17,2023-08-17 05:30:00,2023-08-17 16:00:00,-1,21,TIME_EXIT,15.888744618329524,146.3125,146.0585,146.5625,17.360102520289836,1.2434587616654298,16.116643758624406
2023-08-18,2023-08-18 06:00:00,2023-08-18 16:00:00,-1,20,TIME_EXIT,31.892823598623966,145.25400000000002,145.274,145.79399999999998,-1.3768983986659098,1.235191565898234,-2.6120899645641438
2023-08-21,2023-08-21 08:30:00,2023-08-21 16:00:00,1,15,TIME_EXIT,33.208171139207536,145.67700000000002,146.1635,145.14499999999998,33.395800297917866,1.1938555870622551,32.201944710855614
2023-08-22,2023-08-22 03:00:00,2023-08-22 16:00:00,-1,26,TIME_EXIT,28.736517983443058,145.8785,145.7945,146.401,5.758216598059562,1.2847947405014086,4.4734218575581535
2023-08-23,2023-08-23 06:00:00,2023-08-23 16:00:00,-1,20,TIME_EXIT,16.279876492750976,145.55200000000002,144.69299999999998,145.8155,59.016708805103136,1.235191565898234,57.7815172392049
2023-08-24,2023-08-24 04:30:00,2023-08-24 16:00:00,1,23,TIME_EXIT,31.081992151710576,145.173,145.8485,144.6175,46.530690968706274,1.2599931531998212,45.27069781550645
2023-08-25,2023-08-25 14:00:00,2023-08-25 16:00:00,1,4,TIME_EXIT,20.526000171335202,146.3745,146.303,145.9125,-4.884730605400159,1.1029164336231017,-5.98764703902326
2023-08-28,2023-08-28 05:00:00,2023-08-28 08:00:00,-1,6,SL,12.909880156695985,146.3555,146.5885,146.5885,-15.920139659937897,1.1194508251574933,-17.039590485095392
2023-08-29,2023-08-29 05:00:00,2023-08-29 14:00:00,1,18,SL,12.74682012972529,146.52949999999998,146.31099999999998,146.31099999999998,-14.911673076070413,1.2186571743638424,-16.130330250434255
2023-08-30,2023-08-30 05:30:00,2023-08-30 12:30:00,1,14,SL,26.32733655111991,146.2475,145.856,145.856,-26.769688370741907,1.1855883912950593,-27.955276762036966
2023-08-31,2023-08-31 13:30:00,2023-08-31 14:30:00,1,2,SL,25.522280539262056,146.1505,145.755,145.755,-27.06114587360279,1.0863820420887103,-28.1475279156915
2023-09-01,2023-09-01 11:30:00,2023-09-01 14:00:00,-1,5,SL,31.84406392222514,145.2315,145.7015,145.7015,-32.362125296509284,1.1111836293902975,-33.47330892589958
2023-09-04,2023-09-04 07:00:00,2023-09-04 16:00:00,1,18,TIME_EXIT,14.277105958722153,146.31900000000002,146.4845,146.038,11.31090289025897,1.2186571743638424,10.092245715895126
2023-09-05,2023-09-05 03:00:00,2023-09-05 16:00:00,1,26,TIME_EXIT,16.212766102688793,146.74400000000003,147.6335,146.4895,60.61576623234814,1.2847947405014086,59.33097149184673
2023-09-06,2023-09-06 04:30:00,2023-09-06 16:00:00,-1,23,TIME_EXIT,25.025517210977302,147.39999999999998,147.6385,147.8185,-16.18046132971616,1.2599931531998212,-17.44045448291598
2023-09-07,2023-09-07 06:00:00,2023-09-07 16:00:00,-1,20,TIME_EXIT,22.569844518848765,147.4885,147.078,147.875,27.832678480016053,1.235191565898234,26.59748691411782
2023-09-08,2023-09-08 07:30:00,2023-09-08 16:00:00,1,17,TIME_EXIT,53.24392265476162,147.3975,147.74200000000002,146.5895,23.372173883546917,1.2103899785966465,22.16178390495027
2023-09-11,2023-09-11 03:00:00,2023-09-11 16:00:00,-1,26,TIME_EXIT,41.18188952198961,146.4575,146.3755,147.1485,5.598893877064818,1.2847947405014086,4.314099136563409
2023-09-12,2023-09-12 05:00:00,2023-09-12 16:00:00,1,22,TIME_EXIT,24.92505411809369,146.84199999999998,147.08100000000002,146.43900000000002,16.275997330466268,1.2517259574326256,15.024271373033642
2023-09-13,2023-09-13 14:00:00,2023-09-13 16:00:00,1,4,TIME_EXIT,23.75942814217629,147.5465,147.2965,147.0995,-16.94381093418007,1.1029164336231017,-18.04672736780317
2023-09-14,2023-09-14 12:30:00,2023-09-14 15:00:00,1,5,SL,24.689426735996538,147.40800000000002,147.0265,147.0265,-25.880549223923857,1.1111836293902975,-26.991732853314154
2023-09-15,2023-09-15 06:30:00,2023-09-15 16:00:00,1,19,TIME_EXIT,12.352466081622406,147.61599999999999,147.85700000000003,147.339,16.32614350748173,1.2269243701310382,15.099219137350694
2023-09-18,2023-09-18 04:00:00,2023-09-18 16:00:00,-1,23,TIME_EXIT,11.37371453330578,147.7005,147.697,147.877,0.2369660224577778,1.2599931531998212,-1.0230271307420433
2023-09-19,2023-09-19 05:30:00,2023-09-19 16:00:00,1,21,TIME_EXIT,18.33811276752957,147.7895,147.83800000000002,147.507,3.2816945723490787,1.2434587616654298,2.038235810683649
2023-09-20,2023-09-20 05:00:00,2023-09-20 13:30:00,1,17,SL,9.54592537929953,147.853,147.707,147.707,-9.874672816920523,1.2103899785966465,-11.08506279551717
2023-09-21,2023-09-21 08:30:00,2023-09-21 16:00:00,-1,15,TIME_EXIT,17.983426905636453,148.18900000000002,147.5495,148.45850000000002,43.15435018793746,1.1938555870622551,41.96049460087521
2023-09-22,2023-09-22 06:30:00,2023-09-22 16:00:00,1,19,TIME_EXIT,45.52295468720401,148.327,148.29000000000002,147.50799999999998,-2.4944885287221963,1.2269243701310382,-3.7214128988532345
2023-09-25,2023-09-25 08:00:00,2023-09-25 16:00:00,1,16,TIME_EXIT,13.318766985644013,148.5355,148.79000000000002,148.28699999999998,17.13395114299324,1.202122782829451,15.93182836016379
2023-09-26,2023-09-26 05:30:00,2023-09-26 16:00:00,1,21,TIME_EXIT,16.744505078829985,148.9625,148.92700000000002,148.7055,-2.3831501216738955,1.2434587616654298,-3.6266088833393253
2023-09-27,2023-09-27 05:00:00,2023-09-27 16:00:00,1,22,TIME_EXIT,14.54362247040029,149.07999999999998,149.5525,148.8625,31.694392272606994,1.2517259574326256,30.442666315174367
2023-09-28,2023-09-28 04:30:00,2023-09-28 16:00:00,-1,23,TIME_EXIT,12.619373583668105,149.33350000000002,149.199,149.562,9.006686376466279,1.2599931531998212,7.746693223266457
2023-09-29,2023-09-29 05:30:00,2023-09-29 16:00:00,-1,21,TIME_EXIT,11.421375053171632,149.16899999999998,149.4105,149.452,-16.189690887518886,1.2434587616654298,-17.433149649184315
2023-10-02,2023-10-02 12:30:00,2023-10-02 16:00:00,1,7,TIME_EXIT,22.58174592023162,149.80599999999998,149.8105,149.457,0.30038850246367144,1.127718020924689,-0.8273295184610177
2023-10-03,2023-10-03 05:30:00,2023-10-03 06:30:00,1,2,SL,7.17688176170856,149.9175,149.7865,149.7865,-8.738139309953823,1.0863820420887103,-9.824521352042533
2023-10-04,2023-10-04 07:00:00,2023-10-04 16:00:00,-1,18,TIME_EXIT,15.796463738563615,148.92399999999998,148.861,149.3195,4.230345679674746,1.2186571743638424,3.0116885053109033
2023-10-05,2023-10-05 07:30:00,2023-10-05 16:00:00,1,17,TIME_EXIT,50.72153405660854,149.0575,148.3835,148.2605,-45.217449641917156,1.2103899785966465,-46.4278396205138
2023-10-06,2023-10-06 04:00:00,2023-10-06 16:00:00,1,24,TIME_EXIT,15.390781023202377,148.696,149.2105,148.4655,34.600796255447236,1.268260348967017,33.33253590648022
2023-10-09,2023-10-09 05:00:00,2023-10-09 12:30:00,1,14,SL,8.250576031069821,149.21300000000002,149.0805,149.0805,-8.879923331078496,1.1855883912950593,-10.065511722373556
2023-10-10,2023-10-10 04:00:00,2023-10-10 16:00:00,1,24,TIME_EXIT,33.982728539755236,148.744,148.632,148.1635,-7.529715484321705,1.268260348967017,-8.797975833288723
2023-10-11,2023-10-11 03:00:00,2023-10-11 16:00:00,1,26,TIME_EXIT,22.098628604923206,148.77100000000002,149.0865,148.4255,21.20709009148193,1.2847947405014086,19.922295350980523
2023-10-12,2023-10-12 12:30:00,2023-10-12 16:00:00,1,7,TIME_EXIT,16.910254861698917,149.44650000000001,149.7105,149.022,17.66518453091786,1.127718020924689,16.53746650999317
2023-10-13,2023-10-13 04:00:00,2023-10-13 16:00:00,-1,24,TIME_EXIT,6.979462347635542,149.723,149.5555,149.8295,11.187325928549265,1.268260348967017,9.919065579582249
2023-10-16,2023-10-16 05:00:00,2023-10-16 06:30:00,-1,3,SL,10.674715647659426,149.392,149.57799999999997,149.57799999999997,-12.450465888399554,1.0946492378559058,-13.54511512625546
2023-10-17,2023-10-17 06:30:00,2023-10-17 10:00:00,1,7,SL,10.168584426009286,149.6575,149.48000000000002,149.48000000000002,-11.860414613365897,1.127718020924689,-12.988132634290587
2023-10-18,2023-10-18 05:30:00,2023-10-18 14:30:00,-1,18,SL,9.221177972076218,149.6465,149.7935,149.7935,-9.823149889906636,1.2186571743638424,-11.041807064270479
2023-10-19,2023-10-19 09:00:00,2023-10-19 16:00:00,1,14,TIME_EXIT,11.659216794618935,149.85000000000002,149.8225,149.66699999999997,-1.8351685018372923,1.1855883912950593,-3.0207568931323516
2023-10-20,2023-10-20 07:30:00,2023-10-20 08:00:00,1,1,SL,9.81337890657539,149.9685,149.7955,149.7955,-11.535755842060286,1.0781148463215144,-12.613870688381802
2023-10-23,2023-10-23 03:00:00,2023-10-23 15:30:00,1,23,SL,9.513922039251606,149.9295,149.7805,149.7805,-9.938004195305188,1.2599931531998212,-11.197997348505009
2023-10-24,2023-10-24 06:30:00,2023-10-24 10:30:00,-1,8,SL,19.43150311539561,149.461,149.79000000000002,149.79000000000002,-22.012431336603374,1.1359852166918847,-23.14841655329526
2023-10-25,2023-10-25 09:30:00,2023-10-25 16:00:00,1,13,TIME_EXIT,8.745256032390841,149.937,149.93599999999998,149.7955,-0.06669467843382197,1.1773211955278635,-1.2440158739616856
2023-10-26,2023-10-26 03:00:00,2023-10-26 06:30:00,1,7,SL,26.325698880658624,150.471,150.0435,150.0435,-28.41079011902686,1.127718020924689,-29.53850813995155
2023-10-27,2023-10-27 05:30:00,2023-10-27 16:00:00,-1,21,TIME_EXIT,16.515056670617213,150.1015,149.6635,150.414,29.180254694322723,1.2434587616654298,27.936795932657294
2023-10-30,2023-10-30 04:30:00,2023-10-30 12:30:00,-1,16,SL,15.878799629604964,149.5605,149.808,149.808,-16.548487067106777,1.202122782829451,-17.75060984993623
2023-10-31,2023-10-31 04:30:00,2023-10-31 17:00:00,1,25,TIME_EXIT,52.09902833303143,150.147,151.393,149.33100000000002,82.9853410324555,1.2765275447342128,81.70881348772129
2023-11-01,2023-11-01 14:00:00,2023-11-01 17:00:00,-1,6,TIME_EXIT,19.15385607812605,150.9155,151.087,151.43400000000003,-11.363975204666216,1.1194508251574933,-12.48342602982371
2023-11-02,2023-11-02 04:30:00,2023-11-02 12:30:00,1,16,SL,17.648900107224485,150.4355,150.151,150.151,-18.911759524844868,1.202122782829451,-20.11388230767432
2023-11-03,2023-11-03 04:30:00,2023-11-03 17:00:00,-1,23,TIME_EXIT,9.978911234256755,150.2835,149.4125,150.46699999999998,57.95712769532312,1.2599931531998212,56.6971345421233
2023-11-06,2023-11-06 07:30:00,2023-11-06 08:00:00,1,1,SL,11.739091173608085,149.7285,149.5005,149.5005,-15.227561887016076,1.0781148463215144,-16.30567673333759
2023-11-07,2023-11-07 04:00:00,2023-11-07 17:00:00,1,26,TIME_EXIT,12.863879492777368,150.2295,150.6005,150.0325,24.695549143144945,1.2847947405014086,23.410754402643537
2023-11-08,2023-11-08 05:30:00,2023-11-08 17:00:00,1,22,TIME_EXIT,11.001685152377009,150.64249999999998,150.8235,150.4315,12.01520155334727,1.2517259574326256,10.763475595914644
2023-11-09,2023-11-09 06:00:00,2023-11-09 06:30:00,1,1,SL,11.602850986243089,151.017,150.825,150.825,-12.71380043306431,1.0781148463215144,-13.791915279385826
2023-11-10,2023-11-10 04:30:00,2023-11-10 17:00:00,1,25,TIME_EXIT,8.298974696392305,151.35500000000002,151.5705,151.2235,14.23804961844614,1.2765275447342128,12.961522073711928
2023-11-13,2023-11-13 04:00:00,2023-11-13 15:00:00,1,22,SL,9.468416069253966,151.7005,151.5565,151.5565,-9.492387961806681,1.2517259574326256,-10.744113919239307
2023-11-14,2023-11-14 04:00:00,2023-11-14 17:00:00,-1,25,TIME_EXIT,5.372888339514163,151.66649999999998,150.7275,151.769,61.912155947423656,1.2765275447342128,60.63562840268944
2023-11-15,2023-11-15 07:00:00,2023-11-15 08:30:00,1,3,SL,14.354543944173539,150.723,150.47500000000002,150.47500000000002,-16.45402493315489,1.0946492378559058,-17.548674171010795
2023-11-16,2023-11-16 06:00:00,2023-11-16 13:00:00,1,14,SL,13.400080069615221,151.34300000000002,151.1185,151.1185,-14.833854225171043,1.1855883912950593,-16.0194426164661
2023-11-17,2023-11-17 08:00:00,2023-11-17 17:00:00,-1,18,TIME_EXIT,17.650285030495738,150.272,149.789,150.688,32.141716354344396,1.2186571743638424,30.923059179980555
2023-11-20,2023-11-20 08:30:00,2023-11-20 17:00:00,-1,17,TIME_EXIT,64.4251116858671,148.68900000000002,148.28699999999998,149.814,27.03629723786182,1.2103899785966465,25.825907259265172
2023-11-21,2023-11-21 08:00:00,2023-11-21 17:00:00,-1,18,TIME_EXIT,60.06107906345373,147.325,147.94650000000001,148.235,-42.18564398439002,1.2186571743638424,-43.40430115875386
2023-11-22,2023-11-22 04:30:00,2023-11-22 17:00:00,1,25,TIME_EXIT,22.123819077824255,148.3785,149.5785,148.03050000000002,80.87425064952056,1.2765275447342128,79.59772310478635
2023-11-23,2023-11-23 05:30:00,2023-11-23 09:00:00,-1,7,SL,19.22373678577709,148.99,149.321,149.321,-22.216256124571373,1.127718020924689,-23.343974145496063
2023-11-24,2023-11-24 04:00:00,2023-11-24 09:30:00,-1,11,SL,12.578574272133212,149.4595,149.6485,149.6485,-12.64556619017335,1.1607868039934721,-13.806352994166822
2023-11-27,2023-11-27 07:00:00,2023-11-27 17:00:00,-1,20,TIME_EXIT,43.25152035138539,148.8405,148.91649999999998,149.5405,-5.106137106499468,1.235191565898234,-6.341328672397703
2023-11-28,2023-11-28 07:00:00,2023-11-28 15:30:00,1,17,SL,26.559258233030274,148.4325,147.971,147.971,-31.091573610900635,1.2103899785966465,-32.301963589497284
2023-11-29,2023-11-29 07:30:00,2023-11-29 17:00:00,1,17,TIME_EXIT,44.17975980664705,147.348,147.3155,146.6735,-2.205662784702017,1.2103899785966465,-3.4160527632986635
2023-11-30,2023-11-30 09:30:00,2023-11-30 17:00:00,1,15,TIME_EXIT,16.81055457815279,147.417,147.99,146.9315,38.86932986019302,1.1938555870622551,37.67547427313077
2023-12-01,2023-12-01 06:30:00,2023-12-01 15:00:00,1,17,SL,39.4641012177985,148.199,147.6025,147.6025,-40.24993421008375,1.2103899785966465,-41.460324188680396
2023-12-04,2023-12-04 04:30:00,2023-12-04 10:30:00,1,12,SL,19.766286703331854,146.796,146.4615,146.4615,-22.786724433907693,1.169053999760668,-23.95577843366836
2023-12-05,2023-12-05 06:00:00,2023-12-05 15:30:00,-1,19,SL,20.37726862955179,146.8405,147.277,147.277,-29.726131414697935,1.2269243701310382,-30.953055784828972
2023-12-06,2023-12-06 07:00:00,2023-12-06 10:00:00,-1,6,SL,21.00747498988701,147.058,147.3995,147.3995,-23.222130043928,1.1194508251574933,-24.341580869085494
2023-12-07,2023-12-07 05:30:00,2023-12-07 17:00:00,-1,23,TIME_EXIT,28.631418209583067,146.5445,144.074,147.11200000000002,168.58360429766978,1.2599931531998212,167.32361114446996
2023-12-08,2023-12-08 06:30:00,2023-12-08 17:00:00,1,21,TIME_EXIT,117.86006266688386,144.18,144.82150000000001,142.4995,44.49299486752724,1.2434587616654298,43.24953610586181
2023-12-11,2023-12-11 04:00:00,2023-12-11 17:00:00,1,26,TIME_EXIT,18.926294128375723,145.6435,146.35399999999998,145.3005,48.78350218169683,1.2847947405014086,47.49870744119542
2023-12-12,2023-12-12 04:30:00,2023-12-12 14:30:00,-1,20,SL,20.887800219184623,145.5375,145.8435,145.8435,-21.025508889462277,1.235191565898234,-22.26070045536051
2023-12-13,2023-12-13 04:30:00,2023-12-13 13:30:00,1,18,SL,23.98213554551822,145.6875,145.3165,145.3165,-25.465465465466107,1.2186571743638424,-26.684122639829948
2023-12-15,2023-12-15 04:30:00,2023-12-15 13:30:00,-1,18,SL,41.927464428655306,141.7215,142.387,142.387,-46.958294965831485,1.2186571743638424,-48.176952140195326
2023-12-18,2023-12-18 09:30:00,2023-12-18 17:00:00,1,15,TIME_EXIT,24.63340218955715,142.49450000000002,142.9185,142.08350000000002,29.755534424134133,1.1938555870622551,28.561678837071877
2023-12-19,2023-12-19 07:00:00,2023-12-19 17:00:00,1,20,TIME_EXIT,103.00585995137843,143.808,143.75900000000001,142.322,-3.4073208722726256,1.235191565898234,-4.64251243817086
2023-12-20,2023-12-20 04:00:00,2023-12-20 17:00:00,-1,26,TIME_EXIT,25.689312480202158,143.5155,143.8665,144.0085,-24.457288585553414,1.2847947405014086,-25.74208332605482
2023-12-21,2023-12-21 11:30:00,2023-12-21 17:00:00,-1,11,TIME_EXIT,43.904488481199465,142.731,142.3115,143.437,29.390952210802094,1.1607868039934721,28.230165406808624
2023-12-22,2023-12-22 09:00:00,2023-12-22 16:30:00,-1,15,SL,24.89530259396489,142.1715,142.5495,142.5495,-26.587607220855507,1.1938555870622551,-27.781462807917762
2023-12-26,2023-12-26 07:00:00,2023-12-26 17:00:00,1,20,TIME_EXIT,13.716842171903206,142.3735,142.454,142.161,5.654142098073073,1.235191565898234,4.41895053217484
2023-12-27,2023-12-27 07:00:00,2023-12-27 15:00:00,1,16,SL,23.0978499341822,142.79399999999998,142.4375,142.4375,-24.96603498746325,1.202122782829451,-26.1681577702927
2023-12-28,2023-12-28 04:30:00,2023-12-28 17:00:00,-1,25,TIME_EXIT,23.536657016046114,141.20600000000002,141.281,141.6015,-5.311389034459486,1.2765275447342128,-6.587916579193699
2023-12-29,2023-12-29 05:00:00,2023-12-29 09:00:00,-1,8,SL,20.80009621813094,141.34300000000002,141.6395,141.6395,-20.97733881408916,1.1359852166918847,-22.113324030781044
2024-01-02,2024-01-02 11:00:00,2024-01-02 17:00:00,1,12,TIME_EXIT,37.444028793289704,141.7195,141.9255,141.144,14.535755488834553,1.169053999760668,13.366701489073886
2024-01-03,2024-01-03 07:00:00,2024-01-03 17:00:00,1,20,TIME_EXIT,18.21955800832577,142.3505,143.5435,141.88049999999998,83.80722231393523,1.235191565898234,82.572030748037
2024-01-04,2024-01-04 04:00:00,2024-01-04 17:00:00,1,26,TIME_EXIT,25.57267775980645,143.4955,144.5995,143.1215,76.93621054318871,1.2847947405014086,75.6514158026873
2024-01-05,2024-01-05 06:00:00,2024-01-05 15:00:00,1,18,SL,19.630680541778567,145.16899999999998,144.6715,144.6715,-34.27040208308757,1.2186571743638424,-35.48905925745141
2024-01-08,2024-01-08 06:00:00,2024-01-08 12:00:00,-1,12,SL,24.25233515341295,144.192,144.666,144.666,-32.87283621837477,1.169053999760668,-34.04189021813544
2024-01-09,2024-01-09 06:30:00,2024-01-09 17:00:00,1,21,TIME_EXIT,38.626863798471106,144.071,144.4135,143.4235,23.773000812099667,1.2434587616654298,22.529542050434237
2024-01-10,2024-01-10 06:30:00,2024-01-10 17:00:00,1,21,TIME_EXIT,28.02147621288224,145.0685,145.6715,144.53199999999998,41.56657027542221,1.2434587616654298,40.32311151375678
2024-01-11,2024-01-11 13:30:00,2024-01-11 17:00:00,1,7,TIME_EXIT,19.57937043205432,146.2505,145.9855,145.30599999999998,-18.119596172319845,1.127718020924689,-19.247314193244534
2024-01-12,2024-01-12 13:00:00,2024-01-12 13:30:00,1,1,SL,38.83421415084244,145.4315,144.8465,144.8465,-40.22512316795247,1.0781148463215144,-41.30323801427398
2024-01-15,2024-01-15 04:00:00,2024-01-15 17:00:00,1,26,TIME_EXIT,16.524477961037594,145.204,145.687,144.9365,33.26354645877552,1.2847947405014086,31.978751718274115
2024-01-16,2024-01-16 08:30:00,2024-01-16 17:00:00,1,17,TIME_EXIT,27.16030754247331,146.43200000000002,147.233,145.801,54.70115821678237,1.2103899785966465,53.49076823818572
2024-01-17,2024-01-17 05:00:00,2024-01-17 17:00:00,1,24,TIME_EXIT,21.34595055761149,147.447,148.34199999999998,147.1005,60.69977686897541,1.268260348967017,59.431516520008394
2024-01-18,2024-01-18 06:00:00,2024-01-18 13:30:00,-1,15,SL,19.510050888434233,147.8355,148.161,148.161,-22.01771563663702,1.1938555870622551,-23.211571223699277
2024-01-19,2024-01-19 05:30:00,2024-01-19 09:00:00,1,7,SL,31.552241932052077,148.652,148.0085,148.0085,-43.28902402927569,1.127718020924689,-44.41674205020038
2024-01-22,2024-01-22 08:30:00,2024-01-22 12:30:00,1,8,SL,25.214065725792956,148.24400000000003,147.735,147.735,-34.335285070560325,1.1359852166918847,-35.47127028725221
2024-01-23,2024-01-23 06:30:00,2024-01-23 16:00:00,-1,19,SL,47.34400151500921,147.131,148.554,148.554,-96.716531526327,1.2269243701310382,-97.94345589645805
2024-01-24,2024-01-24 08:00:00,2024-01-24 17:00:00,-1,18,TIME_EXIT,34.00923156056673,147.586,147.18599999999998,148.25650000000002,27.10284173295801,1.2186571743638424,25.884184558594168
2024-01-25,2024-01-25 11:30:00,2024-01-25 13:30:00,-1,4,SL,19.48260965321109,147.517,147.85500000000002,147.85500000000002,-22.91261346150086,1.1029164336231017,-24.01552989512396
2024-01-26,2024-01-26 04:30:00,2024-01-26 13:30:00,1,18,SL,15.730679911173926,147.7945,147.48250000000002,147.48250000000002,-21.110393147240487,1.2186571743638424,-22.329050321604328
2024-01-29,2024-01-29 06:00:00,2024-01-29 17:00:00,-1,22,TIME_EXIT,15.165998439488186,147.928,147.63799999999998,148.253,19.604131739766675,1.2517259574326256,18.35240578233405
2024-01-30,2024-01-30 07:30:00,2024-01-30 08:00:00,-1,1,SL,15.993208828523043,147.226,147.4855,147.4855,-17.625962805482914,1.0781148463215144,-18.70407765180443
2024-01-31,2024-01-31 06:00:00,2024-01-31 14:00:00,1,16,SL,24.22112462006267,147.81,147.392,147.392,-28.279548068466703,1.202122782829451,-29.481670851296155
2024-02-01,2024-02-01 07:00:00,2024-02-01 13:30:00,1,13,SL,31.677544444140928,146.9765,146.476,146.476,-34.0530629046132,1.1773211955278635,-35.230384100141066
2024-02-02,2024-02-02 06:30:00,2024-02-02 17:00:00,1,21,TIME_EXIT,14.906594458575348,146.48399999999998,148.462,146.244,135.03181234810688,1.2434587616654298,133.78835358644145
2024-02-05,2024-02-05 05:30:00,2024-02-05 15:00:00,-1,19,SL,23.01910956826506,148.3365,148.69650000000001,148.69650000000001,-24.269144816010463,1.2269243701310382,-25.4960691861415
2024-02-06,2024-02-06 05:30:00,2024-02-06 09:00:00,-1,7,SL,13.773965521305591,148.43900000000002,148.673,148.673,-15.764051226428391,1.127718020924689,-16.89176924735308
2024-02-07,2024-02-07 05:00:00,2024-02-07 14:30:00,1,19,SL,18.854193111617484,147.993,147.7125,147.7125,-18.95359915671615,1.2269243701310382,-20.18052352684719
2024-02-08,2024-02-08 04:30:00,2024-02-08 17:00:00,1,25,TIME_EXIT,31.940027106774092,148.486,149.2985,147.9335,54.718963403957275,1.2765275447342128,53.44243585922306
2024-02-12,2024-02-12 07:30:00,2024-02-12 14:00:00,-1,13,SL,8.382032944742285,149.09699999999998,149.2535,149.2535,-10.496522398171829,1.1773211955278635,-11.673843593699692
2024-02-13,2024-02-13 04:30:00,2024-02-13 13:00:00,1,17,SL,16.612575317597635,149.555,149.2845,149.2845,-18.08699140784316,1.2103899785966465,-19.29738138643981
2024-02-14,2024-02-14 04:00:00,2024-02-14 13:30:00,-1,19,SL,13.355526098092911,150.4595,150.7005,150.7005,-16.01759942044297,1.2269243701310382,-17.244523790574007
2024-02-15,2024-02-15 05:00:00,2024-02-15 17:00:00,-1,24,TIME_EXIT,11.589067646185644,150.10199999999998,150.14999999999998,150.3155,-3.197825478674623,1.268260348967017,-4.46608582764164
2024-02-16,2024-02-16 13:30:00,2024-02-16 17:00:00,1,7,TIME_EXIT,21.02597424234757,150.52100000000002,150.3735,150.0525,-9.799297108045254,1.127718020924689,-10.927015128969943
2024-02-19,2024-02-19 04:30:00,2024-02-19 17:00:00,1,25,TIME_EXIT,8.740588021391105,150.02800000000002,150.1795,149.8755,10.098115018527887,1.2765275447342128,8.821587473793674
2024-02-20,2024-02-20 05:00:00,2024-02-20 10:00:00,1,10,SL,11.618268312090201,150.394,150.1945,150.1945,-13.265156854661786,1.1525196082262763,-14.417676462888062
2024-02-21,2024-02-21 07:30:00,2024-02-21 17:00:00,1,19,TIME_EXIT,15.91549107798365,150.147,150.33100000000002,149.85399999999998,12.254657102707743,1.2269243701310382,11.027732732576705
2024-02-22,2024-02-22 04:30:00,2024-02-22 13:00:00,-1,17,SL,10.778550684138974,150.2895,150.4605,150.4605,-11.378040382062103,1.2103899785966465,-12.58843036065875
2024-02-23,2024-02-23 04:30:00,2024-02-23 13:00:00,1,16,SL,8.8113929648504,150.53199999999998,150.3735,150.3735,-10.529322668932535,1.202122782829451,-11.731445451761985
2024-02-26,2024-02-26 04:30:00,2024-02-26 17:00:00,1,25,TIME_EXIT,13.573350987561602,150.5025,150.777,150.2945,18.238899686051003,1.2765275447342128,16.96237214131679
2024-02-27,2024-02-27 04:00:00,2024-02-27 17:00:00,-1,26,TIME_EXIT,10.237693992667177,150.41500000000002,150.49200000000002,150.5785,-5.119170295515618,1.2847947405014086,-6.403965036017026
2024-02-28,2024-02-28 04:00:00,2024-02-28 17:00:00,1,26,TIME_EXIT,11.105606336178884,150.57,150.70499999999998,150.3745,8.965929468020915,1.2847947405014086,7.681134727519507
2024-02-29,2024-02-29 07:30:00,2024-02-29 17:00:00,-1,19,TIME_EXIT,57.0422840959556,149.66500000000002,150.01799999999997,150.5675,-23.58600875287821,1.2269243701310382,-24.81293312300925
2024-03-01,2024-03-01 05:00:00,2024-03-01 15:00:00,1,20,SL,13.180799968045152,150.452,150.2185,150.2185,-15.519900034562005,1.235191565898234,-16.75509160046024
2024-03-04,2024-03-04 04:30:00,2024-03-04 17:00:00,1,25,TIME_EXIT,15.669225973574697,150.2545,150.46949999999998,149.9755,14.30905563560326,1.2765275447342128,13.032528090869047
2024-03-05,2024-03-05 08:00:00,2024-03-05 17:00:00,-1,18,TIME_EXIT,10.240383016922989,150.3785,150.079,150.539,19.916410923103687,1.2186571743638424,18.697753748739846
2024-03-06,2024-03-06 05:00:00,2024-03-06 17:00:00,-1,24,TIME_EXIT,9.906967900757717,149.8635,149.243,150.043,41.404344620270635,1.268260348967017,40.136084271303616
2024-03-07,2024-03-07 04:00:00,2024-03-07 17:00:00,-1,26,TIME_EXIT,27.968497576737256,148.43599999999998,148.2055,148.9755,15.52857797299698,1.2847947405014086,14.24378323249557
2024-03-08,2024-03-08 09:00:00,2024-03-08 17:00:00,-1,16,TIME_EXIT,31.42460465273964,147.4065,147.058,148.119,23.642105334568107,1.202122782829451,22.439982551738655
2024-03-12,2024-03-12 05:30:00,2024-03-12 17:00:00,1,23,TIME_EXIT,39.42651109423942,147.5225,147.7465,146.8555,15.18412445559081,1.2599931531998212,13.92413130239099
2024-03-13,2024-03-13 04:30:00,2024-03-13 17:00:00,1,25,TIME_EXIT,20.61323525915866,147.574,147.5315,147.2355,-2.8799110954516505,1.2765275447342128,-4.156438640185863
2024-03-14,2024-03-14 04:00:00,2024-03-14 13:00:00,1,18,SL,26.84172532645672,147.9335,147.5315,147.5315,-27.174372268621727,1.2186571743638424,-28.39302944298557
2024-03-15,2024-03-15 04:00:00,2024-03-15 08:00:00,-1,8,SL,21.03155744749774,148.33300000000003,148.6605,148.6605,-22.07870130045144,1.1359852166918847,-23.214686517143324
2024-03-19,2024-03-19 04:30:00,2024-03-19 17:00:00,1,25,TIME_EXIT,61.471971867848474,149.96949999999998,150.9275,149.011,63.87965552995955,1.2765275447342128,62.603127985225335
2024-03-20,2024-03-20 04:00:00,2024-03-20 17:00:00,1,26,TIME_EXIT,11.810359372364676,151.446,151.58100000000002,151.1385,8.914068380810278,1.2847947405014086,7.6292736403088695
2024-03-21,2024-03-21 04:30:00,2024-03-21 17:00:00,1,25,TIME_EXIT,25.820963561163754,150.765,151.7065,150.2655,62.44818094385429,1.2765275447342128,61.171653399120075
2024-03-22,2024-03-22 06:30:00,2024-03-22 17:00:00,-1,21,TIME_EXIT,29.222773290715114,151.30900000000003,151.39800000000002,151.8655,-5.882003053354303,1.2434587616654298,-7.125461815019733
2024-03-25,2024-03-25 04:30:00,2024-03-25 17:00:00,1,25,TIME_EXIT,17.841183674820005,151.3685,151.4505,151.055,5.417243349837888,1.2765275447342128,4.1407158051036745
2024-03-26,2024-03-26 12:30:00,2024-03-26 17:00:00,1,9,TIME_EXIT,13.853895953603756,151.4545,151.4955,151.221,2.707083645583117,1.1442524124590805,1.5628312331240366
2024-03-27,2024-03-27 09:00:00,2024-03-27 17:00:00,-1,16,TIME_EXIT,31.088903703606164,151.19600000000003,151.385,151.97199999999998,-12.500330696576926,1.202122782829451,-13.702453479406376
2024-03-28,2024-03-28 12:30:00,2024-03-28 17:00:00,-1,9,TIME_EXIT,18.90777830299393,151.215,151.37,151.5465,-10.250305855900613,1.1442524124590805,-11.394558268359694
2024-03-29,2024-03-29 12:30:00,2024-03-29 17:00:00,-1,8,TIME_EXIT,13.090952366783299,151.22750000000002,151.27499999999998,151.4475,-3.1409631184775777,1.1359852166918847,-4.276948335169463
2024-04-01,2024-04-01 12:00:00,2024-04-01 16:00:00,1,8,TIME_EXIT,11.966863029007413,151.4645,151.697,151.25099999999998,15.350131548977876,1.1359852166918847,14.214146332285992
2024-04-02,2024-04-02 14:00:00,2024-04-02 16:00:00,-1,4,TIME_EXIT,18.679436448662045,151.49200000000002,151.575,151.7865,-5.478837166317032,1.1029164336231017,-6.581753599940133
2024-04-03,2024-04-03 06:00:00,2024-04-03 16:00:00,1,20,TIME_EXIT,13.04112411188234,151.649,151.6405,151.44400000000002,-0.5605048500153614,1.235191565898234,-1.7956964159135955
2024-04-04,2024-04-04 07:00:00,2024-04-04 13:30:00,1,13,SL,11.284149399497972,151.719,151.54000000000002,151.54000000000002,-11.798126800201269,1.1773211955278635,-12.975447995729132
2024-04-05,2024-04-05 08:00:00,2024-04-05 16:00:00,1,16,TIME_EXIT,35.14320857494297,151.4205,151.58100000000002,150.8115,10.599621583604149,1.202122782829451,9.397498800774699
2024-04-08,2024-04-08 07:00:00,2024-04-08 16:00:00,1,18,TIME_EXIT,9.592974382474647,151.841,151.8425,151.6735,0.09878754749988154,1.2186571743638424,-1.1198696268639607
2024-04-09,2024-04-09 12:30:00,2024-04-09 16:00:00,-1,7,TIME_EXIT,8.762076678051747,151.77100000000002,151.7055,151.9235,4.3157124878938875,1.127718020924689,3.187994466969198
2024-04-10,2024-04-10 05:00:00,2024-04-10 16:00:00,1,22,TIME_EXIT,6.757536301156723,151.79500000000002,152.95100000000002,151.6825,76.15534108501636,1.2517259574326256,74.90361512758373
2024-04-11,2024-04-11 06:00:00,2024-04-11 16:00:00,1,20,TIME_EXIT,16.070855781252593,153.077,153.25400000000002,152.761,11.562808259896714,1.235191565898234,10.32761669399848
2024-04-12,2024-04-12 08:30:00,2024-04-12 12:30:00,1,8,SL,21.9983525750821,153.3095,152.966,152.966,-22.405656531396026,1.1359852166918847,-23.541641748087912
2024-04-15,2024-04-15 04:00:00,2024-04-15 16:00:00,1,24,TIME_EXIT,30.17314492243278,153.79199999999997,154.2475,153.28199999999998,29.61792550978134,1.268260348967017,28.34966516081432
2024-04-16,2024-04-16 06:00:00,2024-04-16 13:30:00,1,15,SL,18.71754031407832,154.4865,154.1335,154.1335,-22.849893032725102,1.1938555870622551,-24.043748619787358
2024-04-17,2024-04-17 04:00:00,2024-04-17 16:00:00,-1,24,TIME_EXIT,7.92300776778164,154.60399999999998,154.37099999999998,154.7355,15.07076142920003,1.268260348967017,13.802501080233013
2024-04-18,2024-04-18 09:30:00,2024-04-18 16:00:00,1,13,TIME_EXIT,29.293322941025064,154.418,154.6155,153.95999999999998,12.789959719721205,1.1773211955278635,11.612638524193342
2024-04-22,2024-04-22 09:30:00,2024-04-22 16:30:00,1,11,TIME_EXIT,9.76799397101367,154.769,154.79899999999998,154.5865,1.9383726715280654,1.1607868039934721,0.7775858675345932
2024-04-23,2024-04-23 08:00:00,2024-04-23 13:30:00,1,11,SL,10.862677650041146,154.8485,154.65800000000002,154.65800000000002,-12.302347132841836,1.1607868039934721,-13.463133936835309
2024-04-24,2024-04-24 03:00:00,2024-04-24 16:00:00,1,22,TIME_EXIT,5.331454937895452,154.83999999999997,155.11849999999998,154.74200000000002,17.986308447430137,1.2517259574326256,16.73458248999751
2024-04-25,2024-04-25 03:00:00,2024-04-25 16:00:00,1,26,TIME_EXIT,12.786158741611644,155.4555,155.535,155.24599999999998,5.1140036859420155,1.2847947405014086,3.829208945440607
2024-04-26,2024-04-26 03:00:00,2024-04-26 08:00:00,1,10,SL,7.875863532180281,155.8555,155.5385,155.5385,-20.339352797944716,1.1525196082262763,-21.49187240617099
2024-04-29,2024-04-29 04:00:00,2024-04-29 16:00:00,-1,24,TIME_EXIT,136.69422062782624,157.1325,156.46949999999998,160.214,42.19369003866233,1.268260348967017,40.925429689695314
2024-04-30,2024-04-30 12:00:00,2024-04-30 16:00:00,1,8,TIME_EXIT,53.50007684032555,157.0265,157.534,156.168,32.31938558141417,1.1359852166918847,31.18340036472228
2024-05-01,2024-05-01 03:30:00,2024-05-01 13:00:00,1,19,SL,13.15893777249191,157.91649999999998,157.6875,157.6875,-14.501334566051364,1.2269243701310382,-15.728258936182403
2024-05-02,2024-05-02 06:00:00,2024-05-02 16:00:00,-1,20,TIME_EXIT,40.40923180701159,155.3765,153.52100000000002,156.2865,119.41960335056962,1.235191565898234,118.18441178467138
2024-05-03,2024-05-03 12:30:00,2024-05-03 16:00:00,-1,7,TIME_EXIT,45.465257865588136,152.202,152.76049999999998,153.4485,-36.694655786387884,1.127718020924689,-37.82237380731257
2024-05-06,2024-05-06 03:00:00,2024-05-06 16:00:00,1,26,TIME_EXIT,32.02410612958254,153.912,153.94299999999998,153.322,2.0141379489563835,1.2847947405014086,0.7293432084549749
2024-05-07,2024-05-07 15:30:00,2024-05-07 16:00:00,1,1,TIME_EXIT,46.72639066252004,154.594,154.5165,153.8745,-5.013131169384734,1.0781148463215144,-6.091246015706249
2024-05-08,2024-05-08 07:00:00,2024-05-08 16:00:00,1,18,TIME_EXIT,37.138553632727756,155.2685,155.50400000000002,154.69099999999997,15.167274753090952,1.2186571743638424,13.94861757872711
2024-05-09,2024-05-09 06:30:00,2024-05-09 16:00:00,1,19,TIME_EXIT,35.029147989287885,155.75799999999998,155.6335,155.1565,-7.993168890200402,1.2269243701310382,-9.22009326033144
2024-05-10,2024-05-10 12:30:00,2024-05-10 16:00:00,1,7,TIME_EXIT,26.486357755706926,155.82799999999997,155.813,155.363,-0.9625997895106374,1.127718020924689,-2.0903178104353266
2024-05-13,2024-05-13 15:00:00,2024-05-13 16:00:00,1,2,TIME_EXIT,29.002003131703294,156.20600000000002,156.17899999999997,155.5065,-1.7284867418693042,1.0863820420887103,-2.8148687839580147
2024-05-14,2024-05-14 06:00:00,2024-05-14 16:00:00,1,20,TIME_EXIT,17.314437872852395,156.506,156.5145,156.228,0.5431101683001262,1.235191565898234,-0.6920813975981078
2024-05-15,2024-05-15 05:00:00,2024-05-15 16:00:00,-1,22,TIME_EXIT,16.08982150854027,156.27499999999998,154.9155,156.5615,86.99408094704647,1.2517259574326256,85.74235498961384
2024-05-16,2024-05-16 08:00:00,2024-05-16 16:00:00,1,16,TIME_EXIT,61.00260416666558,154.77800000000002,155.3265,153.60000000000002,35.43785292483363,1.202122782829451,34.23573014200418
2024-05-20,2024-05-20 03:30:00,2024-05-20 12:00:00,-1,17,SL,13.002773925104973,155.7255,155.9385,155.9385,-13.677914021787943,1.2103899785966465,-14.88830400038459
2024-05-21,2024-05-21 06:00:00,2024-05-21 16:00:00,-1,20,TIME_EXIT,9.850011193196123,156.2935,156.1705,156.49900000000002,7.869809045161217,1.235191565898234,6.6346174792629835
2024-05-22,2024-05-22 04:30:00,2024-05-22 16:00:00,1,22,TIME_EXIT,13.224887124147779,156.35500000000002,156.497,156.14499999999998,9.081896965239096,1.2517259574326256,7.83017100780647
2024-05-23,2024-05-23 06:00:00,2024-05-23 13:30:00,-1,15,SL,16.342424871127864,156.62900000000002,156.9035,156.9035,-17.525490171040424,1.1938555870622551,-18.71934575810268
2024-05-24,2024-05-24 15:30:00,2024-05-24 16:00:00,-1,1,TIME_EXIT,14.178838163698673,156.906,156.8505,157.1465,3.5371496309889356,1.0781148463215144,2.459034784667421
2024-05-27,2024-05-27 08:30:00,2024-05-27 16:00:00,1,15,TIME_EXIT,15.700591005985427,156.9485,156.91199999999998,156.68200000000002,-2.3256036215712776,1.1938555870622551,-3.519459208633533
2024-05-28,2024-05-28 03:00:00,2024-05-28 08:30:00,-1,11,SL,15.25299874593755,156.66699999999997,156.92950000000002,156.92950000000002,-16.755283499399713,1.1607868039934721,-17.916070303393184
2024-05-29,2024-05-29 06:00:00,2024-05-29 14:30:00,-1,17,SL,12.849300603662572,157.102,157.409,157.409,-19.541444411909968,1.2103899785966465,-20.751834390506616
2024-05-30,2024-05-30 04:30:00,2024-05-30 16:00:00,-1,23,TIME_EXIT,20.533162965294345,157.1845,156.671,157.6295,32.66861554415491,1.2599931531998212,31.408622390955088
2024-05-31,2024-05-31 07:30:00,2024-05-31 14:00:00,1,13,SL,28.836205244803192,157.1445,156.574,156.574,-36.304165910991564,1.1773211955278635,-37.48148710651943
2024-06-03,2024-06-03 03:30:00,2024-06-03 10:00:00,1,13,SL,19.904838945967118,157.4235,156.997,156.997,-27.09252430545477,1.1773211955278635,-28.269845500982633
2024-06-04,2024-06-04 06:00:00,2024-06-04 16:00:00,-1,20,TIME_EXIT,32.246897117655834,155.9555,154.82100000000003,156.48700000000002,72.74510998329487,1.235191565898234,71.50991841739663
2024-06-05,2024-06-05 03:30:00,2024-06-05 16:00:00,1,25,TIME_EXIT,24.823095149826358,155.4885,156.13299999999998,155.0975,41.450010772500455,1.2765275447342128,40.17348322776624
2024-06-06,2024-06-06 06:00:00,2024-06-06 16:00:00,1,20,TIME_EXIT,36.7541750747473,156.1345,155.9175,155.3565,-13.898273603848795,1.235191565898234,-15.133465169747028
2024-06-07,2024-06-07 04:00:00,2024-06-07 12:30:00,-1,17,SL,22.817549587999782,155.5595,155.937,155.937,-24.267241794940052,1.2103899785966465,-25.4776317735367
2024-06-10,2024-06-10 03:00:00,2024-06-10 16:00:00,1,26,TIME_EXIT,17.642817490955178,157.1235,156.94799999999998,156.721,-11.169557704609938,1.2847947405014086,-12.454352445111347
2024-06-11,2024-06-11 07:00:00,2024-06-11 12:00:00,1,10,SL,16.27025822268998,157.32299999999998,157.035,157.035,-18.306287065462936,1.1525196082262763,-19.45880667368921
2024-06-12,2024-06-12 05:30:00,2024-06-12 12:30:00,1,14,SL,12.639608777047751,157.24599999999998,157.046,157.046,-12.718924487744594,1.1855883912950593,-13.904512879039654
2024-06-13,2024-06-13 04:30:00,2024-06-13 12:30:00,1,16,SL,20.48552611425933,157.046,156.696,156.696,-22.286463838620172,1.202122782829451,-23.488586621449624
2024-06-14,2024-06-14 03:00:00,2024-06-14 09:30:00,1,13,SL,17.381283604612378,157.7695,157.0655,157.0655,-44.6220593967787,1.1773211955278635,-45.79938059230657
2024-06-17,2024-06-17 08:00:00,2024-06-17 16:00:00,1,16,TIME_EXIT,17.101841785712363,157.639,157.74900000000002,157.293,6.977968649890803,1.202122782829451,5.775845867061352
2024-06-18,2024-06-18 05:00:00,2024-06-18 16:00:00,1,22,TIME_EXIT,13.490436074378689,157.7505,157.75900000000001,157.519,0.5388255504753631,1.2517259574326256,-0.7129004069572625
2024-06-19,2024-06-19 06:30:00,2024-06-19 12:00:00,-1,11,SL,12.711958434113493,157.668,157.926,157.926,-16.363497983102555,1.1607868039934721,-17.524284787096025
2024-06-20,2024-06-20 04:00:00,2024-06-20 16:00:00,1,24,TIME_EXIT,10.319296768414778,158.131,158.7785,157.9565,40.94706287824702,1.268260348967017,39.67880252928
2024-06-21,2024-06-21 07:30:00,2024-06-21 13:30:00,-1,11,SL,19.046000025183574,158.7755,159.1285,159.1285,-22.232649243744067,1.1607868039934721,-23.393436047737538
2024-06-24,2024-06-24 09:00:00,2024-06-24 16:00:00,-1,14,TIME_EXIT,18.04036531739836,159.62599999999998,159.6715,159.93,-2.850412840015569,1.1855883912950593,-4.036001231310628
2024-06-25,2024-06-25 15:00:00,2024-06-25 16:00:00,1,2,TIME_EXIT,32.22574353207823,159.7405,159.6935,159.1895,-2.9422719973955913,1.0863820420887103,-4.028654039484302
2024-06-26,2024-06-26 07:00:00,2024-06-26 16:00:00,1,18,TIME_EXIT,14.718132112459912,159.9185,160.66699999999997,159.66699999999997,46.80509134340171,1.2186571743638424,45.58643416903787
2024-06-27,2024-06-27 04:00:00,2024-06-27 15:30:00,-1,23,SL,20.981157486501036,160.377,160.7185,160.7185,-21.293577009171912,1.2599931531998212,-22.553570162371734
2024-06-28,2024-06-28 10:00:00,2024-06-28 16:00:00,-1,12,TIME_EXIT,39.27744441401469,160.60899999999998,160.8365,161.28300000000002,-14.16483509641555,1.169053999760668,-15.333889096176218
2024-07-01,2024-07-01 12:00:00,2024-07-01 16:00:00,1,8,TIME_EXIT,27.715220664168747,161.2595,161.4815,160.74200000000002,13.766630803147002,1.1359852166918847,12.630645586455117
2024-07-02,2024-07-02 03:00:00,2024-07-02 13:00:00,1,20,SL,12.913535056995238,161.6685,161.45850000000002,161.45850000000002,-12.989543417547607,1.235191565898234,-14.22473498344584
2024-07-03,2024-07-03 04:30:00,2024-07-03 14:00:00,1,18,SL,12.604950927407941,161.716,161.4445,161.4445,-16.788691285958294,1.2186571743638424,-18.007348460322135
2024-07-04,2024-07-04 10:30:00,2024-07-04 19:00:00,-1,11,TIME_EXIT,28.825955150660565,161.0635,161.208,161.60399999999998,-8.971616784683906,1.1607868039934721,-10.132403588677379
2024-07-05,2024-07-05 03:00:00,2024-07-05 16:00:00,-1,26,TIME_EXIT,35.62912136596999,160.5475,160.837,161.3965,-18.03204659057135,1.2847947405014086,-19.31684133107276
2024-07-08,2024-07-08 06:00:00,2024-07-08 16:00:00,1,20,TIME_EXIT,29.233106727360525,160.7455,160.78199999999998,160.2635,2.270670096518381,1.235191565898234,1.0354785306201468
2024-07-09,2024-07-09 12:30:00,2024-07-09 16:00:00,1,7,TIME_EXIT,22.734765219230148,161.13299999999998,161.377,160.767,15.142770258111513,1.127718020924689,14.015052237186824
2024-07-10,2024-07-10 13:30:00,2024-07-10 16:00:00,1,5,TIME_EXIT,17.916647293128577,161.5995,161.7125,161.3025,6.992595892932809,1.1111836293902975,5.8814122635425115
2024-07-11,2024-07-11 04:30:00,2024-07-11 09:00:00,1,9,SL,11.859237355047126,161.6875,161.47750000000002,161.47750000000002,-12.988017008116245,1.1442524124590805,-14.132269420575325
2024-07-12,2024-07-12 14:00:00,2024-07-12 16:00:00,-1,4,TIME_EXIT,88.83895368157737,157.836,157.9685,159.386,-8.394789528370788,1.1029164336231017,-9.49770596199389
2024-07-15,2024-07-15 07:00:00,2024-07-15 16:00:00,-1,18,TIME_EXIT,28.527734593917273,157.9085,157.921,158.36700000000002,-0.7915976657360834,1.2186571743638424,-2.010254840099926
2024-07-16,2024-07-16 05:00:00,2024-07-16 16:00:00,1,22,TIME_EXIT,39.21370202646321,158.75099999999998,158.594,158.108,-9.889701482194273,1.2517259574326256,-11.141427439626899
2024-07-17,2024-07-17 04:30:00,2024-07-17 16:00:00,-1,23,TIME_EXIT,20.118944971369206,158.22,156.4855,158.627,109.62583744153692,1.2599931531998212,108.3658442883371
2024-07-18,2024-07-18 08:30:00,2024-07-18 16:00:00,1,15,TIME_EXIT,63.10264310663089,156.4665,156.9365,155.461,30.038378822303745,1.1938555870622551,28.84452323524149
2024-07-19,2024-07-19 05:00:00,2024-07-19 07:00:00,1,4,SL,29.700984621065505,157.6995,157.0655,157.0655,-40.20304439773206,1.1029164336231017,-41.30596083135516
2024-07-22,2024-07-22 05:00:00,2024-07-22 16:00:00,-1,22,TIME_EXIT,17.73297570772982,157.0895,157.0745,157.613,0.9548696762028245,1.2517259574326256,-0.2968562812298011
2024-07-23,2024-07-23 03:00:00,2024-07-23 16:00:00,-1,26,TIME_EXIT,26.098484243477788,156.4305,155.97199999999998,156.93099999999998,29.310140925204166,1.2847947405014086,28.02534618470276
2024-07-24,2024-07-24 03:00:00,2024-07-24 16:00:00,-1,26,TIME_EXIT,52.35888876716566,155.14499999999998,153.5315,155.9915,103.99948435334609,1.2847947405014086,102.71468961284468
2024-07-25,2024-07-25 03:00:00,2024-07-25 13:00:00,-1,20,SL,95.26806847761253,152.2785,153.97,153.97,-111.0793710208592,1.235191565898234,-112.31456258675743
2024-07-26,2024-07-26 08:00:00,2024-07-26 14:00:00,1,12,SL,49.54884472956702,154.265,153.38400000000001,153.38400000000001,-57.10951933361241,1.169053999760668,-58.27857333337308
2024-07-30,2024-07-30 04:30:00,2024-07-30 16:00:00,1,23,SL,41.07564819455928,154.4405,153.619,153.619,-53.19200598288572,1.2599931531998212,-54.45199913608554
2024-07-31,2024-07-31 03:30:00,2024-07-31 07:00:00,1,7,SL,80.96088041259365,153.589,152.1105,152.1105,-96.26340428025425,1.127718020924689,-97.39112230117894
2024-08-01,2024-08-01 06:00:00,2024-08-01 16:00:00,1,20,TIME_EXIT,93.22416219455555,150.0275,149.8465,148.513,-12.06445484994495,1.235191565898234,-13.299646415843183
2024-08-02,2024-08-02 06:30:00,2024-08-02 16:00:00,-1,19,TIME_EXIT,56.129043087098225,148.8555,147.14749999999998,149.7785,114.7421492655647,1.2269243701310382,113.51522489543366
2024-08-05,2024-08-05 03:30:00,2024-08-05 16:00:00,-1,25,TIME_EXIT,81.26739840711588,144.367,144.7565,145.94549999999998,-26.979849965712262,1.2765275447342128,-28.256377510446473
2024-08-06,2024-08-06 13:00:00,2024-08-06 16:00:00,-1,6,TIME_EXIT,143.06057466764207,144.2465,145.262,146.37400000000002,-70.40032167158323,1.1194508251574933,-71.51977249674073
2024-08-07,2024-08-07 04:00:00,2024-08-07 16:00:00,1,24,TIME_EXIT,203.8056167610382,147.7825,147.3905,144.54950000000002,-26.525468171129592,1.268260348967017,-27.79372852009661
2024-08-08,2024-08-08 12:30:00,2024-08-08 16:00:00,1,7,TIME_EXIT,98.97926558003644,147.0675,147.24,145.4345,11.729307970830648,1.127718020924689,10.601589949905959
2024-08-09,2024-08-09 04:30:00,2024-08-09 16:00:00,-1,23,TIME_EXIT,50.80734019833129,146.8885,146.61599999999999,147.773,18.55148633146965,1.2599931531998212,17.29149317826983
2024-08-12,2024-08-12 03:30:00,2024-08-12 16:00:00,1,25,TIME_EXIT,25.63001438280095,147.2015,147.368,146.703,11.311026042532513,1.2765275447342128,10.0344984977983
2024-08-13,2024-08-13 04:00:00,2024-08-13 13:00:00,1,18,SL,34.555589944866234,147.596,147.0095,147.0095,-39.73684923710675,1.2186571743638424,-40.955506411470594
2024-08-14,2024-08-14 06:30:00,2024-08-14 16:00:00,1,19,TIME_EXIT,76.15976778972451,147.1905,146.887,146.0745,-20.61953726633074,1.2269243701310382,-21.84646163646178
2024-08-15,2024-08-15 05:30:00,2024-08-15 12:30:00,-1,14,SL,31.021079384063754,147.139,147.61450000000002,147.61450000000002,-32.3163811090201,1.1855883912950593,-33.501969500315155
2024-08-16,2024-08-16 08:30:00,2024-08-16 16:00:00,-1,15,TIME_EXIT,35.531203253946124,148.7145,148.0855,149.27100000000002,42.29580841141858,1.1938555870622551,41.101952824356324
2024-08-19,2024-08-19 03:00:00,2024-08-19 16:00:00,-1,26,TIME_EXIT,47.486346402544406,146.925,146.4975,148.005,29.096477794793877,1.2847947405014086,27.81168305429247
2024-08-20,2024-08-20 05:00:00,2024-08-20 14:00:00,1,18,SL,85.94446348988508,147.26600000000002,145.85000000000002,145.85000000000002,-96.15254030122341,1.2186571743638424,-97.37119747558725
2024-08-21,2024-08-21 04:30:00,2024-08-21 16:00:00,1,23,TIME_EXIT,45.08871126320696,145.676,145.11700000000002,144.93650000000002,-38.372827370326554,1.2599931531998212,-39.63282052352638
2024-08-22,2024-08-22 10:00:00,2024-08-22 16:00:00,1,12,TIME_EXIT,48.2258543013469,145.8495,146.1945,144.94299999999998,23.654520584575113,1.169053999760668,22.485466584814446
2024-08-23,2024-08-23 14:30:00,2024-08-23 16:00:00,-1,3,TIME_EXIT,71.71591687285577,145.213,144.8425,146.3375,25.514244592425797,1.0946492378559058,24.419595354569893
2024-08-26,2024-08-26 05:00:00,2024-08-26 16:00:00,1,22,TIME_EXIT,42.14041227195541,144.08249999999998,144.543,143.449,31.9608557597227,1.2517259574326256,30.709129802290075
2024-08-27,2024-08-27 07:00:00,2024-08-27 12:00:00,1,10,SL,35.20139559515462,145.06799999999998,144.4545,144.4545,-42.290512035734125,1.1525196082262763,-43.4430316439604
2024-08-28,2024-08-28 05:00:00,2024-08-28 16:00:00,1,22,TIME_EXIT,38.2175342046939,144.488,144.61,143.913,8.44360777365692,1.2517259574326256,7.191881816224294
2024-08-29,2024-08-29 05:00:00,2024-08-29 16:00:00,1,22,TIME_EXIT,29.31921205484022,144.76999999999998,144.9075,144.274,9.497824134835744,1.2517259574326256,8.246098177403118
2024-08-30,2024-08-30 06:00:00,2024-08-30 16:00:00,1,20,TIME_EXIT,20.116760164668833,145.04500000000002,146.075,144.6555,71.01244441380072,1.235191565898234,69.77725284790249
2024-09-02,2024-09-02 03:00:00,2024-09-02 08:00:00,-1,10,SL,43.96666346826092,145.834,146.5475,146.5475,-48.92549062632928,1.1525196082262763,-50.078010234555556
2024-09-03,2024-09-03 03:30:00,2024-09-03 16:00:00,-1,25,TIME_EXIT,43.87042192020285,146.54500000000002,145.76749999999998,147.211,53.05537548193604,1.2765275447342128,51.778847937201824
2024-09-04,2024-09-04 06:30:00,2024-09-04 16:00:00,-1,19,TIME_EXIT,45.61987121531268,144.8765,144.1725,145.554,48.59311206441206,1.2269243701310382,47.366187694281024
2024-09-05,2024-09-05 06:00:00,2024-09-05 14:30:00,-1,17,SL,42.288756843136944,143.0785,143.9065,143.9065,-57.87032992378331,1.2103899785966465,-59.080719902379954
2024-09-06,2024-09-06 03:30:00,2024-09-06 12:30:00,-1,18,SL,22.396846971183283,143.034,143.421,143.421,-27.056504047988625,1.2186571743638424,-28.275161222352466
2024-09-09,2024-09-09 06:30:00,2024-09-09 16:00:00,1,19,TIME_EXIT,40.05757618312104,143.005,142.87900000000002,142.42,-8.810880738434065,1.2269243701310382,-10.037805108565102
2024-09-10,2024-09-10 04:30:00,2024-09-10 07:00:00,-1,5,SL,29.870247835717766,143.084,143.5465,143.5465,-32.32367001202131,1.1111836293902975,-33.43485364141161
2024-09-11,2024-09-11 03:30:00,2024-09-11 12:30:00,-1,18,SL,65.51213599952092,141.39999999999998,142.4275,142.4275,-72.66619519094994,1.2186571743638424,-73.88485236531378
2024-09-12,2024-09-12 07:00:00,2024-09-12 12:30:00,1,11,SL,48.573035287503934,142.9775,142.26,142.26,-50.182721057509134,1.1607868039934721,-51.34350786150261
2024-09-13,2024-09-13 08:30:00,2024-09-13 16:00:00,-1,15,TIME_EXIT,55.5131324252806,140.7035,140.779,141.559,-5.36589352787992,1.1938555870622551,-6.559749114942175
2024-09-16,2024-09-16 03:00:00,2024-09-16 15:30:00,-1,25,SL,30.443188737089,140.255,140.853,140.853,-42.636626145236406,1.2765275447342128,-43.91315368997062
2024-09-17,2024-09-17 12:30:00,2024-09-17 16:00:00,1,7,TIME_EXIT,37.41381460564099,140.974,141.9565,140.3225,69.69370238483806,1.127718020924689,68.56598436391337
2024-09-18,2024-09-18 03:00:00,2024-09-18 12:00:00,-1,18,SL,45.47994426408079,141.35899999999998,142.024,142.024,-47.04334354374469,1.2186571743638424,-48.26200071810853
2024-09-19,2024-09-19 05:30:00,2024-09-19 16:00:00,-1,21,TIME_EXIT,87.03299475489692,142.5745,142.9395,143.94650000000001,-25.600650887782113,1.2434587616654298,-26.844109649447542
2024-09-20,2024-09-20 03:00:00,2024-09-20 06:30:00,-1,7,SL,52.97426210651737,142.052,142.89749999999998,142.89749999999998,-59.52045729732683,1.127718020924689,-60.64817531825152
2024-09-23,2024-09-23 06:00:00,2024-09-23 16:00:00,-1,20,TIME_EXIT,29.506204981340478,144.02300000000002,143.411,144.4625,42.49321288960951,1.235191565898234,41.258021323711276
2024-09-24,2024-09-24 05:00:00,2024-09-24 16:00:00,1,22,TIME_EXIT,37.24459726663855,143.98250000000002,143.618,143.3765,-25.31557654576222,1.2517259574326256,-26.567302503194846
2024-09-25,2024-09-25 06:30:00,2024-09-25 16:00:00,1,19,TIME_EXIT,40.934567667987736,143.685,144.4625,142.911,54.11142429620374,1.2269243701310382,52.8844999260727
2024-09-26,2024-09-26 07:00:00,2024-09-26 10:30:00,1,7,SL,34.82282244860421,145.103,144.4455,144.4455,-45.31263998676794,1.127718020924689,-46.44035800769263
2024-09-27,2024-09-27 04:30:00,2024-09-27 06:00:00,1,3,SL,44.225959465286145,145.79399999999998,144.9375,144.9375,-58.74727355035069,1.0946492378559058,-59.841922788206595
2024-09-30,2024-09-30 04:00:00,2024-09-30 12:00:00,-1,16,SL,40.45111249345474,142.22199999999998,142.846,142.846,-43.875068554796286,1.202122782829451,-45.077191337625734
2024-10-01,2024-10-01 03:00:00,2024-10-01 09:00:00,1,12,SL,32.75071174500992,144.18099999999998,143.661,143.661,-36.065778431276094,1.169053999760668,-37.234832431036764
2024-10-02,2024-10-02 03:30:00,2024-10-02 05:30:00,1,4,SL,32.2505372187216,144.1355,143.5635,143.5635,-39.68487985263885,1.1029164336231017,-40.78779628626195
2024-10-03,2024-10-03 07:00:00,2024-10-03 16:00:00,-1,18,TIME_EXIT,53.04985457375683,146.3655,146.87599999999998,147.243,-34.87843788324292,1.2186571743638424,-36.09709505760676
2024-10-04,2024-10-04 03:30:00,2024-10-04 12:30:00,-1,18,SL,36.85272911706977,146.377,146.933,146.933,-37.98410952540243,1.2186571743638424,-39.20276669976627
2024-10-07,2024-10-07 08:00:00,2024-10-07 16:00:00,-1,16,TIME_EXIT,38.72582587546424,148.164,148.1395,148.7955,1.6535730676810216,1.202122782829451,0.4514502848515707
2024-10-08,2024-10-08 13:30:00,2024-10-08 16:00:00,1,5,TIME_EXIT,46.233370053386416,148.25400000000002,148.1595,147.5125,-6.3741956372179285,1.1111836293902975,-7.485379266608226
2024-10-09,2024-10-09 05:00:00,2024-10-09 16:00:00,1,22,TIME_EXIT,28.375790046179294,148.5015,149.279,148.0135,52.356373504644964,1.2517259574326256,51.10464754721234
2024-10-10,2024-10-10 04:00:00,2024-10-10 07:30:00,1,7,SL,19.495793807651356,149.3895,149.00650000000002,149.00650000000002,-25.63767868558241,1.127718020924689,-26.7653967065071
2024-10-11,2024-10-11 06:00:00,2024-10-11 16:00:00,1,20,TIME_EXIT,26.582751870731254,148.8255,149.0355,148.40449999999998,14.11048509832038,1.235191565898234,12.875293532422146
2024-10-14,2024-10-14 08:00:00,2024-10-14 16:00:00,1,16,TIME_EXIT,15.086040718901652,149.4235,149.8825,149.1445,30.718059742945602,1.202122782829451,29.51593696011615
2024-10-15,2024-10-15 06:00:00,2024-10-15 16:00:00,-1,20,TIME_EXIT,20.141256453063693,149.417,149.377,149.7455,2.6770715514293584,1.235191565898234,1.4418799855311244
2024-10-16,2024-10-16 05:30:00,2024-10-16 16:00:00,1,21,TIME_EXIT,29.42312536736842,149.363,149.762,148.8625,26.713443088315106,1.2434587616654298,25.469984326649676
2024-10-17,2024-10-17 06:00:00,2024-10-17 16:00:00,1,20,TIME_EXIT,25.328075635799312,149.62099999999998,150.247,149.2415,41.83904665789115,1.235191565898234,40.60385509199292
2024-10-18,2024-10-18 05:00:00,2024-10-18 08:00:00,-1,6,SL,18.281779604471193,149.79950000000002,150.14999999999998,150.14999999999998,-23.39794191569091,1.1194508251574933,-24.517392740848404
2024-10-21,2024-10-21 06:30:00,2024-10-21 16:00:00,1,19,TIME_EXIT,35.01111703572484,149.63299999999998,150.51,149.09550000000002,58.61006596138617,1.2269243701310382,57.38314159125513
2024-10-22,2024-10-22 03:00:00,2024-10-22 16:00:00,1,26,TIME_EXIT,23.189753982623603,150.9635,151.167,150.4975,13.48007962189477,1.2847947405014086,12.195284881393361
2024-10-23,2024-10-23 04:00:00,2024-10-23 16:00:00,1,24,TIME_EXIT,44.131123027913105,151.936,152.89499999999998,151.14049999999997,63.118681550124705,1.268260348967017,61.85042120115769
2024-10-24,2024-10-24 04:00:00,2024-10-24 16:00:00,-1,24,TIME_EXIT,29.60415114527324,152.24,151.724,152.7945,33.89385181292824,1.268260348967017,32.62559146396122
2024-10-25,2024-10-25 04:00:00,2024-10-25 13:00:00,-1,18,SL,24.28520118493593,151.697,152.10700000000003,152.10700000000003,-27.027561520664545,1.2186571743638424,-28.246218695028386
2024-10-28,2024-10-28 06:00:00,2024-10-28 17:00:00,-1,22,TIME_EXIT,28.67504977402091,153.297,153.23899999999998,153.8835,3.783505221890914,1.2517259574326256,2.5317792644582884
2024-10-29,2024-10-29 05:00:00,2024-10-29 07:00:00,-1,4,SL,20.34621272587145,152.7815,153.16500000000002,153.16500000000002,-25.101206625149405,1.1029164336231017,-26.204123058772506
2024-10-30,2024-10-30 08:00:00,2024-10-30 12:00:00,-1,8,SL,21.552850201158893,153.041,153.442,153.442,-26.202128841291582,1.1359852166918847,-27.338114057983468
2024-10-31,2024-10-31 04:00:00,2024-10-31 17:00:00,-1,26,TIME_EXIT,43.96904840517931,152.8595,152.3,153.62099999999998,36.60223931126202,1.2847947405014086,35.31744457076061
2024-11-01,2024-11-01 04:00:00,2024-11-01 12:30:00,1,17,SL,32.97723188720446,152.473,151.923,151.923,-36.071960281493205,1.2103899785966465,-37.28235026008985
2024-11-04,2024-11-04 06:30:00,2024-11-04 11:30:00,1,10,SL,31.72823218997325,152.149,151.60000000000002,151.60000000000002,-36.083050167926054,1.1525196082262763,-37.23556977615233
2024-11-05,2024-11-05 04:00:00,2024-11-05 09:00:00,1,10,SL,18.335178899430872,152.4775,152.16649999999998,152.16649999999998,-20.396451935531935,1.1525196082262763,-21.548971543758213
2024-11-06,2024-11-06 12:00:00,2024-11-06 17:00:00,1,10,TIME_EXIT,110.81158100578726,154.40800000000002,154.481,152.6465,4.727734314282879,1.1525196082262763,3.5752147060566024
2024-11-07,2024-11-07 04:00:00,2024-11-07 17:00:00,-1,26,TIME_EXIT,25.47324822805552,154.07350000000002,153.07600000000002,154.6725,64.74182776402186,1.2847947405014086,63.45703302352045
2024-11-08,2024-11-08 04:00:00,2024-11-08 17:00:00,-1,26,TIME_EXIT,41.608150090517036,152.6745,152.6815,153.37,-0.45849175861096664,1.2847947405014086,-1.7432864991123753
2024-11-11,2024-11-11 04:00:00,2024-11-11 17:00:00,1,26,TIME_EXIT,28.13146313013955,153.50900000000001,153.8895,153.0315,24.78682031672303,1.2847947405014086,23.502025576221623
2024-11-12,2024-11-12 04:00:00,2024-11-12 09:30:00,-1,11,SL,31.38439700611265,153.56799999999998,154.06150000000002,154.06150000000002,-32.13560116691238,1.1607868039934721,-33.296387970905855
2024-11-13,2024-11-13 06:00:00,2024-11-13 13:30:00,1,15,SL,25.85074510971128,155.087,154.541,154.541,-35.20604563889896,1.1938555870622551,-36.399901225961216
2024-11-14,2024-11-14 09:30:00,2024-11-14 14:00:00,1,9,SL,22.799085467669595,156.11,155.708,155.708,-25.751072961374362,1.1442524124590805,-26.895325373833444
2024-11-15,2024-11-15 06:30:00,2024-11-15 17:00:00,-1,21,TIME_EXIT,23.643838684392602,156.101,154.4325,156.647,106.88592641943322,1.2434587616654298,105.64246765776778
2024-11-18,2024-11-18 12:00:00,2024-11-18 17:00:00,1,10,TIME_EXIT,67.65021755142023,155.1695,154.82299999999998,154.1015,-22.330419315652897,1.1525196082262763,-23.482938923879175
2024-11-19,2024-11-19 04:30:00,2024-11-19 08:30:00,1,8,SL,29.294559720952424,154.423,153.95350000000002,153.95350000000002,-30.403502068991166,1.1359852166918847,-31.53948728568305
2024-11-20,2024-11-20 04:00:00,2024-11-20 17:00:00,1,26,TIME_EXIT,18.940312159616173,155.12,155.224,154.69650000000001,6.704486848890214,1.2847947405014086,5.419692108388806
2024-11-21,2024-11-21 05:00:00,2024-11-21 06:00:00,1,2,SL,13.752760237091278,155.09199999999998,154.878,154.878,-13.798261676940053,1.0863820420887103,-14.884643719028762
2024-11-22,2024-11-22 05:00:00,2024-11-22 17:00:00,1,24,TIME_EXIT,20.008042130386887,154.5745,154.7175,154.188,9.25120249459003,1.268260348967017,7.982942145623014
2024-11-25,2024-11-25 05:00:00,2024-11-25 17:00:00,1,24,TIME_EXIT,44.5450253170738,154.2475,154.291,153.5525,2.820142952073424,1.268260348967017,1.5518826031064068
2024-11-26,2024-11-26 05:00:00,2024-11-26 17:00:00,-1,24,TIME_EXIT,32.330355080971316,153.613,153.37,154.2225,15.818973654573181,1.268260348967017,14.550713305606164
2024-11-27,2024-11-27 04:00:00,2024-11-27 17:00:00,-1,26,TIME_EXIT,42.490779992913254,152.325,150.72899999999998,153.0335,104.77597242737592,1.2847947405014086,103.49117768687451
2024-11-28,2024-11-28 07:30:00,2024-11-28 17:00:00,1,19,TIME_EXIT,26.62772719464142,151.75599999999997,151.5005,151.346,-16.83623711747698,1.2269243701310382,-18.063161487608017
2024-11-29,2024-11-29 07:00:00,2024-11-29 17:00:00,-1,20,TIME_EXIT,51.38454659810823,149.5985,150.0195,150.6205,-28.141993402339747,1.235191565898234,-29.37718496823798
2024-12-02,2024-12-02 11:30:00,2024-12-02 17:00:00,-1,11,TIME_EXIT,39.49318193170206,150.1505,149.4375,150.7455,47.485689358343386,1.1607868039934721,46.32490255434991
2024-12-03,2024-12-03 04:00:00,2024-12-03 13:00:00,1,18,SL,36.197249944852736,150.1775,149.59699999999998,149.59699999999998,-38.65425912670201,1.2186571743638424,-39.87291630106585
2024-12-04,2024-12-04 04:00:00,2024-12-04 17:00:00,1,26,TIME_EXIT,30.308599689229556,150.156,150.06,149.6275,-6.393350915048591,1.2847947405014086,-7.67814565555
2024-12-05,2024-12-05 05:00:00,2024-12-05 13:30:00,-1,17,SL,32.89178005120197,150.1215,150.6835,150.6835,-37.43634322865225,1.2103899785966465,-38.64673320724889
2024-12-06,2024-12-06 08:00:00,2024-12-06 13:30:00,1,11,SL,30.480069439808073,150.3385,149.76999999999998,149.76999999999998,-37.814664906196924,1.1607868039934721,-38.9754517101904
2024-12-09,2024-12-09 06:00:00,2024-12-09 17:00:00,1,22,TIME_EXIT,19.99946579056094,150.162,151.2655,149.75400000000002,73.48730038225362,1.2517259574326256,72.235574424821
2024-12-10,2024-12-10 04:00:00,2024-12-10 07:30:00,-1,7,SL,34.13127464254875,151.023,151.55,151.55,-34.8953470663419,1.127718020924689,-36.02306508726659
2024-12-11,2024-12-11 09:00:00,2024-12-11 17:00:00,1,16,TIME_EXIT,27.143583613466774,152.40249999999997,152.51799999999997,151.41699999999997,7.5786158363542135,1.202122782829451,6.376493053524762
2024-12-12,2024-12-12 05:30:00,2024-12-12 13:30:00,1,14,SL,30.33822847120891,152.4955,151.9535,151.9535,-35.54203238784106,1.1855883912950593,-36.72762077913612
2024-12-13,2024-12-13 04:00:00,2024-12-13 17:00:00,1,26,TIME_EXIT,26.236832451128993,153.05700000000002,153.78300000000002,152.648,47.43330915933273,1.2847947405014086,46.14851441883132
2024-12-16,2024-12-16 05:00:00,2024-12-16 12:30:00,-1,15,SL,17.30570925757984,153.69650000000001,153.97250000000003,153.97250000000003,-17.957468127121334,1.1938555870622551,-19.15132371418359
2024-12-17,2024-12-17 09:30:00,2024-12-17 17:00:00,-1,15,TIME_EXIT,28.283209201470875,153.7935,153.2775,154.2365,33.551482995054485,1.1938555870622551,32.35762740799223
2024-12-18,2024-12-18 04:00:00,2024-12-18 12:30:00,-1,17,SL,14.195527106618782,153.561,153.7875,153.7875,-14.74983882626365,1.2103899785966465,-15.960228804860296
2024-12-19,2024-12-19 06:30:00,2024-12-19 17:00:00,1,21,TIME_EXIT,63.1206867530715,156.1055,157.5455,154.466,92.24530846126483,1.2434587616654298,91.0018496995994
2024-12-20,2024-12-20 07:30:00,2024-12-20 17:00:00,-1,19,TIME_EXIT,60.15703952129589,156.832,156.0735,157.78300000000002,48.36385431544569,1.2269243701310382,47.136929945314655
2024-12-23,2024-12-23 07:00:00,2024-12-23 17:00:00,1,20,TIME_EXIT,22.610903764541195,156.7605,157.09,156.3405,21.019325659205983,1.235191565898234,19.78413409330775
2024-12-24,2024-12-24 04:00:00,2024-12-24 15:00:00,-1,22,SL,16.363798438753868,156.973,157.311,157.311,-21.53236543864192,1.2517259574326256,-22.784091396074547
2024-12-26,2024-12-26 11:00:00,2024-12-26 17:00:00,1,12,TIME_EXIT,14.65865369328159,157.56,158.0195,157.245,29.163493272403613,1.169053999760668,27.994439272642946
2024-12-27,2024-12-27 16:00:00,2024-12-27 17:00:00,-1,2,TIME_EXIT,28.15765748606404,157.473,157.7415,157.9495,-17.050541997675083,1.0863820420887103,-18.136924039763795
2024-12-30,2024-12-30 11:00:00,2024-12-30 17:00:00,-1,12,TIME_EXIT,16.423328736070424,157.652,157.238,157.9615,26.260370943596484,1.169053999760668,25.091316943835817
2024-12-31,2024-12-31 04:30:00,2024-12-31 10:00:00,-1,11,SL,26.28995065037253,156.23200000000003,156.74450000000002,156.74450000000002,-32.80377899533953,1.1607868039934721,-33.964565799333
2025-01-02,2025-01-02 04:00:00,2025-01-02 16:30:00,-1,25,SL,33.76099380146632,157.048,157.66449999999998,157.66449999999998,-39.25551423768362,1.2765275447342128,-40.532041782417835
2025-01-03,2025-01-03 06:30:00,2025-01-03 15:30:00,-1,18,SL,17.335818664156395,157.173,157.4615,157.4615,-18.35556997703162,1.2186571743638424,-19.574227151395462
2025-01-06,2025-01-06 10:00:00,2025-01-06 11:00:00,1,2,SL,18.731466959596386,157.8615,157.489,157.489,-23.596633758072883,1.0863820420887103,-24.683015800161595
2025-01-07,2025-01-07 05:00:00,2025-01-07 15:00:00,-1,20,SL,23.474178403756458,158.00900000000001,158.417,158.417,-25.821313975785365,1.235191565898234,-27.0565055416836
2025-01-08,2025-01-08 04:30:00,2025-01-08 07:00:00,1,5,SL,17.760358626280123,158.22899999999998,157.93599999999998,157.93599999999998,-18.5174651928538,1.1111836293902975,-19.628648822244095
2025-01-09,2025-01-09 04:00:00,2025-01-09 17:00:00,-1,26,TIME_EXIT,23.58834071062661,157.815,158.125,158.2895,-19.643253176187454,1.2847947405014086,-20.92804791668886
2025-01-10,2025-01-10 04:00:00,2025-01-10 08:30:00,1,9,SL,22.002652981756793,158.292,157.9355,157.9355,-22.521668814596513,1.1442524124590805,-23.665921227055595
2025-01-13,2025-01-13 09:30:00,2025-01-13 17:00:00,-1,15,TIME_EXIT,37.89612899944069,157.1095,157.4195,157.868,-19.731461178350276,1.1938555870622551,-20.925316765412532
2025-01-14,2025-01-14 15:00:00,2025-01-14 17:00:00,1,4,TIME_EXIT,62.207704968655804,158.0375,158.164,157.05450000000002,8.004429328481718,1.1029164336231017,6.901512894858617
2025-01-15,2025-01-15 04:00:00,2025-01-15 17:00:00,-1,26,TIME_EXIT,13.147056960020926,157.778,156.5435,158.0375,78.24284754528496,1.2847947405014086,76.95805280478355
2025-01-16,2025-01-16 13:00:00,2025-01-16 16:30:00,1,7,SL,63.04300905538551,156.281,155.2115,155.2115,-68.43442261055438,1.127718020924689,-69.56214063147907
2025-01-17,2025-01-17 05:30:00,2025-01-17 17:00:00,1,23,TIME_EXIT,20.625733180358704,155.56599999999997,156.3275,155.14600000000002,48.95028476659505,1.2599931531998212,47.690291613395225
2025-01-20,2025-01-20 06:30:00,2025-01-20 14:00:00,1,15,SL,25.656669449619006,156.19799999999998,155.70999999999998,155.70999999999998,-31.24239746987795,1.1938555870622551,-32.4362530569402
2025-01-22,2025-01-22 07:30:00,2025-01-22 17:00:00,1,19,TIME_EXIT,35.61615628639726,156.0485,156.6705,155.40699999999998,39.85940268570439,1.2269243701310382,38.63247831557335
2025-01-23,2025-01-23 05:00:00,2025-01-23 10:00:00,1,10,SL,20.63517962203971,156.7175,156.2865,156.2865,-27.50171486911236,1.1525196082262763,-28.654234477338633
2025-01-24,2025-01-24 04:00:00,2025-01-24 12:30:00,-1,17,SL,63.46908576207799,155.12349999999998,156.41649999999998,156.41649999999998,-83.35294136607327,1.2103899785966465,-84.56333134466992
2025-01-27,2025-01-27 04:00:00,2025-01-27 08:30:00,1,9,SL,37.86451843480405,155.92950000000002,155.2905,155.2905,-40.98005829557652,1.1442524124590805,-42.1243107080356
2025-01-28,2025-01-28 04:00:00,2025-01-28 14:30:00,1,21,SL,40.064851553763674,155.86950000000002,155.12349999999998,155.12349999999998,-47.86055001139015,1.2434587616654298,-49.10400877305558
2025-01-29,2025-01-29 04:30:00,2025-01-29 17:00:00,-1,25,TIME_EXIT,29.96941896024594,155.298,155.15449999999998,155.7905,9.240299295549027,1.2765275447342128,7.963771750814814
2025-01-30,2025-01-30 12:30:00,2025-01-30 17:00:00,-1,9,TIME_EXIT,28.48615067520989,154.15449999999998,154.316,154.72500000000002,-10.47650246992582,1.1442524124590805,-11.6207548823849
2025-01-31,2025-01-31 04:30:00,2025-01-31 17:00:00,1,25,TIME_EXIT,33.10247147794919,154.44,154.7345,153.916,19.068894068894025,1.2765275447342128,17.792366524159814
2025-02-03,2025-02-03 06:00:00,2025-02-03 17:00:00,-1,22,TIME_EXIT,26.564183376482074,155.3705,154.60649999999998,155.8855,49.17278376525853,1.2517259574326256,47.9210578078259
2025-02-04,2025-02-04 14:30:00,2025-02-04 17:00:00,-1,5,TIME_EXIT,22.961520104229468,155.0355,154.421,155.398,39.636083348653756,1.1111836293902975,38.52489971926346
2025-02-05,2025-02-05 08:30:00,2025-02-05 17:00:00,-1,17,TIME_EXIT,49.87197240874911,153.0565,152.41199999999998,153.8555,42.10863308647605,1.2103899785966465,40.8982431078794
2025-02-06,2025-02-06 05:30:00,2025-02-06 15:30:00,1,20,SL,37.57875565245621,152.4225,151.8145,151.8145,-39.88912398103981,1.235191565898234,-41.12431554693804
2025-02-07,2025-02-07 06:30:00,2025-02-07 16:00:00,1,19,SL,34.78502392297104,151.83800000000002,151.2145,151.2145,-41.06350189017475,1.2269243701310382,-42.290426260305786
2025-02-10,2025-02-10 06:00:00,2025-02-10 08:00:00,-1,4,SL,22.486188936664988,151.869,152.2125,152.2125,-22.618177508247626,1.1029164336231017,-23.721093941870727
2025-02-11,2025-02-11 10:00:00,2025-02-11 17:00:00,1,14,TIME_EXIT,17.35842344671711,152.0945,152.34500000000003,151.7995,16.470023570873146,1.1855883912950593,15.284435179578086
2025-02-12,2025-02-12 04:30:00,2025-02-12 17:00:00,1,25,TIME_EXIT,39.588178421176046,153.69,154.45499999999998,153.07600000000002,49.775522154986426,1.2765275447342128,48.49899461025221
2025-02-13,2025-02-13 06:00:00,2025-02-13 17:00:00,-1,22,TIME_EXIT,32.88758866513397,154.026,153.1125,154.6685,59.30816875073033,1.2517259574326256,58.056442793297705
2025-02-14,2025-02-14 13:30:00,2025-02-14 17:00:00,-1,7,TIME_EXIT,36.76699694646911,152.178,152.34,153.007,-10.645428379923914,1.127718020924689,-11.773146400848603
2025-02-17,2025-02-17 12:00:00,2025-02-17 17:00:00,-1,10,TIME_EXIT,28.44762435935169,151.43200000000002,151.4155,151.9375,1.0895979713671964,1.1525196082262763,-0.06292163685907992
2025-02-18,2025-02-18 04:30:00,2025-02-18 15:00:00,1,21,SL,32.81694739723693,152.147,151.5985,151.5985,-36.05066153128159,1.2434587616654298,-37.29412029294702
2025-02-19,2025-02-19 06:00:00,2025-02-19 17:00:00,-1,22,TIME_EXIT,37.199953870739854,151.6005,151.6675,152.312,-4.419510489739734,1.2517259574326256,-5.67123644717236
2025-02-20,2025-02-20 04:00:00,2025-02-20 17:00:00,-1,26,TIME_EXIT,40.36186036924305,150.3245,149.536,150.99650000000003,52.45319292597009,1.2847947405014086,51.16839818546868
2025-02-21,2025-02-21 15:00:00,2025-02-21 17:00:00,-1,4,TIME_EXIT,62.98713219954272,149.62900000000002,149.3375,150.736,19.481517620248304,1.1029164336231017,18.378601186625204
2025-02-24,2025-02-24 09:00:00,2025-02-24 17:00:00,1,16,TIME_EXIT,38.94734721560127,149.5725,149.6285,148.91899999999998,3.7440037440045195,1.202122782829451,2.5418809611750683
2025-02-25,2025-02-25 04:00:00,2025-02-25 17:00:00,-1,26,TIME_EXIT,45.884743406365395,149.517,149.136,150.3005,25.482052208110133,1.2847947405014086,24.197257467608726
2025-02-26,2025-02-26 06:00:00,2025-02-26 17:00:00,1,22,TIME_EXIT,53.79254233641261,149.5745,149.096,148.71949999999998,-31.99074708590012,1.2517259574326256,-33.242473043332744
2025-02-27,2025-02-27 06:00:00,2025-02-27 17:00:00,1,22,TIME_EXIT,22.17004863323835,149.414,149.9205,149.075,33.89909914733672,1.2517259574326256,32.647373189904094
2025-02-28,2025-02-28 05:00:00,2025-02-28 17:00:00,1,24,TIME_EXIT,35.177261203740905,149.64249999999998,150.476,149.10199999999998,55.69941694371686,1.268260348967017,54.431156594749844
2025-03-03,2025-03-03 07:30:00,2025-03-03 11:00:00,-1,6,SL,31.647991800140602,150.173,150.72199999999998,150.72199999999998,-36.55783662842043,1.1194508251574933,-37.677287453577925
2025-03-04,2025-03-04 06:30:00,2025-03-04 11:30:00,1,10,SL,55.41741392131169,149.5325,148.5995,148.5995,-62.394462742212745,1.1525196082262763,-63.54698235043902
2025-03-05,2025-03-05 06:00:00,2025-03-05 17:00:00,-1,22,TIME_EXIT,31.62707437873013,149.598,148.6725,150.187,61.86580034492437,1.2517259574326256,60.61407438749174
2025-03-06,2025-03-06 05:30:00,2025-03-06 17:00:00,-1,23,TIME_EXIT,25.713412935257235,148.93599999999998,147.8315,149.3325,74.15937046785017,1.2599931531998212,72.89937731465035
2025-03-07,2025-03-07 08:30:00,2025-03-07 17:00:00,-1,17,TIME_EXIT,46.017002892593226,147.34,147.2285,148.124,7.56753088095606,1.2103899785966465,6.357140902359413
2025-03-10,2025-03-10 05:00:00,2025-03-10 10:00:00,1,10,SL,45.20980066897048,147.784,147.09199999999998,147.09199999999998,-46.825096086180324,1.1525196082262763,-47.9776156944066
2025-03-11,2025-03-11 05:30:00,2025-03-11 17:00:00,1,23,TIME_EXIT,40.68992097355611,147.226,147.0565,146.5965,-11.512912121500232,1.2599931531998212,-12.772905274700053
2025-03-12,2025-03-12 04:00:00,2025-03-12 17:00:00,1,26,TIME_EXIT,20.83213559826395,148.238,148.25799999999998,147.8485,1.349181721284813,1.2847947405014086,0.06438698078340432
2025-03-13,2025-03-13 04:00:00,2025-03-13 13:00:00,-1,18,SL,20.706871100569952,147.94400000000002,148.325,148.325,-25.75298761693423,1.2186571743638424,-26.971644791298072
2025-03-14,2025-03-14 04:00:00,2025-03-14 17:00:00,1,26,TIME_EXIT,18.6290126623296,148.442,148.3605,148.156,-5.490359871195851,1.2847947405014086,-6.77515461169726
2025-03-17,2025-03-17 04:30:00,2025-03-17 10:00:00,1,11,SL,24.303627030212468,149.0385,148.5375,148.5375,-33.61547519600672,1.1607868039934721,-34.776262000000195
2025-03-18,2025-03-18 05:30:00,2025-03-18 16:30:00,1,22,SL,24.269650885257203,149.7405,149.3635,149.3635,-25.176889351912777,1.2517259574326256,-26.428615309345403
2025-03-19,2025-03-19 05:30:00,2025-03-19 07:30:00,1,4,SL,29.254169473124946,149.7755,149.2095,149.2095,-37.789892205334155,1.1029164336231017,-38.892808638957256
2025-03-20,2025-03-20 07:00:00,2025-03-20 17:00:00,1,20,TIME_EXIT,17.98445845860084,148.4815,148.79199999999997,148.18349999999998,20.9116960698782,1.235191565898234,19.676504503979967
2025-03-21,2025-03-21 04:00:00,2025-03-21 11:30:00,1,15,SL,21.18388010796825,149.40949999999998,148.934,148.934,-31.825285540744236,1.1938555870622551,-33.01914112780649
2025-03-24,2025-03-24 06:00:00,2025-03-24 13:30:00,-1,15,SL,18.00459634964282,149.619,149.9535,149.9535,-22.356786237041508,1.1938555870622551,-23.550641824103764
2025-03-25,2025-03-25 04:30:00,2025-03-25 17:00:00,-1,25,TIME_EXIT,23.475113723148073,150.5595,149.7465,150.9385,53.99858527691819,1.2765275447342128,52.72205773218398
2025-03-26,2025-03-26 04:00:00,2025-03-26 09:00:00,1,10,SL,27.790366006449304,150.506,150.05200000000002,150.05200000000002,-30.164910369020458,1.1525196082262763,-31.317429977246732
2025-03-27,2025-03-27 04:00:00,2025-03-27 07:30:00,-1,7,SL,26.418098896303345,150.07600000000002,150.483,150.483,-27.119592739677376,1.127718020924689,-28.247310760602065
2025-03-28,2025-03-28 06:30:00,2025-03-28 17:00:00,-1,21,TIME_EXIT,18.114860157262505,150.6145,149.95299999999997,150.978,43.92007409645273,1.2434587616654298,42.6766153347873
2025-03-31,2025-03-31 13:30:00,2025-03-31 16:00:00,1,5,TIME_EXIT,61.523565542768424,149.66649999999998,149.935,148.7235,17.939886347313347,1.1111836293902975,16.82870271792305
2025-04-01,2025-04-01 04:00:00,2025-04-01 06:30:00,-1,5,SL,23.256280198080233,149.6355,149.985,149.985,-23.356756919314343,1.1111836293902975,-24.46794054870464
2025-04-02,2025-04-02 06:00:00,2025-04-02 07:00:00,1,2,SL,17.66985102545248,149.97050000000002,149.69,149.69,-18.703678390084566,1.0863820420887103,-19.790060432173277
2025-04-03,2025-04-03 03:30:00,2025-04-03 16:00:00,-1,25,TIME_EXIT,55.450108459872595,147.27249999999998,146.3515,148.33800000000002,62.53713354495866,1.2765275447342128,61.26060600022444
2025-04-04,2025-04-04 03:30:00,2025-04-04 08:00:00,-1,9,SL,40.495825261029715,145.667,146.40800000000002,146.40800000000002,-50.869448811330905,1.1442524124590805,-52.01370122378999
2025-04-07,2025-04-07 12:00:00,2025-04-07 16:00:00,1,8,TIME_EXIT,114.5419355727429,146.952,147.87099999999998,145.187,62.53742718710754,1.1359852166918847,61.401441970415654
2025-04-08,2025-04-08 06:30:00,2025-04-08 16:00:00,-1,19,TIME_EXIT,48.48781183469314,147.245,146.851,147.9675,26.758124214744505,1.2269243701310382,25.531199844613468
2025-04-09,2025-04-09 04:00:00,2025-04-09 16:00:00,-1,24,TIME_EXIT,55.81049237256619,144.615,145.155,145.94400000000002,-37.34052484182084,1.268260348967017,-38.608785190787856
2025-04-10,2025-04-10 04:00:00,2025-04-10 16:00:00,-1,24,TIME_EXIT,55.54078104862696,146.565,144.166,147.4635,163.68164295704983,1.268260348967017,162.41338260808283
2025-04-11,2025-04-11 06:00:00,2025-04-11 07:30:00,1,3,SL,63.23311217490969,143.91500000000002,142.88400000000001,142.88400000000001,-71.63950943265162,1.0946492378559058,-72.73415867050753
2025-04-14,2025-04-14 13:00:00,2025-04-14 16:00:00,1,6,TIME_EXIT,105.16474169261875,143.9715,143.01850000000002,142.253,-66.19365638337968,1.1194508251574933,-67.31310720853718
2025-04-15,2025-04-15 04:30:00,2025-04-15 16:00:00,-1,23,TIME_EXIT,34.66119727881714,143.0405,143.1675,143.59550000000002,-8.878604311365041,1.2599931531998212,-10.138597464564862
2025-04-16,2025-04-16 03:30:00,2025-04-16 16:00:00,-1,25,TIME_EXIT,36.41614647772752,142.5265,142.6125,143.176,-6.033965613413136,1.2765275447342128,-7.310493158147349
2025-04-17,2025-04-17 07:30:00,2025-04-17 16:00:00,1,17,TIME_EXIT,71.5902121269803,142.8945,142.5465,141.849,-24.353631525355052,1.2103899785966465,-25.5640215039517
2025-04-21,2025-04-21 07:00:00,2025-04-21 16:00:00,-1,18,TIME_EXIT,69.44370366419452,140.612,140.8625,141.594,-17.8149802292846,1.2186571743638424,-19.03363740364844
2025-04-22,2025-04-22 03:00:00,2025-04-22 16:00:00,-1,26,SL,44.78976559192626,140.118,141.175,141.175,-75.43641787636253,1.2847947405014086,-76.72121261686394
2025-04-23,2025-04-23 07:00:00,2025-04-23 14:00:00,-1,14,SL,74.40087530441347,141.5875,142.719,142.719,-79.91524675553904,1.1855883912950593,-81.1008351468341
2025-04-24,2025-04-24 07:30:00,2025-04-24 16:00:00,-1,17,TIME_EXIT,51.857617705223,142.583,142.661,143.3415,-5.47049788544237,1.2103899785966465,-6.680887864039017
2025-04-25,2025-04-25 03:00:00,2025-04-25 16:00:00,1,26,TIME_EXIT,20.760252343843614,143.1395,143.7665,142.821,43.80342253535953,1.2847947405014086,42.51862779485812
2025-04-28,2025-04-28 04:30:00,2025-04-28 07:00:00,-1,5,SL,35.99719556732146,143.324,143.8605,143.8605,-37.43267003432708,1.1111836293902975,-38.54385366371738
2025-04-29,2025-04-29 04:00:00,2025-04-29 13:30:00,1,19,SL,26.008671903596618,142.4845,142.06799999999998,142.06799999999998,-29.23124971488221,1.2269243701310382,-30.458174085013248
2025-04-30,2025-04-30 06:00:00,2025-04-30 16:00:00,1,20,TIME_EXIT,26.446467005221294,142.562,142.6325,142.17399999999998,4.9452168179445675,1.235191565898234,3.7100252520463335
2025-05-01,2025-05-01 03:00:00,2025-05-01 16:00:00,1,26,TIME_EXIT,25.40602395725066,143.4975,145.42399999999998,142.8795,134.25320998623502,1.2847947405014086,132.9684152457336
2025-05-02,2025-05-02 03:30:00,2025-05-02 16:00:00,-1,25,TIME_EXIT,43.186659279627676,145.2245,144.5695,145.92700000000002,45.102582553219406,1.2765275447342128,43.82605500848519
2025-05-05,2025-05-05 08:30:00,2025-05-05 16:00:00,-1,15,TIME_EXIT,50.87910486093304,144.0525,144.1575,144.8,-7.289009215389512,1.1938555870622551,-8.482864802451767
2025-05-06,2025-05-06 07:00:00,2025-05-06 16:00:00,-1,18,TIME_EXIT,43.29802896512738,143.4335,142.696,144.2775,51.417555870839884,1.2186571743638424,50.19889869647604
2025-05-07,2025-05-07 08:00:00,2025-05-07 16:00:00,1,16,TIME_EXIT,39.01967446242783,143.3405,143.4445,142.7485,7.255451180930262,1.202122782829451,6.053328398100811
2025-05-08,2025-05-08 06:00:00,2025-05-08 16:00:00,1,20,TIME_EXIT,35.48336499416264,144.243,145.664,143.4475,98.51431265295317,1.235191565898234,97.27912108705493
2025-05-09,2025-05-09 04:00:00,2025-05-09 16:00:00,-1,24,TIME_EXIT,38.79854968961144,145.53199999999998,145.2265,146.18900000000002,20.99194678833487,1.268260348967017,19.723686439367853
2025-05-12,2025-05-12 07:00:00,2025-05-12 16:00:00,1,18,TIME_EXIT,38.91037232491045,147.5785,148.3305,145.7195,50.95593192775435,1.2186571743638424,49.73727475339051
2025-05-13,2025-05-13 03:30:00,2025-05-13 12:30:00,-1,18,SL,33.66912220030267,147.7535,148.25900000000001,148.25900000000001,-34.21238752381581,1.2186571743638424,-35.431044698179655
2025-05-14,2025-05-14 04:00:00,2025-05-14 16:00:00,-1,24,TIME_EXIT,45.236095002601374,147.0,146.548,147.6715,30.748299319727767,1.268260348967017,29.48003897076075
2025-05-15,2025-05-15 03:00:00,2025-05-15 16:00:00,-1,26,TIME_EXIT,46.173961855994385,146.0045,145.59550000000002,146.7525,28.012835220831676,1.2847947405014086,26.728040480330268
2025-05-16,2025-05-16 11:30:00,2025-05-16 16:00:00,1,9,TIME_EXIT,45.39026661607885,145.6465,145.964,144.965,21.799356661505456,1.1442524124590805,20.655104249046374
2025-05-19,2025-05-19 10:00:00,2025-05-19 16:00:00,-1,12,TIME_EXIT,36.56565935583759,144.7485,145.04149999999998,145.3375,-20.242005962063715,1.169053999760668,-21.41105996182438
2025-05-20,2025-05-20 05:00:00,2025-05-20 16:00:00,-1,22,TIME_EXIT,54.51662273322548,144.5425,144.781,145.5155,-16.500337271045964,1.2517259574326256,-17.75206322847859
2025-05-21,2025-05-21 03:30:00,2025-05-21 16:00:00,-1,25,TIME_EXIT,34.862583028906016,143.79149999999998,143.6725,144.35199999999998,8.27587166139663,1.2765275447342128,6.999344116662417
2025-05-22,2025-05-22 07:30:00,2025-05-22 11:00:00,-1,7,SL,40.86750893321885,143.0545,143.7305,143.7305,-47.2547176076262,1.127718020924689,-48.38243562855089
2025-05-23,2025-05-23 03:00:00,2025-05-23 16:00:00,-1,26,TIME_EXIT,33.09147528763617,143.49099999999999,142.714,144.0165,54.14973761420486,1.2847947405014086,52.86494287370345
2025-05-26,2025-05-26 07:30:00,2025-05-26 16:00:00,1,17,TIME_EXIT,46.122801960219505,142.89800000000002,142.7595,142.22899999999998,-9.69222802278701,1.2103899785966465,-10.902618001383656
2025-05-27,2025-05-27 04:30:00,2025-05-27 16:00:00,1,23,TIME_EXIT,36.06221699955238,142.85750000000002,144.31400000000002,142.1155,101.95474511313758,1.2599931531998212,100.69475195993776
2025-05-28,2025-05-28 13:00:00,2025-05-28 16:00:00,1,6,TIME_EXIT,63.78016523755196,144.8015,144.96699999999998,143.8535,11.429439612157347,1.1194508251574933,10.309988786999854
2025-05-29,2025-05-29 06:30:00,2025-05-29 16:00:00,-1,19,TIME_EXIT,47.1494014464183,145.5805,144.1555,146.2875,97.88398858363664,1.2269243701310382,96.65706421350559
2025-05-30,2025-05-30 07:00:00,2025-05-30 16:00:00,1,18,TIME_EXIT,41.8293363078655,144.0935,143.98000000000002,143.44,-7.876829974980669,1.2186571743638424,-9.095487149344512
2025-06-02,2025-06-02 06:00:00,2025-06-02 16:00:00,-1,20,TIME_EXIT,33.03611297164754,143.219,142.892,143.8015,22.832166123209785,1.235191565898234,21.59697455731155
2025-06-03,2025-06-03 12:30:00,2025-06-03 16:00:00,1,7,TIME_EXIT,58.17076296028587,143.4235,144.0205,142.4255,41.62497777560919,1.127718020924689,40.4972597546845
2025-06-04,2025-06-04 12:30:00,2025-06-04 16:00:00,-1,7,TIME_EXIT,43.397158825943535,143.5565,142.736,144.29649999999998,57.15519673438749,1.127718020924689,56.0274787134628
2025-06-05,2025-06-05 03:30:00,2025-06-05 16:00:00,1,25,TIME_EXIT,28.19618089042524,142.9955,143.7615,142.5725,53.56811927648209,1.2765275447342128,52.29159173174788
2025-06-06,2025-06-06 05:00:00,2025-06-06 16:00:00,1,22,TIME_EXIT,25.81332887435222,143.94299999999998,144.928,143.5305,68.42986459918258,1.2517259574326256,67.17813864174995
2025-06-09,2025-06-09 06:00:00,2025-06-09 16:00:00,-1,20,TIME_EXIT,41.739552122481655,144.2885,144.3955,144.95,-7.41569840978313,1.235191565898234,-8.650889975681364
2025-06-11,2025-06-11 06:00:00,2025-06-11 12:30:00,1,13,SL,34.28812393497764,145.224,144.6565,144.6565,-39.07756293725524,1.1773211955278635,-40.254884132783104
2025-06-12,2025-06-12 09:30:00,2025-06-12 16:00:00,-1,13,TIME_EXIT,43.13748682393328,143.7,143.6385,144.3465,4.279749478079,1.1773211955278635,3.102428282551137
2025-06-13,2025-06-13 03:00:00,2025-06-13 16:00:00,1,26,TIME_EXIT,34.8756591709671,143.4755,143.99099999999999,142.793,35.92947924906862,1.2847947405014086,34.64468450856721
2025-06-16,2025-06-16 05:00:00,2025-06-16 16:00:00,-1,22,TIME_EXIT,30.868158280818502,144.099,144.195,144.6065,-6.662086482210401,1.2517259574326256,-7.913812439643026
2025-06-17,2025-06-17 03:30:00,2025-06-17 14:30:00,-1,22,SL,30.447870549892407,144.6605,145.11399999999998,145.11399999999998,-31.34926258377115,1.2517259574326256,-32.600988541203776
2025-06-18,2025-06-18 03:00:00,2025-06-18 16:00:00,-1,26,TIME_EXIT,23.18978409036097,145.07150000000001,144.5925,145.4435,33.01820136967036,1.2847947405014086,31.73340662916895
2025-06-19,2025-06-19 06:00:00,2025-06-19 16:00:00,1,20,TIME_EXIT,32.92121362862354,145.255,145.678,144.7395,29.12120064713792,1.235191565898234,27.886009081239685
2025-06-20,2025-06-20 05:00:00,2025-06-20 16:00:00,1,22,TIME_EXIT,16.64099887337351,145.454,145.8585,145.1235,27.809479285546256,1.2517259574326256,26.55775332811363
2025-06-23,2025-06-23 04:00:00,2025-06-23 16:00:00,1,24,TIME_EXIT,42.423184954823036,146.95499999999998,146.3745,146.1465,-39.50188833316133,1.268260348967017,-40.77014868212835
2025-06-24,2025-06-24 03:00:00,2025-06-24 16:00:00,-1,26,TIME_EXIT,35.96578093194866,145.40949999999998,144.836,145.93900000000002,39.440339180037576,1.2847947405014086,38.155544439536165
2025-06-25,2025-06-25 05:00:00,2025-06-25 16:00:00,1,22,TIME_EXIT,30.21931477530753,145.13150000000002,145.4325,144.6095,20.739811825826074,1.2517259574326256,19.488085868393448
2025-06-26,2025-06-26 05:30:00,2025-06-26 16:00:00,-1,21,TIME_EXIT,19.666668970904972,144.6445,144.1975,144.9455,30.90335270266085,1.2434587616654298,29.65989394099542
2025-06-27,2025-06-27 14:30:00,2025-06-27 16:00:00,1,3,TIME_EXIT,42.58093150988764,144.88299999999998,144.57850000000002,144.19600000000003,-21.016958511347905,1.0946492378559058,-22.11160774920381
2025-06-30,2025-06-30 04:30:00,2025-06-30 16:00:00,-1,23,TIME_EXIT,46.880909996286974,143.946,144.3265,144.764,-26.433523682492883,1.2599931531998212,-27.693516835692705
2025-07-01,2025-07-01 03:30:00,2025-07-01 07:00:00,1,7,SL,27.677270477345168,143.88049999999998,143.43900000000002,143.43900000000002,-30.68518666532034,1.127718020924689,-31.81290468624503
2025-07-02,2025-07-02 05:30:00,2025-07-02 16:00:00,1,21,TIME_EXIT,29.758374557811088,143.7575,143.7045,143.321,-3.6867641688257846,1.2434587616654298,-4.930222930491214
2025-07-03,2025-07-03 03:00:00,2025-07-03 16:00:00,1,26,TIME_EXIT,22.16854367307558,143.7665,145.123,143.44650000000001,94.35438714860433,1.2847947405014086,93.06959240810292
2025-07-04,2025-07-04 03:00:00,2025-07-04 16:00:00,-1,26,TIME_EXIT,15.009510634619607,144.51,144.4865,144.792,1.6261850390965547,1.2847947405014086,0.341390298595146
2025-07-07,2025-07-07 04:30:00,2025-07-07 16:00:00,1,23,TIME_EXIT,42.676373721615334,144.986,145.83800000000002,144.22500000000002,58.76429448360754,1.2599931531998212,57.50430133040772
2025-07-08,2025-07-08 11:00:00,2025-07-08 16:00:00,1,10,TIME_EXIT,41.82838021311996,146.507,146.731,145.834,15.28937183888753,1.1525196082262763,14.136852230661253
2025-07-09,2025-07-09 03:00:00,2025-07-09 07:00:00,1,8,SL,24.500032371391665,147.118,146.7345,146.7345,-26.0675104338013,1.1359852166918847,-27.203495650493185
2025-07-10,2025-07-10 03:00:00,2025-07-10 16:00:00,1,26,TIME_EXIT,24.836112530918093,146.1915,146.459,145.75549999999998,18.29791745758218,1.2847947405014086,17.013122717080773
2025-07-11,2025-07-11 04:00:00,2025-07-11 16:00:00,1,24,TIME_EXIT,54.39465011008681,147.1615,147.38099999999997,146.246,14.915585937896957,1.268260348967017,13.64732558892994
2025-07-14,2025-07-14 03:00:00,2025-07-14 16:00:00,1,26,TIME_EXIT,31.187862609976502,147.3325,147.7525,146.85199999999998,28.506948568712776,1.2847947405014086,27.22215382821137
2025-07-15,2025-07-15 11:00:00,2025-07-15 16:00:00,1,10,TIME_EXIT,17.45005556911046,147.9385,148.9235,147.564,66.58172145857807,1.1525196082262763,65.4292018503518
2025-07-16,2025-07-16 03:30:00,2025-07-16 06:00:00,1,5,SL,22.4267264712716,149.0405,148.7065,148.7065,-22.410016069457843,1.1111836293902975,-23.52119969884814
2025-07-17,2025-07-17 03:00:00,2025-07-17 16:00:00,1,26,TIME_EXIT,34.80058924492766,148.5425,148.48899999999998,147.986,-3.601662823771908,1.2847947405014086,-4.886457564273317
2025-07-18,2025-07-18 03:30:00,2025-07-18 12:00:00,1,17,SL,19.719012498821456,148.6685,148.334,148.334,-22.499722537053334,1.2103899785966465,-23.710112515649982
2025-07-21,2025-07-21 06:00:00,2025-07-21 16:00:00,-1,20,TIME_EXIT,21.316208413156858,147.9915,147.12,148.56,58.888517245922735,1.235191565898234,57.6533256800245
2025-07-22,2025-07-22 05:00:00,2025-07-22 10:00:00,1,10,SL,21.57468028087873,147.7235,147.39499999999998,147.39499999999998,-22.237490988232718,1.1525196082262763,-23.390010596458993
2025-07-24,2025-07-24 08:30:00,2025-07-24 16:00:00,1,15,TIME_EXIT,43.70749232119468,146.547,146.90949999999998,145.856,24.73609149283049,1.1938555870622551,23.542235905768234
2025-07-25,2025-07-25 05:30:00,2025-07-25 08:00:00,-1,5,SL,34.35607864480546,146.937,147.495,147.495,-37.97545887012752,1.1111836293902975,-39.086642499517815
2025-07-28,2025-07-28 06:00:00,2025-07-28 16:00:00,1,20,TIME_EXIT,33.99527523293325,148.1335,148.4905,147.5205,24.099882875919313,1.235191565898234,22.86469131002108
2025-07-29,2025-07-29 05:00:00,2025-07-29 07:30:00,-1,5,SL,28.42384231005313,148.2165,148.7125,148.7125,-33.46456028849752,1.1111836293902975,-34.57574391788782
2025-07-30,2025-07-30 03:00:00,2025-07-30 12:00:00,-1,18,SL,34.26983949953901,147.8885,148.4505,148.4505,-38.001602558685214,1.2186571743638424,-39.220259733049055
2025-07-31,2025-07-31 07:30:00,2025-07-31 16:00:00,1,17,TIME_EXIT,50.354533589869796,149.39999999999998,150.71699999999998,148.64600000000002,88.15261044176758,1.2103899785966465,86.94222046317093
2025-08-01,2025-08-01 03:30:00,2025-08-01 16:00:00,-1,25,TIME_EXIT,21.48167085564753,150.5885,147.998,150.917,172.0250882371509,1.2765275447342128,170.74856069241667
2025-08-04,2025-08-04 08:00:00,2025-08-04 12:00:00,1,8,SL,43.25359371498804,148.03199999999998,147.27100000000002,147.27100000000002,-51.407803718112795,1.1359852166918847,-52.54378893480468
2025-08-05,2025-08-05 06:30:00,2025-08-05 16:00:00,1,19,TIME_EXIT,41.56990325363953,147.328,147.481,146.6205,10.384991311902121,1.2269243701310382,9.158066941771082
2025-08-06,2025-08-06 03:00:00,2025-08-06 08:00:00,-1,10,SL,20.413838005004283,147.3965,147.75,147.75,-23.982930395226266,1.1525196082262763,-25.13545000345254
2025-08-07,2025-08-07 06:00:00,2025-08-07 16:00:00,-1,20,TIME_EXIT,34.925002972700845,147.10700000000003,147.32,147.6865,-14.479256595536949,1.235191565898234,-15.714448161435183
2025-08-08,2025-08-08 05:30:00,2025-08-08 16:00:00,1,21,TIME_EXIT,44.437628857197446,147.4135,147.73950000000002,146.7225,22.114663853719083,1.2434587616654298,20.871205092053653
2025-08-11,2025-08-11 03:00:00,2025-08-11 10:30:00,-1,15,SL,14.811199571594079,147.47899999999998,147.74200000000002,147.74200000000002,-17.833047416922657,1.1938555870622551,-19.026903003984913
2025-08-12,2025-08-12 09:30:00,2025-08-12 12:30:00,1,6,SL,20.319714848917705,148.47199999999998,148.132,148.132,-22.89994072956349,1.1194508251574933,-24.019391554720983
2025-08-13,2025-08-13 07:00:00,2025-08-13 16:00:00,-1,18,TIME_EXIT,31.549799259325013,147.5075,147.265,148.16899999999998,16.439842041930536,1.2186571743638424,15.221184867566693
2025-08-14,2025-08-14 06:00:00,2025-08-14 13:00:00,-1,14,SL,50.930654378635275,146.2335,147.12099999999998,147.12099999999998,-60.690607829258596,1.1855883912950593,-61.87619622055365
2025-08-15,2025-08-15 04:00:00,2025-08-15 16:00:00,-1,24,TIME_EXIT,35.733331521758295,147.139,147.10899999999998,147.72750000000002,2.0388883980473946,1.268260348967017,0.7706280490803776
2025-08-18,2025-08-18 12:00:00,2025-08-18 16:00:00,1,8,TIME_EXIT,24.180265235774193,147.67849999999999,147.7385,147.22750000000002,4.062879836943243,1.1359852166918847,2.9268946202513586
2025-08-19,2025-08-19 06:00:00,2025-08-19 16:00:00,-1,20,TIME_EXIT,33.09060118543524,147.619,147.6325,148.1135,-0.9145164240371094,1.235191565898234,-2.1497079899353433
2025-08-20,2025-08-20 06:00:00,2025-08-20 16:00:00,-1,20,TIME_EXIT,26.589791419365497,147.2345,147.1835,147.817,3.4638620703699012,1.235191565898234,2.2286705044716673
2025-08-21,2025-08-21 06:00:00,2025-08-21 16:00:00,1,20,TIME_EXIT,17.045030117412168,147.5135,148.31,147.257,53.99505807943062,1.235191565898234,52.75986651353239
2025-08-22,2025-08-22 04:00:00,2025-08-22 14:00:00,1,20,SL,27.076420922014425,148.72,148.284,148.284,-29.316837009145175,1.235191565898234,-30.55202857504341
2025-08-25,2025-08-25 04:30:00,2025-08-25 13:00:00,-1,17,SL,18.845436857601968,147.233,147.52800000000002,147.52800000000002,-20.036269042946614,1.2103899785966465,-21.24665902154326
2025-08-27,2025-08-27 03:00:00,2025-08-27 16:00:00,1,26,TIME_EXIT,22.52298090295594,147.8055,147.63400000000001,147.405,-11.603086488661143,1.2847947405014086,-12.887881229162552
2025-08-28,2025-08-28 03:30:00,2025-08-28 16:00:00,-1,25,TIME_EXIT,20.109515333504913,147.0975,146.9355,147.49,11.013103553765777,1.2765275447342128,9.736576009031564
2025-08-29,2025-08-29 06:30:00,2025-08-29 16:00:00,1,19,TIME_EXIT,23.915783735904277,147.16,146.90949999999998,146.765,-17.022288665399333,1.2269243701310382,-18.24921303553037
2025-09-02,2025-09-02 04:00:00,2025-09-02 16:00:00,1,24,TIME_EXIT,42.66095587735385,147.8115,148.30349999999999,147.09,33.2856374504007,1.268260348967017,32.01737710143368
2025-09-03,2025-09-03 03:30:00,2025-09-03 05:00:00,1,3,SL,26.361417389109185,148.9145,148.5125,148.5125,-26.99535639578518,1.0946492378559058,-28.090005633641084
2025-09-04,2025-09-04 03:30:00,2025-09-04 16:00:00,1,25,TIME_EXIT,27.166742223815973,148.24450000000002,148.6625,147.791,28.196661596212873,1.2765275447342128,26.920134051478662
2025-09-05,2025-09-05 12:00:00,2025-09-05 16:00:00,-1,8,TIME_EXIT,24.243488361098343,147.95850000000002,146.89600000000002,148.44,71.81067664243689,1.1359852166918847,70.67469142574501
2025-09-08,2025-09-08 06:30:00,2025-09-08 16:00:00,-1,19,TIME_EXIT,38.680994963026336,147.82799999999997,147.614,148.578,14.47628324809713,1.2269243701310382,13.249358877966092
2025-09-09,2025-09-09 04:30:00,2025-09-09 16:00:00,-1,23,TIME_EXIT,18.65342013346125,147.1295,147.26799999999997,147.4325,-9.413475883488015,1.2599931531998212,-10.673469036687836
2025-09-11,2025-09-11 05:30:00,2025-09-11 14:00:00,1,17,SL,10.758709633627154,147.58100000000002,147.3225,147.3225,-17.51580488003377,1.2103899785966465,-18.726194858630414
2025-09-12,2025-09-12 04:00:00,2025-09-12 16:00:00,1,24,TIME_EXIT,21.268210480538443,147.494,147.769,147.168,18.64482623021992,1.268260348967017,17.3765658812529
2025-09-15,2025-09-15 03:00:00,2025-09-15 16:00:00,-1,25,TIME_EXIT,12.406106787429913,147.4805,147.397,147.691,5.661765453738969,1.2765275447342128,4.385237909004756
2025-09-16,2025-09-16 03:30:00,2025-09-16 16:00:00,-1,25,TIME_EXIT,28.650471050449905,147.1015,146.47,147.5395,42.929541846955225,1.2765275447342128,41.65301430222101
2025-09-17,2025-09-17 07:00:00,2025-09-17 10:00:00,1,6,SL,26.981092717156322,146.62599999999998,146.2135,146.2135,-28.132800458306573,1.1194508251574933,-29.252251283464066
2025-09-18,2025-09-18 04:30:00,2025-09-18 16:00:00,1,23,TIME_EXIT,20.497524634484613,147.207,147.923,146.84699999999998,48.63899135231397,1.2599931531998212,47.37899819911415
2025-09-19,2025-09-19 03:00:00,2025-09-19 11:30:00,-1,17,SL,14.740037796703623,147.82999999999998,148.11450000000002,148.11450000000002,-19.24507880673996,1.2103899785966465,-20.455468785336606
2025-09-22,2025-09-22 04:00:00,2025-09-22 06:00:00,1,4,SL,17.793113693606863,148.36200000000002,148.091,148.091,-18.26613283725044,1.1029164336231017,-19.36904927087354
2025-09-23,2025-09-23 08:30:00,2025-09-23 12:00:00,-1,7,SL,14.498399417352022,147.566,147.8165,147.8165,-16.975455050620617,1.127718020924689,-18.103173071545307
2025-09-24,2025-09-24 03:30:00,2025-09-24 16:00:00,1,25,TIME_EXIT,21.1160671918,147.8725,148.7515,147.518,59.44310132039362,1.2765275447342128,58.16657377565941
2025-09-25,2025-09-25 12:30:00,2025-09-25 16:00:00,1,7,TIME_EXIT,20.227517501346224,149.244,149.7465,148.56,33.669695264131065,1.127718020924689,32.541977243206375
2025-09-26,2025-09-26 12:30:00,2025-09-26 16:00:00,-1,7,TIME_EXIT,20.91784566238842,149.624,149.52499999999998,149.946,6.6165855745079645,1.127718020924689,5.488867553583275
2025-09-29,2025-09-29 03:00:00,2025-09-29 16:00:00,-1,26,TIME_EXIT,34.821092784614066,148.89,148.58800000000002,149.4225,20.28343072066385,1.2847947405014086,18.998635980162444
2025-09-30,2025-09-30 03:30:00,2025-09-30 16:00:00,-1,25,TIME_EXIT,19.689876037926958,148.51749999999998,147.8755,148.846,43.22722911441385,1.2765275447342128,41.95070156967964
2025-10-01,2025-10-01 04:00:00,2025-10-01 16:00:00,-1,24,TIME_EXIT,22.956639337335154,147.8795,147.17000000000002,148.227,47.97825256374219,1.268260348967017,46.70999221477517
2025-10-02,2025-10-02 08:00:00,2025-10-02 14:00:00,-1,12,SL,26.13293770969206,146.935,147.325,147.325,-26.54234865756874,1.169053999760668,-27.71140265732941
2025-10-03,2025-10-03 03:00:00,2025-10-03 14:00:00,1,22,SL,36.118010417480306,147.7415,147.1565,147.1565,-39.59618658264658,1.2517259574326256,-40.84791254007921
2025-10-06,2025-10-06 03:00:00,2025-10-06 16:00:00,1,26,TIME_EXIT,31.247386293304764,149.962,150.13150000000002,149.4525,11.302863392061173,1.2847947405014086,10.018068651559764
2025-10-07,2025-10-07 04:00:00,2025-10-07 06:00:00,-1,4,SL,18.49117345785077,150.30849999999998,150.62,150.62,-20.724044215731226,1.1029164336231017,-21.826960649354326
2025-10-08,2025-10-08 08:30:00,2025-10-08 16:00:00,1,15,TIME_EXIT,38.83386602480764,152.747,152.74450000000002,152.058,-0.16366933556781646,1.1938555870622551,-1.3575249226300716
2025-10-09,2025-10-09 06:00:00,2025-10-09 13:00:00,1,14,SL,23.489349417195395,152.99200000000002,152.40949999999998,152.40949999999998,-38.07388621627527,1.1855883912950593,-39.259474607570326
2025-10-10,2025-10-10 03:00:00,2025-10-10 16:00:00,-1,26,TIME_EXIT,21.264066998169135,152.832,152.087,153.16500000000002,48.746335845896446,1.2847947405014086,47.461541105395035
2025-10-13,2025-10-13 07:00:00,2025-10-13 16:00:00,1,18,TIME_EXIT,18.148640992870018,152.27949999999998,152.2475,151.80200000000002,-2.1013990720998077,1.2186571743638424,-3.32005624646365
2025-10-14,2025-10-14 03:00:00,2025-10-14 16:00:00,-1,26,TIME_EXIT,16.901205072330146,152.3145,151.8225,152.6135,32.30158651999768,1.2847947405014086,31.01679177949627
2025-10-15,2025-10-15 06:00:00,2025-10-15 16:00:00,-1,20,TIME_EXIT,52.7030158572511,151.034,151.2265,151.83100000000002,-12.74547452891372,1.235191565898234,-13.980666094811953
2025-10-16,2025-10-16 05:00:00,2025-10-16 16:00:00,1,22,TIME_EXIT,38.4683101515816,151.09300000000002,150.577,150.5135,-34.15115193953522,1.2517259574326256,-35.402877896967844
2025-10-17,2025-10-17 03:30:00,2025-10-17 12:00:00,-1,17,SL,22.892903200008394,150.0135,150.39,150.39,-25.097741203291235,1.2103899785966465,-26.30813118188788
2025-10-20,2025-10-20 03:30:00,2025-10-20 16:00:00,-1,25,TIME_EXIT,28.98521886493242,150.7265,150.6285,151.2035,6.501842741653576,1.2765275447342128,5.225315196919363
2025-10-21,2025-10-21 05:00:00,2025-10-21 16:00:00,1,22,TIME_EXIT,44.95853049072471,151.377,151.84199999999998,150.47199999999998,30.718008680313055,1.2517259574326256,29.46628272288043
2025-10-22,2025-10-22 12:30:00,2025-10-22 16:00:00,1,7,TIME_EXIT,25.645172469562237,151.92950000000002,151.7875,151.4905,-9.346440289741249,1.127718020924689,-10.474158310665938
2025-10-23,2025-10-23 06:30:00,2025-10-23 16:00:00,1,19,TIME_EXIT,34.709884585523305,152.642,152.702,151.974,3.9307661063142696,1.2269243701310382,2.7038417361832314
2025-10-24,2025-10-24 05:00:00,2025-10-24 12:30:00,1,15,SL,28.725643867598926,153.02800000000002,152.477,152.477,-36.006482473796694,1.1938555870622551,-37.20033806085895
2025-10-27,2025-10-27 04:00:00,2025-10-27 11:00:00,1,14,SL,25.87508556792418,153.0635,152.6565,152.6565,-26.590271357966508,1.1855883912950593,-27.775859749261567
2025-10-28,2025-10-28 04:30:00,2025-10-28 17:00:00,-1,25,TIME_EXIT,22.869835803778436,151.8765,152.1335,152.5135,-16.921643572244886,1.2765275447342128,-18.198171116979097
2025-10-29,2025-10-29 05:00:00,2025-10-29 17:00:00,1,24,TIME_EXIT,38.93027521725096,152.4495,152.195,151.553,-16.694052784693113,1.268260348967017,-17.962313133660132
2025-10-30,2025-10-30 06:30:00,2025-10-30 17:00:00,1,21,TIME_EXIT,64.17439136192236,153.34050000000002,154.098,152.1635,49.399865006309035,1.2434587616654298,48.156406244643605
2025-10-31,2025-10-31 06:00:00,2025-10-31 17:00:00,1,22,TIME_EXIT,27.0413625462491,154.0875,154.1125,153.6535,1.6224547740735413,1.2517259574326256,0.3707288166409157
2025-11-03,2025-11-03 06:00:00,2025-11-03 15:00:00,1,18,SL,9.932710753621384,154.2265,154.0365,154.0365,-12.31954300979389,1.2186571743638424,-13.538200184157732
2025-11-04,2025-11-04 04:00:00,2025-11-04 17:00:00,-1,26,TIME_EXIT,27.782285547369266,153.9865,153.5595,154.483,27.729703577910563,1.2847947405014086,26.444908837409155
2025-11-05,2025-11-05 06:00:00,2025-11-05 17:00:00,1,22,TIME_EXIT,39.71626569037761,153.641,154.08249999999998,152.95999999999998,28.735819214922493,1.2517259574326256,27.484093257489867
2025-11-06,2025-11-06 08:00:00,2025-11-06 17:00:00,-1,18,TIME_EXIT,13.394366563500824,153.68900000000002,152.899,154.002,51.40250766157762,1.2186571743638424,50.18385048721378
2025-11-07,2025-11-07 05:30:00,2025-11-07 17:00:00,1,23,TIME_EXIT,22.554400232733325,153.35399999999998,153.1875,152.9635,-10.857232286082203,1.2599931531998212,-12.117225439282024
2025-11-10,2025-11-10 06:30:00,2025-11-10 17:00:00,1,21,TIME_EXIT,16.159606186819264,154.02949999999998,153.962,153.7785,-4.3822774208833675,1.2434587616654298,-5.625736182548797
2025-11-11,2025-11-11 05:00:00,2025-11-11 17:00:00,-1,24,TIME_EXIT,17.604549300843473,154.192,154.075,154.493,7.587942305698003,1.268260348967017,6.319681956730986
2025-11-12,2025-11-12 04:00:00,2025-11-12 17:00:00,1,26,TIME_EXIT,11.345991137160803,154.53300000000002,154.5775,154.2395,2.879643830118544,1.2847947405014086,1.5948490896171352
2025-11-13,2025-11-13 08:30:00,2025-11-13 17:00:00,-1,17,TIME_EXIT,25.38399353273947,154.51999999999998,154.26049999999998,155.01749999999998,16.793942531711284,1.2103899785966465,15.583552553114638
2025-11-14,2025-11-14 09:30:00,2025-11-14 12:00:00,1,5,SL,24.269092063779006,154.6935,154.3115,154.3115,-24.693991667394236,1.1111836293902975,-25.805175296784533
2025-11-17,2025-11-17 10:30:00,2025-11-17 17:00:00,1,13,TIME_EXIT,17.86263247310156,154.84300000000002,155.17849999999999,154.5125,21.667107973881134,1.1773211955278635,20.48978677835327
2025-11-18,2025-11-18 04:00:00,2025-11-18 10:30:00,-1,13,SL,16.21403819807975,154.87900000000002,155.36399999999998,155.36399999999998,-31.31476830299503,1.1773211955278635,-32.492089498522894
2025-11-19,2025-11-19 08:00:00,2025-11-19 17:00:00,1,18,TIME_EXIT,21.776316001405945,155.661,156.7975,155.2145,73.0112231066235,1.2186571743638424,71.79256593225966
2025-11-20,2025-11-20 05:00:00,2025-11-20 17:00:00,1,24,TIME_EXIT,27.82730514518488,157.48149999999998,157.459,157.04000000000002,-1.428739248735854,1.268260348967017,-2.696999597702871
2025-11-21,2025-11-21 04:00:00,2025-11-21 17:00:00,-1,26,TIME_EXIT,18.41497624181846,157.19299999999998,156.6405,157.4985,35.147875541530524,1.2847947405014086,33.86308080102911
2025-11-24,2025-11-24 04:00:00,2025-11-24 07:00:00,-1,6,SL,10.281528690893271,156.5805,156.7525,156.7525,-10.98476502501889,1.1194508251574933,-12.104215850176383
2025-11-25,2025-11-25 04:00:00,2025-11-25 07:30:00,1,7,SL,14.435590757389399,156.8095,156.5575,156.5575,-16.07045491504083,1.127718020924689,-17.19817293596552
2025-11-26,2025-11-26 07:00:00,2025-11-26 17:00:00,1,20,TIME_EXIT,46.28841440498125,156.4015,156.442,155.65449999999998,2.5894892312419406,1.235191565898234,1.3542976653437067
2025-11-27,2025-11-27 07:00:00,2025-11-27 17:00:00,1,20,TIME_EXIT,29.668064447768735,156.2465,156.3345,155.723,5.632126159625583,1.235191565898234,4.39693459372735
2025-11-28,2025-11-28 13:30:00,2025-11-28 17:00:00,-1,7,TIME_EXIT,23.094466296813653,156.02100000000002,156.2355,156.45850000000002,-13.748149287595053,1.127718020924689,-14.875867308519743
2025-12-01,2025-12-01 08:00:00,2025-12-01 17:00:00,-1,18,TIME_EXIT,37.35160698774254,155.31900000000002,155.3125,155.9955,0.4184935519812016,1.2186571743638424,-0.8001636223826407
2025-12-02,2025-12-02 06:00:00,2025-12-02 17:00:00,1,22,TIME_EXIT,13.917459501156875,155.781,156.0205,155.56,15.374147039754044,1.2517259574326256,14.122421082321418
2025-12-03,2025-12-03 06:00:00,2025-12-03 17:00:00,-1,22,TIME_EXIT,12.659976800753348,155.523,155.176,155.8055,22.311812400738695,1.2517259574326256,21.06008644330607
2025-12-04,2025-12-04 08:00:00,2025-12-04 17:00:00,-1,18,TIME_EXIT,28.432993878204336,154.8145,154.897,155.54250000000002,-5.32895820481814,1.2186571743638424,-6.547615379181982
2025-12-05,2025-12-05 04:00:00,2025-12-05 10:30:00,-1,13,SL,15.524291805045705,154.9135,155.159,155.159,-15.847553634769902,1.1773211955278635,-17.024874830297765
2025-12-08,2025-12-08 05:00:00,2025-12-08 17:00:00,1,24,TIME_EXIT,16.042349219670893,155.2065,155.823,154.9025,39.721274560021776,1.268260348967017,38.45301421105476
2025-12-09,2025-12-09 06:00:00,2025-12-09 17:00:00,1,22,TIME_EXIT,18.844906738578736,156.0895,156.903,155.745,52.11753513208799,1.2517259574326256,50.86580917465536
2025-12-10,2025-12-10 09:00:00,2025-12-10 13:30:00,1,9,SL,13.477218072247645,156.798,156.5605,156.5605,-15.146876873430232,1.1442524124590805,-16.291129285889312
2025-12-11,2025-12-11 04:30:00,2025-12-11 13:00:00,1,17,SL,21.448186711772067,155.846,155.49099999999999,155.49099999999999,-22.778897116385288,1.2103899785966465,-23.989287094981933
2025-12-12,2025-12-12 06:00:00,2025-12-12 07:30:00,1,3,SL,14.400745752904387,155.798,155.5475,155.5475,-16.078511919279332,1.0946492378559058,-17.173161157135237
2025-12-15,2025-12-15 04:00:00,2025-12-15 17:00:00,-1,26,TIME_EXIT,38.215002044358116,155.2765,155.3245,155.899,-3.0912597849643584,1.2847947405014086,-4.376054525465767
2025-12-16,2025-12-16 12:30:00,2025-12-16 17:00:00,-1,9,TIME_EXIT,26.954613472782086,154.6115,154.676,155.1215,-4.1717466035826005,1.1442524124590805,-5.3159990160416815
2025-12-17,2025-12-17 04:00:00,2025-12-17 17:00:00,1,26,TIME_EXIT,33.23312698808344,155.05849999999998,155.574,154.5145,33.24551701454815,1.2847947405014086,31.96072227404674
2025-12-18,2025-12-18 05:30:00,2025-12-18 13:30:00,1,16,SL,22.384963479704826,155.812,155.4615,155.4615,-22.495058146998364,1.202122782829451,-23.697180929827816
2025-12-19,2025-12-19 07:00:00,2025-12-19 17:00:00,1,20,TIME_EXIT,37.50277173441578,156.2455,157.538,155.5885,82.72238240461442,1.235191565898234,81.48719083871619
2025-12-22,2025-12-22 13:30:00,2025-12-22 17:00:00,-1,7,TIME_EXIT,22.069649779463038,157.187,156.8435,157.5765,21.852952216150566,1.127718020924689,20.725234195225877
2025-12-23,2025-12-23 04:00:00,2025-12-23 17:00:00,-1,26,TIME_EXIT,29.899577116258424,156.0745,156.277,156.6565,-12.974573040438148,1.2847947405014086,-14.259367780939558
2025-12-26,2025-12-26 09:30:00,2025-12-26 17:00:00,1,15,TIME_EXIT,25.120717222109818,156.462,156.651,156.04649999999998,12.0796103846315,1.1938555870622551,10.885754797569245
2025-12-29,2025-12-29 06:30:00,2025-12-29 17:00:00,-1,21,TIME_EXIT,20.519682569152693,156.1865,156.11700000000002,156.512,4.449808402133128,1.2434587616654298,3.206349640467698
2025-12-30,2025-12-30 04:30:00,2025-12-30 15:00:00,-1,21,SL,11.719012657173586,156.083,156.3395,156.3395,-16.433564193409172,1.2434587616654298,-17.6770229550746
2025-12-31,2025-12-31 04:00:00,2025-12-31 17:00:00,1,26,TIME_EXIT,9.081838880503204,156.54399999999998,156.804,156.356,16.608748977924375,1.2847947405014086,15.323954237422965
2026-01-05,2026-01-05 04:00:00,2026-01-05 04:30:00,1,1,EOD,18.988087842207833,157.289,157.28300000000002,156.9405,-0.3814634208350111,1.0781148463215144,-1.4595782671565256
2026-01-07,2026-01-07 04:00:00,2026-01-07 16:00:00,-1,22,SL,5.553977318066647,156.57,156.73149999999998,156.73149999999998,-10.314875135721373,1.2517259574326256,-11.566601093153999
2026-01-08,2026-01-08 06:00:00,2026-01-08 13:30:00,-1,14,SL,20.685494297123107,156.5735,156.9555,156.9555,-24.397487442000404,1.1855883912950593,-25.583075833295464
2026-01-09,2026-01-09 05:00:00,2026-01-09 18:00:00,1,4,TIME_EXIT,16.975116962694823,157.30450000000002,157.9765,156.99450000000002,42.719693333627994,1.1029164336231017,41.61677690000489
2026-01-12,2026-01-12 04:00:00,2026-01-12 17:00:00,1,26,TIME_EXIT,38.28146079007149,158.1375,158.1055,157.51749999999998,-2.023555450160921,1.2847947405014086,-3.3083501906623294
2026-01-13,2026-01-13 06:00:00,2026-01-13 17:00:00,1,22,TIME_EXIT,42.14087000505902,158.9495,159.1165,158.16,10.506481618375748,1.2517259574326256,9.254755660943122
2026-01-14,2026-01-14 08:00:00,2026-01-14 17:00:00,-1,18,TIME_EXIT,23.32108609629414,159.06650000000002,158.2745,159.4545,49.79049642759662,1.2186571743638424,48.57183925323278
2026-01-15,2026-01-15 08:30:00,2026-01-15 17:00:00,1,15,TIME_EXIT,26.354374699798594,158.69,158.458,158.228,-14.619698783792257,1.1938555870622551,-15.813554370854513
2026-01-16,2026-01-16 14:30:00,2026-01-16 17:00:00,-1,5,TIME_EXIT,45.80273486958733,157.909,158.097,158.68349999999998,-11.905591194929777,1.1111836293902975,-13.016774824320073
2026-01-19,2026-01-19 07:30:00,2026-01-19 17:00:00,1,19,TIME_EXIT,33.0952297768146,158.07850000000002,158.07799999999997,157.4245,-0.03162985479018462,1.2269243701310382,-1.2585542249212227
2026-01-20,2026-01-20 06:00:00,2026-01-20 08:30:00,1,5,SL,21.792979366356082,158.4495,157.849,157.849,-37.89851025090082,1.1111836293902975,-39.00969388029112
2026-01-21,2026-01-21 12:30:00,2026-01-21 15:00:00,-1,5,SL,19.79608449285599,157.796,158.172,158.172,-23.8282339222797,1.1111836293902975,-24.939417551669997
2026-01-22,2026-01-22 04:00:00,2026-01-22 17:00:00,1,26,TIME_EXIT,23.575141814275845,158.63299999999998,158.308,158.2175,-20.487540423492508,1.2847947405014086,-21.772335163993915
2026-01-23,2026-01-23 12:00:00,2026-01-23 17:00:00,-1,10,TIME_EXIT,11.357577554903276,158.19400000000002,156.61700000000002,158.6645,99.68772519817426,1.1525196082262763,98.53520558994799
2026-01-27,2026-01-27 04:00:00,2026-01-27 16:00:00,1,4,SL,15.041591296624025,154.51049999999998,154.239,154.239,-17.571621346120477,1.1029164336231017,-18.674537779743577
2026-01-28,2026-01-28 05:00:00,2026-01-28 15:00:00,-1,14,SL,27.546585173322885,152.5375,153.07100000000003,153.07100000000003,-34.97500614603177,1.1855883912950593,-36.16059453732682
2026-01-29,2026-01-29 10:30:00,2026-01-29 16:00:00,1,9,SL,31.849737256015402,153.4395,152.90550000000002,152.90550000000002,-34.80199036102124,1.1442524124590805,-35.94624277348032
2026-01-30,2026-01-30 09:00:00,2026-01-30 19:00:00,1,12,TIME_EXIT,33.65632106761941,154.197,154.5615,153.463,23.63859219050906,1.169053999760668,22.46953819074839
2026-02-02,2026-02-02 04:30:00,2026-02-02 14:00:00,-1,9,SL,35.034356271956355,154.84050000000002,155.3905,155.3905,-35.52042262844559,1.1442524124590805,-36.66467504090467
2026-02-03,2026-02-03 04:00:00,2026-02-03 09:00:00,-1,10,SL,15.25268289543695,155.332,155.61950000000002,155.61950000000002,-18.508742564315323,1.1525196082262763,-19.661262172541598
2026-02-04,2026-02-04 07:00:00,2026-02-04 17:00:00,1,20,TIME_EXIT,23.971516198397417,156.4475,156.4735,156.01850000000002,1.6618993592106273,1.235191565898234,0.4267077933123933
2026-02-05,2026-02-05 05:30:00,2026-02-05 13:30:00,1,14,SL,18.189186688067995,156.97750000000002,156.6865,156.6865,-18.537688522242053,1.1855883912950593,-19.723276913537113
2026-02-06,2026-02-06 06:00:00,2026-02-06 17:00:00,1,18,TIME_EXIT,20.253843917617797,156.8675,157.0985,156.5135,14.725803624077297,1.2186571743638424,13.507146449713455
2026-02-09,2026-02-09 13:00:00,2026-02-09 17:00:00,-1,8,TIME_EXIT,46.6036322666143,156.1095,156.0675,156.93900000000002,2.6904192249671923,1.1359852166918847,1.5544340082753076
2026-02-10,2026-02-10 05:00:00,2026-02-10 17:00:00,-1,18,TIME_EXIT,58.49027417920253,155.1235,154.1855,156.0615,60.467949730377185,1.2186571743638424,59.249292556013344
2026-02-11,2026-02-11 05:00:00,2026-02-11 14:30:00,-1,13,EOD,33.8327379770056,153.123,153.45100000000002,154.06900000000002,-21.420687943681315,1.1773211955278635,-22.59800913920918
2026-02-13,2026-02-13 06:30:00,2026-02-13 14:00:00,1,15,SL,30.258621253655946,153.39999999999998,152.849,152.849,-35.91916558018173,1.1938555870622551,-37.113021167243986
2026-02-16,2026-02-16 05:00:00,2026-02-16 17:00:00,1,24,TIME_EXIT,13.140303795980234,153.184,153.52300000000002,152.9645,22.13024858993283,1.268260348967017,20.86198824096581
2026-02-17,2026-02-17 05:00:00,2026-02-17 16:00:00,-1,16,SL,24.6041444750131,152.947,153.3995,153.3995,-29.585411940082928,1.202122782829451,-30.78753472291238
2026-02-23,2026-02-23 05:00:00,2026-02-23 17:00:00,1,24,TIME_EXIT,28.052221287868903,154.4675,154.311,153.9985,-10.131581076925185,1.268260348967017,-11.399841425892202
2026-02-24,2026-02-24 04:00:00,2026-02-24 17:00:00,1,26,TIME_EXIT,18.631113636877277,155.2575,155.74349999999998,154.8485,31.30283561180555,1.2847947405014086,30.01804087130414
2026-02-25,2026-02-25 08:00:00,2026-02-25 17:00:00,1,18,TIME_EXIT,44.738265056517825,156.151,156.27949999999998,155.348,8.229214030007753,1.2186571743638424,7.010556855643911
2026-02-26,2026-02-26 06:00:00,2026-02-26 17:00:00,1,22,TIME_EXIT,19.260957076957887,156.0655,156.3685,155.75549999999998,19.41492514361122,1.2517259574326256,18.163199186178595
2026-02-27,2026-02-27 04:00:00,2026-02-27 07:00:00,-1,6,SL,18.593628069634832,155.627,155.988,155.988,-23.196489041104048,1.1194508251574933,-24.31593986626154
2026-03-02,2026-03-02 05:00:00,2026-03-02 17:00:00,1,24,TIME_EXIT,28.336140265494933,156.73250000000002,157.399,156.161,42.52468377649721,1.268260348967017,41.256423427530194
2026-03-03,2026-03-03 09:00:00,2026-03-03 17:00:00,1,16,TIME_EXIT,26.75327815138192,157.685,157.7375,157.17700000000002,3.3294225829983257,1.202122782829451,2.127299800168875
2026-03-04,2026-03-04 04:00:00,2026-03-04 17:00:00,-1,26,TIME_EXIT,25.03645854845765,157.212,156.9685,157.7645,15.488639544054092,1.2847947405014086,14.203844803552682
2026-03-05,2026-03-05 04:00:00,2026-03-05 17:00:00,1,26,TIME_EXIT,40.331601183742094,157.1365,157.64,156.453,32.04220534375998,1.2847947405014086,30.757410603258574
2026-03-06,2026-03-06 04:30:00,2026-03-06 13:30:00,1,18,SL,11.180566143212108,157.6695,157.416,157.416,-16.07793517452662,1.2186571743638424,-17.29659234889046
2026-03-09,2026-03-09 05:00:00,2026-03-09 17:00:00,-1,24,TIME_EXIT,20.55822518193178,158.40300000000002,158.2745,158.89999999999998,8.11222009684355,1.268260348967017,6.843959747876534
2026-03-10,2026-03-10 07:00:00,2026-03-10 12:00:00,-1,10,SL,24.43916868739389,157.3835,157.91899999999998,157.91899999999998,-34.02516782254714,1.1525196082262763,-35.17768743077342
2026-03-11,2026-03-11 04:30:00,2026-03-11 08:30:00,-1,8,SL,14.16197761901685,158.1065,158.394,158.394,-18.183945631583413,1.1359852166918847,-19.3199308482753
2026-03-12,2026-03-12 04:30:00,2026-03-12 08:00:00,1,7,SL,20.562460441666634,159.1265,158.7845,158.7845,-21.492334714832825,1.127718020924689,-22.620052735757515
2026-03-13,2026-03-13 04:00:00,2026-03-13 13:30:00,1,19,SL,23.92525009903432,159.435,159.03699999999998,159.03699999999998,-24.96315112742024,1.2269243701310382,-26.190075497551277
2026-03-16,2026-03-16 08:00:00,2026-03-16 17:00:00,-1,18,TIME_EXIT,22.224035859802864,159.274,159.233,159.64100000000002,2.574180343307559,1.2186571743638424,1.3555231689437166
2026-03-17,2026-03-17 04:30:00,2026-03-17 06:00:00,-1,2,SL,11.018401672536841,159.2345,159.4545,159.4545,-13.81610141018428,1.0863820420887103,-14.902483452272989
2026-03-18,2026-03-18 04:30:00,2026-03-18 11:30:00,-1,14,SL,13.028577902400345,158.8145,159.0885,159.0885,-17.25283270734101,1.1855883912950593,-18.43842109863607
2026-03-19,2026-03-19 07:00:00,2026-03-19 17:00:00,-1,20,TIME_EXIT,16.923019066600343,159.406,157.8885,159.81599999999997,95.19716949173886,1.235191565898234,93.96197792584063
2026-03-20,2026-03-20 05:30:00,2026-03-20 17:00:00,1,23,TIME_EXIT,41.553353745504616,158.4315,159.1755,157.74900000000002,46.960358262088015,1.2599931531998212,45.70036510888819
2026-03-23,2026-03-23 10:30:00,2026-03-23 11:00:00,1,1,SL,18.26403773312518,159.6245,159.3295,159.3295,-18.48087229717342,1.0781148463215144,-19.558987143494935
2026-03-24,2026-03-24 04:00:00,2026-03-24 07:00:00,1,6,SL,18.712704758960097,158.76999999999998,158.4485,158.4485,-20.249417396232673,1.1194508251574933,-21.368868221390166
2026-03-25,2026-03-25 04:00:00,2026-03-25 17:00:00,1,26,TIME_EXIT,13.996286570815752,158.8955,159.2215,158.6135,20.51662885355428,1.2847947405014086,19.231834113052873
2026-03-26,2026-03-26 04:00:00,2026-03-26 08:00:00,-1,8,SL,9.4737370441947,159.3865,159.539,159.539,-9.567937058657726,1.1359852166918847,-10.703922275349612
2026-03-27,2026-03-27 05:00:00,2026-03-27 17:00:00,1,24,TIME_EXIT,10.629891631545433,159.64249999999998,160.3815,159.45600000000002,46.29093129962286,1.268260348967017,45.022670950655844
2026-03-30,2026-03-30 04:00:00,2026-03-30 16:00:00,-1,24,TIME_EXIT,31.109747929669066,159.714,159.4635,160.25400000000002,15.684285660617615,1.268260348967017,14.416025311650598
2026-03-31,2026-03-31 06:00:00,2026-03-31 16:00:00,-1,20,TIME_EXIT,23.810568132687234,159.5275,159.18200000000002,159.973,21.657707918696588,1.235191565898234,20.422516352798354
2026-04-01,2026-04-01 06:00:00,2026-04-01 16:00:00,-1,20,TIME_EXIT,35.31004364056242,158.4385,158.6585,159.01299999999998,-13.885513937584543,1.235191565898234,-15.120705503482776
2026-04-02,2026-04-02 07:00:00,2026-04-02 16:00:00,1,18,TIME_EXIT,56.50002522322649,159.7075,159.3765,158.584,-20.72538860103735,1.2186571743638424,-21.94404577540119
2026-04-08,2026-04-08 05:30:00,2026-04-08 16:00:00,-1,21,TIME_EXIT,31.333506004534566,158.2785,158.42700000000002,158.793,-9.38219657123442,1.2434587616654298,-10.62565533289985
2026-04-09,2026-04-09 07:30:00,2026-04-09 16:00:00,1,16,TIME_EXIT,20.93032785593517,158.9735,158.6445,158.6215,-20.695273111556812,1.202122782829451,-21.897395894386264
2026-04-10,2026-04-10 05:00:00,2026-04-10 12:30:00,1,15,SL,13.677008791015375,159.2715,159.026,159.026,-15.41393155712056,1.1938555870622551,-16.607787144182815
2026-04-13,2026-04-13 07:30:00,2026-04-13 11:30:00,-1,8,SL,11.931903592723474,159.6065,159.8465,159.8465,-15.036981576563653,1.1359852166918847,-16.172966793255537
2026-04-14,2026-04-14 04:00:00,2026-04-14 16:00:00,-1,24,TIME_EXIT,15.809059250970728,159.0805,158.829,159.3375,15.809605828495192,1.268260348967017,14.541345479528175
2026-04-15,2026-04-15 12:00:00,2026-04-15 16:00:00,1,8,TIME_EXIT,20.410670244834325,159.1045,158.7815,158.7405,-20.301122846934405,1.1359852166918847,-21.43710806362629
2026-04-16,2026-04-16 03:00:00,2026-04-16 05:30:00,-1,5,SL,21.607605877267073,158.493,158.8515,158.8515,-22.61929548939021,1.1111836293902975,-23.730479118780508
2026-04-17,2026-04-17 04:30:00,2026-04-17 08:30:00,1,8,SL,16.616356903012505,159.47050000000002,159.1805,159.1805,-18.185181585310165,1.1359852166918847,-19.32116680200205
2026-04-20,2026-04-20 13:00:00,2026-04-20 16:00:00,-1,6,TIME_EXIT,25.851184084991715,158.64299999999997,158.6525,159.204,-0.5988288169053253,1.1194508251574933,-1.7182796420628186
2026-04-21,2026-04-21 06:30:00,2026-04-21 07:30:00,-1,2,SL,9.978846105417137,158.8155,158.99450000000002,158.99450000000002,-11.270940179014673,1.0863820420887103,-12.357322221103383
2026-04-22,2026-04-22 03:30:00,2026-04-22 05:00:00,1,2,SL,13.193109427421339,159.397,159.17399999999998,159.17399999999998,-13.990225662968136,1.0863820420887103,-15.076607705056846
2026-04-23,2026-04-23 08:30:00,2026-04-23 16:00:00,1,15,TIME_EXIT,24.51372737345495,159.6945,159.454,159.2985,-15.06000519742366,1.1938555870622551,-16.253860784485916
2026-04-24,2026-04-24 03:00:00,2026-04-24 06:30:00,1,7,SL,8.391888675961281,159.824,159.678,159.678,-9.135048553409689,1.127718020924689,-10.262766574334378
2026-04-27,2026-04-27 03:30:00,2026-04-27 16:00:00,-1,25,TIME_EXIT,20.689893348153724,159.22899999999998,159.332,159.586,-6.468670907938168,1.2765275447342128,-7.745198452672381
2026-04-28,2026-04-28 03:00:00,2026-04-28 08:00:00,-1,10,SL,16.069097117603935,159.12900000000002,159.56799999999998,159.56799999999998,-27.587680435367815,1.1525196082262763,-28.740200043594093
2026-04-29,2026-04-29 05:30:00,2026-04-29 16:00:00,1,21,TIME_EXIT,9.08982629028403,159.7105,160.22050000000002,159.519,31.932778370865993,1.2434587616654298,30.689319609200563
2026-04-30,2026-04-30 03:30:00,2026-04-30 07:30:00,1,8,SL,20.3966890520075,160.425,160.075,160.075,-21.817048465016217,1.1359852166918847,-22.953033681708103
2026-05-01,2026-05-01 06:30:00,2026-05-01 16:00:00,-1,19,TIME_EXIT,23.062172303734112,155.9675,156.8725,157.329,-58.024909035536325,1.2269243701310382,-59.25183340566736
2026-05-04,2026-05-04 03:00:00,2026-05-04 03:30:00,1,1,SL,37.897653985160595,157.238,156.606,156.606,-40.193846271257904,1.0781148463215144,-41.271961117579416
2026-05-05,2026-05-05 04:30:00,2026-05-05 07:00:00,1,5,SL,6.489788127503686,157.28699999999998,157.17000000000002,157.17000000000002,-7.438631291839874,1.1111836293902975,-8.54981492123017
2026-05-06,2026-05-06 03:00:00,2026-05-06 04:00:00,1,2,SL,17.67647917539616,157.8715,157.55399999999997,157.55399999999997,-20.11129304529468,1.0863820420887103,-21.19767508738339
2026-05-08,2026-05-08 06:00:00,2026-05-08 16:00:00,-1,20,TIME_EXIT,11.319106332642011,156.7545,156.63400000000001,156.99200000000002,7.687179634395997,1.235191565898234,6.451988068497762
2026-05-11,2026-05-11 03:30:00,2026-05-11 16:00:00,1,25,TIME_EXIT,20.18044441610732,157.159,157.11200000000002,156.83499999999998,-2.99060187453271,1.2765275447342128,-4.267129419266923
2026-05-12,2026-05-12 05:00:00,2026-05-12 05:30:00,1,1,SL,26.297296180055334,157.6685,157.2405,157.2405,-27.14556173236869,1.0781148463215144,-28.223676578690206
2026-05-13,2026-05-13 07:30:00,2026-05-13 16:00:00,1,16,TIME_EXIT,13.867336868393952,157.834,157.76299999999998,157.5645,-4.498397050066929,1.202122782829451,-5.70051983289638
2026-05-14,2026-05-14 03:30:00,2026-05-14 04:00:00,1,1,SL,8.966450267885074,157.9715,157.8105,157.8105,-10.191711796115209,1.0781148463215144,-11.269826642436723
2026-05-15,2026-05-15 05:30:00,2026-05-15 10:30:00,1,10,SL,16.61119076341855,158.611,158.327,158.327,-17.905441615019882,1.1525196082262763,-19.05796122324616
2026-05-18,2026-05-18 03:30:00,2026-05-18 08:30:00,1,10,SL,9.351061518650974,159.0385,158.8055,158.8055,-14.650540592372545,1.1525196082262763,-15.803060200598821
2026-05-19,2026-05-19 06:00:00,2026-05-19 12:30:00,1,13,SL,10.732754415065141,159.035,158.8595,158.8595,-11.035306693495116,1.1773211955278635,-12.21262788902298
2026-05-21,2026-05-21 07:00:00,2026-05-21 16:00:00,1,14,TIME_EXIT,4.8158488641842485,159.058,159.1515,158.8505,5.878358837657077,1.1855883912950593,4.692770446362017
2026-05-22,2026-05-22 05:30:00,2026-05-22 13:00:00,1,15,SL,7.767197896880456,159.132,159.002,159.002,-8.169318553150557,1.1938555870622551,-9.363174140212813
2026-05-26,2026-05-26 09:00:00,2026-05-26 17:00:00,1,8,TIME_EXIT,3.5863492223277262,159.1825,159.3185,158.936,8.54365272564482,1.1359852166918847,7.407667508952936
2026-05-28,2026-05-28 03:30:00,2026-05-28 04:00:00,1,1,SL,3.886184925989075,159.618,159.5395,159.5395,-4.9179917051956,1.0781148463215144,-5.996106551517115
2026-05-29,2026-05-29 03:00:00,2026-05-29 06:30:00,1,4,SL,5.0549926686908,159.3365,159.2485,159.2485,-5.522902787496516,1.1029164336231017,-6.625819221119618
2026-06-01,2026-06-01 13:00:00,2026-06-01 16:00:00,1,6,TIME_EXIT,8.53402944239952,159.69299999999998,159.6825,159.36200000000002,-0.6575116003819255,1.1194508251574933,-1.7769624255394187
2026-06-02,2026-06-02 04:30:00,2026-06-02 16:00:00,1,19,TIME_EXIT,5.449830240922959,159.7295,159.9255,159.63799999999998,12.27074522865206,1.2269243701310382,11.043820858521023
2026-06-03,2026-06-03 07:00:00,2026-06-03 07:30:00,1,1,SL,8.009160477295024,159.95999999999998,159.817,159.817,-8.939734933731701,1.0781148463215144,-10.017849780053215
2026-06-04,2026-06-04 03:30:00,2026-06-04 04:30:00,1,2,SL,5.723274964268397,159.9715,159.8735,159.8735,-6.1260912099958285,1.0863820420887103,-7.212473252084539
2026-06-05,2026-06-05 14:00:00,2026-06-05 20:00:00,1,2,TIME_EXIT,6.785512149818622,160.191,160.2035,159.8995,0.7803184947961266,1.0863820420887103,-0.30606354729258367
2026-06-08,2026-06-08 07:00:00,2026-06-08 16:00:00,-1,18,TIME_EXIT,8.549568777224476,160.2065,160.1215,160.37900000000002,5.30565239238158,1.2186571743638424,4.086995218017737
2026-06-09,2026-06-09 06:00:00,2026-06-09 15:30:00,-1,19,SL,9.02360813186293,160.114,160.28,160.28,-10.367613075683375,1.2269243701310382,-11.594537445814414
2026-06-10,2026-06-10 09:30:00,2026-06-10 16:00:00,1,12,TIME_EXIT,12.294135634897321,160.445,160.4735,160.23899999999998,1.7763096388175503,1.169053999760668,0.6072556390568824
2026-06-11,2026-06-11 06:00:00,2026-06-11 16:00:00,1,20,TIME_EXIT,7.511134243605167,160.57999999999998,160.5385,160.42849999999999,-2.5843816166387468,1.235191565898234,-3.8195731825369807
2026-06-12,2026-06-12 03:30:00,2026-06-12 05:30:00,-1,4,SL,3.83787325657557,160.2335,160.3065,160.3065,-4.55585130450296,1.1029164336231017,-5.658767738126062
2026-06-16,2026-06-16 04:00:00,2026-06-16 16:00:00,1,24,TIME_EXIT,10.805543931094471,160.3295,160.36849999999998,160.103,2.432490589691059,1.268260348967017,1.1642302407240421
2026-06-17,2026-06-17 04:00:00,2026-06-17 16:00:00,-1,24,TIME_EXIT,7.01752197264173,160.292,160.2045,160.4255,5.458787712425179,1.268260348967017,4.190527363458163
2026-06-18,2026-06-18 08:30:00,2026-06-18 09:00:00,1,1,SL,13.330301831670594,160.7765,160.5365,160.5365,-14.927554711043536,1.0781148463215144,-16.00566955736505
2026-06-19,2026-06-19 03:30:00,2026-06-19 16:00:00,1,25,TIME_EXIT,19.47344064948945,161.34550000000002,161.26999999999998,160.9885,-4.6793991775434485,1.2765275447342128,-5.9559267222776615
2026-06-22,2026-06-22 05:00:00,2026-06-22 16:00:00,1,16,SL,4.952962335817812,161.648,161.5195,161.5195,-7.949371473819812,1.202122782829451,-9.151494256649263
2026-06-23,2026-06-23 05:30:00,2026-06-23 07:00:00,1,3,SL,6.810112397810465,161.6525,161.5245,161.5245,-7.918219637804199,1.0946492378559058,-9.012868875660105
2026-06-24,2026-06-24 06:00:00,2026-06-24 16:00:00,1,14,TIME_EXIT,6.2524955814665555,161.6865,161.7305,161.5355,2.721315632412795,1.1855883912950593,1.5357272411177358
2026-06-25,2026-06-25 05:30:00,2026-06-25 16:00:00,1,15,TIME_EXIT,13.865075484193785,161.8265,161.6885,161.55700000000002,-8.527651528025707,1.1938555870622551,-9.721507115087963
2026-06-29,2026-06-29 03:30:00,2026-06-29 16:00:00,1,25,TIME_EXIT,4.761345296470927,161.7975,161.93900000000002,161.719,8.745499775954988,1.2765275447342128,7.468972231220775
2026-06-30,2026-06-30 11:30:00,2026-06-30 16:00:00,1,9,TIME_EXIT,29.612566350367093,162.416,162.625,161.9245,12.868190326076444,1.1442524124590805,11.723937913617364
2026-07-01,2026-07-01 03:00:00,2026-07-01 04:30:00,1,3,SL,12.300766030203834,162.80700000000002,162.5915,162.5915,-13.236531598765408,1.0946492378559058,-14.331180836621314
2026-07-02,2026-07-02 10:00:00,2026-07-02 16:00:00,-1,8,TIME_EXIT,5.353895574420014,161.47,161.06799999999998,162.5855,24.89626556016692,1.1359852166918847,23.760280343475035
2026-07-03,2026-07-03 07:00:00,2026-07-03 16:00:00,-1,18,TIME_EXIT,37.409660640935854,160.74599999999998,161.361,161.523,-38.259116867605364,1.2186571743638424,-39.477774041969205
2026-07-06,2026-07-06 04:30:00,2026-07-06 16:00:00,1,23,TIME_EXIT,24.278609430257582,161.9395,162.243,161.459,18.741567066712285,1.2599931531998212,17.481573913512463
2026-07-08,2026-07-08 06:00:00,2026-07-08 08:30:00,-1,5,SL,12.757617591956569,162.20499999999998,162.46300000000002,162.46300000000002,-15.905798218306353,1.1111836293902975,-17.016981847696652
2026-07-09,2026-07-09 08:00:00,2026-07-09 13:30:00,-1,9,EOD,13.026406959735215,162.3245,162.341,162.574,-1.0164824163947974,1.1442524124590805,-2.1607348288538777
2026-07-13,2026-07-13 05:30:00,2026-07-13 07:00:00,1,3,SL,17.976112156115754,162.2695,161.8815,161.8815,-23.910839683366575,1.0946492378559058,-25.00548892122248
2026-07-14,2026-07-14 09:00:00,2026-07-14 16:00:00,-1,14,TIME_EXIT,14.546844228571507,162.22199999999998,162.1615,162.47050000000002,3.7294571636393616,1.1855883912950593,2.543868772344302
2026-07-15,2026-07-15 07:00:00,2026-07-15 16:00:00,1,18,TIME_EXIT,16.82441484993906,162.26749999999998,162.137,161.96699999999998,-8.04227587163071,1.2186571743638424,-9.260933045994554
2026-07-16,2026-07-16 09:30:00,2026-07-16 16:00:00,1,13,TIME_EXIT,8.578631800803553,162.1725,162.522,162.0305,21.55112611570875,1.1773211955278635,20.373804920180888
2026-07-17,2026-07-17 06:30:00,2026-07-17 16:00:00,-1,19,SL,8.192606326787038,162.2645,162.4745,162.4745,-12.941832625127983,1.2269243701310382,-14.16875699525902
