session,t_entry,t_exit,instrument,side,entry_px,stop_px,tp1_px,tp2_px,sl_pips,rr1,rr2,asia_range_pips,depth_pips,h1_bias,outcome,r_gross,cost_r,r_net,minutes
2015-01-18,2015-01-19 07:45:00,2015-01-19 08:14:00,EURUSD,-1,1.15712,1.158865,1.15523,1.14601,17.450000000001076,1.0830945558738285,6.366762177650011,21.94999999999947,11.400000000001409,-1,TP1_BE,0.5415472779369143,0.05650228723670646,0.4850449907002078,29.0
2015-02-08,2015-02-09 07:45:00,2015-02-09 08:03:00,EURUSD,-1,1.133985,1.13494,1.130995,1.1295950000000001,9.550000000000392,3.130890052355943,4.596858638743156,30.049999999999244,6.40000000000196,-1,SL,-1.0,0.09993840468124027,-1.0999384046812404,18.0
2015-06-21,2015-06-22 10:00:00,2015-06-22 10:29:00,EURUSD,1,1.136025,1.134005,1.140365,1.14283,20.200000000001328,2.1485148514850123,3.3688118811878724,44.90000000000105,15.700000000000713,1,SL,-1.0,0.04612786860081242,-1.0461278686008124,29.0
2015-06-25,2015-06-26 07:45:00,2015-06-26 08:01:00,EURUSD,-1,1.12045,1.1214899999999999,1.117925,1.1169850000000001,10.399999999999299,2.427884615384672,3.33173076923083,27.49999999999808,5.150000000000432,-1,SL,-1.0,0.09473684210528067,-1.0947368421052808,16.0
2015-07-14,2015-07-15 08:15:00,2015-07-15 12:34:00,EURUSD,-1,1.1024,1.10387,1.0986850000000001,1.097405,14.699999999998603,2.5272108843539223,3.3979591836738487,40.1499999999988,8.699999999999264,-1,TP1_TP2,2.9625850340138857,0.06879865348202428,2.8937863805318615,259.0
2015-07-19,2015-07-20 09:15:00,2015-07-20 14:36:00,EURUSD,-1,1.0847799999999999,1.086045,1.0820599999999998,1.0792849999999996,12.650000000000716,2.1501976284584203,4.343873517786513,27.75000000000194,9.099999999999664,-1,SL,-1.0,0.08216783216782944,-1.0821678321678294,321.0
2015-07-21,2015-07-22 11:00:00,2015-07-22 12:00:00,EURUSD,1,1.0924649999999998,1.0916249999999998,1.096685,1.0968550000000001,8.399999999999519,5.023809523809946,5.226190476191178,42.64999999999741,4.950000000003563,1,SL,-1.0,0.12757201646088917,-1.1275720164608891,60.0
2015-08-03,2015-08-04 08:30:00,2015-08-04 10:00:00,EURUSD,-1,1.0964749999999999,1.098095,1.0932499999999998,1.0898549999999996,16.20000000000177,1.990740740740544,4.086419753086154,33.95000000000259,11.499999999999844,-1,SL,-1.0,0.06872063804216055,-1.0687206380421606,90.0
2015-08-05,2015-08-06 11:30:00,2015-08-06 11:38:00,EURUSD,1,1.090165,1.0892450000000002,1.09442,1.0963500000000002,9.199999999998099,4.625000000000845,6.722826086958028,43.24999999999912,5.499999999998284,1,SL,-1.0,0.10492897115799765,-1.1049289711579977,8.0
2015-08-19,2015-08-20 08:00:00,2015-08-20 11:59:00,EURUSD,1,1.112295,1.11043,1.1148500000000001,1.1179000000000001,18.650000000000055,1.369973190348567,3.0053619302949413,30.49999999999997,10.700000000001264,1,TP1_TP2,2.187667560321754,0.054917454494157664,2.1327501058275966,239.0
2015-09-02,2015-09-03 07:30:00,2015-09-03 08:54:00,EURUSD,-1,1.12271,1.12422,1.120545,1.1175849999999998,15.099999999999003,1.4337748344373096,3.3940397350997396,29.600000000000737,4.150000000000542,-1,SL,-1.0,0.06826286296485068,-1.0682628629648507,84.0
2015-09-20,2015-09-21 08:30:00,2015-09-21 09:09:00,EURUSD,-1,1.1321400000000001,1.133295,1.1284649999999998,1.128225,11.54999999999795,3.1818181818190205,3.3896103896110885,37.35000000000266,7.949999999998791,-1,TP1_TP2,3.2857142857150547,0.08833874458874369,3.197375541126311,39.0
2015-09-22,2015-09-23 07:30:00,2015-09-23 10:48:00,EURUSD,-1,1.11396,1.11575,1.1105200000000002,1.1069900000000004,17.899999999999583,1.9217877094971887,3.893854748603274,35.29999999999811,14.000000000000679,-1,SL,-1.0,0.07178770949719714,-1.071787709497197,198.0
2015-10-06,2015-10-07 10:45:00,2015-10-07 13:46:00,EURUSD,1,1.125295,1.123685,1.12843,1.1315850000000003,16.099999999998893,1.9472049689443016,3.9068322981371324,31.55000000000241,12.899999999997913,1,SL,-1.0,0.05566172957477535,-1.0556617295747754,181.0
2015-10-20,2015-10-21 08:30:00,2015-10-21 09:21:00,EURUSD,-1,1.1367500000000001,1.1376600000000001,1.13436,1.1335950000000001,9.099999999999664,2.626373626373849,3.467032967033116,24.199999999998667,5.80000000000247,-1,TP1_TP2,3.046703296703482,0.09841628959279337,2.9482870071106886,51.0
2015-11-08,2015-11-09 08:30:00,2015-11-09 08:37:00,EURUSD,-1,1.0770149999999998,1.077685,1.072735,1.0720649999999998,6.700000000001705,6.388059701490673,7.388059701490673,44.04999999999992,2.4500000000005073,-1,SL,-1.0,0.13560247542767837,-1.1356024754276783,7.0
2015-11-09,2015-11-10 08:00:00,2015-11-10 11:31:00,EURUSD,-1,1.0759150000000002,1.0767049999999998,1.07374,1.0726749999999998,7.899999999996243,2.7531645569636636,4.101265822787208,23.699999999999832,2.949999999999342,-1,TP1_TP2,3.4272151898754357,0.12623547771811494,3.3009797121573206,211.0
2015-11-22,2015-11-23 08:45:00,2015-11-23 14:01:00,EURUSD,-1,1.063635,1.064695,1.06005,1.0560699999999998,10.599999999998388,3.382075471698789,7.136792452831525,39.80000000000094,3.649999999999487,-1,SL,-1.0,0.08071278825994815,-1.080712788259948,316.0
2015-12-09,2015-12-10 07:15:00,2015-12-10 08:15:00,EURUSD,1,1.09959,1.098575,1.10215,1.103005,10.149999999999881,2.522167487684656,3.3645320197044195,30.399999999999316,2.349999999999852,1,SL,-1.0,0.08645320197042766,-1.0864532019704276,60.0
2015-12-13,2015-12-14 07:45:00,2015-12-14 08:41:00,EURUSD,1,1.09579,1.09473,1.098875,1.0999349999999999,10.600000000000609,2.910377358490403,3.9103773584901935,34.399999999998876,4.0500000000021075,1,SL,-1.0,0.08340820604971809,-1.083408206049718,56.0
2016-01-13,2016-01-14 08:15:00,2016-01-14 09:01:00,EURUSD,1,1.08674,1.0853650000000001,1.0896849999999998,1.0926899999999997,13.74999999999904,2.141818181818152,4.327272727272795,30.049999999999244,10.149999999997661,1,TP1_TP2,3.234545454545473,0.07064935064937532,3.1638961038960978,46.0
2016-01-20,2016-01-21 12:00:00,2016-01-21 13:32:00,EURUSD,-1,1.090535,1.091595,1.086725,1.086045,10.600000000000609,3.594339622641389,4.235849056603629,38.30000000000222,7.399999999999629,-1,SL,-1.0,0.08433390508860854,-1.0843339050886085,92.0
2016-01-24,2016-01-25 07:45:00,2016-01-25 08:15:00,EURUSD,-1,1.0818699999999999,1.0825850000000001,1.078995,1.07896,7.150000000002432,4.020979020977599,4.069930069928641,29.300000000000992,3.60000000000138,-1,SL,-1.0,0.12927612927608517,-1.1292761292760851,30.0
2016-01-27,2016-01-28 07:15:00,2016-01-28 09:08:00,EURUSD,1,1.08741,1.086675,1.0907300000000002,1.091205,7.3499999999993015,4.517006802721806,5.16326530612293,34.10000000000135,3.450000000000397,1,TP1_TP2,4.840136054422368,0.1185243328100308,4.721611721612337,113.0
2016-02-04,2016-02-05 09:45:00,2016-02-05 13:30:00,EURUSD,1,1.119005,1.11809,1.1216599999999999,1.122125,9.149999999999991,2.901639344262136,3.4098360655737863,30.600000000000627,2.0999999999982144,1,TP1_TP2,3.155737704917961,0.10262109845326223,3.053116606464699,225.0
2016-02-09,2016-02-10 08:15:00,2016-02-10 08:28:00,EURUSD,1,1.129,1.1276249999999999,1.13116,1.133795,13.750000000001261,1.570909090908903,3.4872727272724835,26.850000000000485,5.5000000000005045,1,SL,-1.0,0.06466666666666339,-1.0646666666666633,13.0
2016-02-11,2016-02-12 10:00:00,2016-02-12 10:07:00,EURUSD,1,1.1295799999999998,1.128185,1.13339,1.1354700000000002,13.94999999999813,2.731182795699356,4.222222222223071,41.29999999999967,7.749999999999702,1,SL,-1.0,0.07960951711966713,-1.0796095171196671,7.0
2016-02-15,2016-02-16 10:30:00,2016-02-16 14:56:00,EURUSD,-1,1.1182050000000001,1.11926,1.114665,1.114445,10.549999999998061,3.3554502369675347,3.56398104265488,37.0999999999988,5.850000000000577,-1,TP1_TP2,3.4597156398112077,0.08880019955102592,3.3709154402601818,266.0
2016-03-02,2016-03-03 11:30:00,2016-03-03 11:35:00,EURUSD,-1,1.087355,1.0879999999999999,1.085365,1.084705,6.449999999997846,3.085271317830733,4.108527131784381,21.300000000001873,2.049999999997887,-1,SL,-1.0,0.1426686458848611,-1.1426686458848612,5.0
2016-03-24,2016-03-25 11:45:00,2016-03-25 20:00:00,EURUSD,-1,1.116935,1.117465,1.11539,1.11502,5.299999999999194,2.91509433962291,3.6132075471705702,15.699999999998493,2.0500000000001073,-1,TIME,-0.08490566037708973,0.20125786163528497,-0.2861635220123747,495.0
2016-04-03,2016-04-04 08:45:00,2016-04-04 09:09:00,EURUSD,1,1.137385,1.1365100000000001,1.14127,1.143795,8.749999999999591,4.440000000000111,7.325714285714405,41.50000000000098,3.0999999999981043,1,SL,-1.0,0.10481962481961545,-1.1048196248196154,24.0
2016-04-10,2016-04-11 11:15:00,2016-04-11 17:35:00,EURUSD,1,1.13978,1.1383699999999999,1.1428150000000001,1.1460950000000003,14.100000000001334,2.1524822695034285,4.478723404255103,32.80000000000172,8.650000000001157,1,TP1_BE,1.0762411347517142,0.06728939629819693,1.0089517384535174,380.0
2016-05-01,2016-05-02 07:15:00,2016-05-02 13:57:00,EURUSD,1,1.145855,1.14453,1.1481400000000002,1.1506950000000002,13.250000000000206,1.7245283018868354,3.6528301886793226,25.55000000000085,7.550000000000612,1,TP1_TP2,2.688679245283079,0.07381752390797369,2.614861721375105,402.0
2016-05-09,2016-05-10 07:45:00,2016-05-10 13:35:00,EURUSD,-1,1.13925,1.1401899999999998,1.1370049999999998,1.1345899999999998,9.399999999997188,2.388297872341432,4.957446808512473,24.15000000000056,4.699999999999704,-1,TP1_BE,1.194148936170716,0.09638942617668948,1.0977595099940265,350.0
2016-05-11,2016-05-12 09:15:00,2016-05-12 10:18:00,EURUSD,1,1.141265,1.14032,1.142925,1.144665,9.449999999999736,1.7566137566138,3.5978835978837718,18.15000000000122,4.899999999998794,1,SL,-1.0,0.09171075837743291,-1.0917107583774328,63.0
2016-05-16,2016-05-17 07:30:00,2016-05-17 07:59:00,EURUSD,-1,1.133205,1.1339650000000001,1.13111,1.1307399999999999,7.600000000000939,2.756578947368025,3.2434210526313905,22.050000000000125,3.5000000000007248,-1,SL,-1.0,0.12631578947367847,-1.1263157894736784,29.0
2016-06-09,2016-06-10 08:30:00,2016-06-10 12:20:00,EURUSD,-1,1.131165,1.13201,1.129,1.1268150000000001,8.449999999999847,2.562130177514807,5.147928994082761,21.849999999998815,5.250000000001087,-1,TP1_BE,1.2810650887574035,0.11286203674870088,1.1682030520087028,230.0
2016-06-12,2016-06-13 07:15:00,2016-06-13 08:12:00,EURUSD,-1,1.126365,1.12741,1.1232449999999998,1.1198499999999996,10.449999999999626,2.9856459330146845,6.234449760766244,33.95000000000259,4.699999999999704,-1,SL,-1.0,0.0822680854102819,-1.082268085410282,57.0
2016-06-21,2016-06-22 08:30:00,2016-06-22 09:48:00,EURUSD,-1,1.1273749999999998,1.1281299999999999,1.12368,1.119895,7.550000000000612,4.894039735098652,9.907284768210733,37.84999999999927,3.649999999999487,-1,SL,-1.0,0.1277558890099343,-1.1277558890099342,78.0
2016-07-05,2016-07-06 08:00:00,2016-07-06 08:05:00,EURUSD,-1,1.1065200000000002,1.10761,1.10361,1.100365,10.899999999998133,2.6697247706428335,5.646788990826777,32.44999999999942,4.550000000000942,-1,SL,-1.0,0.08363914373089767,-1.0836391437308976,5.0
2016-07-07,2016-07-08 10:45:00,2016-07-08 12:30:00,EURUSD,1,1.106415,1.105425,1.108995,1.109975,9.899999999998244,2.6060606060610954,3.5959595959602417,27.600000000000957,5.099999999997884,1,SL,-1.0,0.08727272727273913,-1.0872727272727392,105.0
2016-08-08,2016-08-09 09:30:00,2016-08-09 13:48:00,EURUSD,-1,1.10904,1.109835,1.107065,1.10459,7.949999999998791,2.4842767295602015,5.597484276730492,20.000000000002238,4.699999999997484,-1,SL,-1.0,0.10735298379857838,-1.1073529837985783,258.0
2016-08-18,2016-08-19 11:15:00,2016-08-19 11:57:00,EURUSD,1,1.132795,1.1321,1.134805,1.1348950000000002,6.9499999999989015,2.892086330935806,3.0215827338137333,20.299999999999763,3.750000000000142,1,SL,-1.0,0.12392438989982378,-1.1239243898998237,42.0
2016-08-25,2016-08-26 08:15:00,2016-08-26 13:08:00,EURUSD,1,1.129125,1.12801,1.1307749999999999,1.1329599999999997,11.149999999999771,1.4798206278026576,3.4394618834079727,21.849999999998815,2.80000000000058,1,TP1_BE,0.7399103139013288,0.07693807459844432,0.6629722393028845,293.0
2016-09-01,2016-09-02 11:15:00,2016-09-02 12:29:00,EURUSD,1,1.1188349999999998,1.118055,1.12083,1.12296,7.799999999997809,2.557692307693271,5.288461538463225,21.299999999999653,3.450000000000397,1,SL,-1.0,0.11034798534799205,-1.110347985347992,74.0
2016-09-08,2016-09-09 11:15:00,2016-09-09 12:16:00,EURUSD,1,1.12663,1.1256950000000001,1.128505,1.132705,9.349999999999081,2.005347593583161,6.4973262032092505,22.55000000000118,2.549999999998942,1,SL,-1.0,0.10374331550804289,-1.103743315508043,61.0
2016-09-27,2016-09-28 10:00:00,2016-09-28 12:07:00,EURUSD,-1,1.121465,1.12224,1.11958,1.11911,7.749999999999702,2.4322580645161125,3.0387096774193236,21.299999999999653,2.2999999999995246,-1,SL,-1.0,0.11551459293393393,-1.1155145929339338,127.0
2016-10-16,2016-10-17 10:00:00,2016-10-17 11:43:00,EURUSD,-1,1.098975,1.0999299999999999,1.09639,1.09349,9.549999999998171,2.7068062827230936,5.743455497383259,28.999999999999027,3.4000000000000696,-1,SL,-1.0,0.09548318395606552,-1.0954831839560655,103.0
2016-10-19,2016-10-20 12:00:00,2016-10-20 12:32:00,EURUSD,-1,1.09761,1.09899,1.09524,1.092505,13.799999999999368,1.7173913043478926,3.6992753623189483,27.34999999999932,7.150000000000212,-1,SL,-1.0,0.06428649655024131,-1.0642864965502412,32.0
2016-10-24,2016-10-25 10:00:00,2016-10-25 12:53:00,EURUSD,-1,1.088505,1.089145,1.086815,1.086465,6.399999999999739,2.6406250000000595,3.187500000000195,18.050000000000566,2.249999999999197,-1,TP1_TP2,2.914062500000127,0.15104166666666824,2.7630208333334587,173.0
2016-10-30,2016-10-31 07:45:00,2016-10-31 08:47:00,EURUSD,1,1.0961750000000001,1.09533,1.0982500000000002,1.099175,8.450000000002067,2.455621301774605,3.550295857987169,21.600000000001618,4.60000000000127,1,SL,-1.0,0.11360946745558008,-1.11360946745558,62.0
2016-11-02,2016-11-03 10:15:00,2016-11-03 10:58:00,EURUSD,1,1.10954,1.1083550000000002,1.112595,1.116035,11.849999999997696,2.5780590717304843,5.481012658229032,34.40000000000109,4.999999999997229,1,SL,-1.0,0.07730482499289332,-1.0773048249928934,43.0
2016-11-16,2016-11-17 08:45:00,2016-11-17 08:48:00,EURUSD,-1,1.071285,1.0721800000000001,1.06834,1.066745,8.950000000000902,3.2905027932957305,5.072625698323498,31.249999999998224,4.150000000002763,-1,SL,-1.0,0.1033174701703483,-1.1033174701703483,3.0
2016-11-29,2016-11-30 07:30:00,2016-11-30 08:06:00,EURUSD,1,1.063155,1.061935,1.06604,1.0693200000000003,12.199999999999989,2.3647540983606796,5.053278688524757,32.80000000000172,5.249999999998867,1,SL,-1.0,0.08023679417122058,-1.0802367941712205,36.0
2016-12-01,2016-12-02 09:00:00,2016-12-02 09:36:00,EURUSD,1,1.066345,1.0651599999999999,1.0689899999999999,1.0718949999999996,11.850000000002137,2.2320675105479406,4.683544303796202,29.049999999997134,6.250000000003197,1,SL,-1.0,0.07585764079982732,-1.0758576407998273,36.0
2016-12-08,2016-12-09 09:15:00,2016-12-09 09:52:00,EURUSD,-1,1.06147,1.0626200000000001,1.05892,1.05573,11.500000000002064,2.2173913043472804,4.991304347825066,31.90000000000026,2.100000000000435,-1,SL,-1.0,0.07615283267456464,-1.0761528326745646,37.0
2016-12-11,2016-12-12 08:00:00,2016-12-12 09:15:00,EURUSD,-1,1.056495,1.05823,1.052555,1.04825,17.35000000000042,2.2708933717579014,4.7521613832852205,43.05000000000003,10.700000000001264,-1,SL,-1.0,0.05652289734337245,-1.0565228973433725,75.0
2016-12-18,2016-12-19 11:00:00,2016-12-19 11:25:00,EURUSD,1,1.04439,1.0435800000000002,1.047955,1.051625,8.099999999997554,4.4012345679026135,8.932098765434922,36.70000000000062,4.049999999997667,1,SL,-1.0,0.1094650205762024,-1.1094650205762024,25.0
2017-01-02,2017-01-03 08:00:00,2017-01-03 08:18:00,EURUSD,1,1.046085,1.045135,1.04902,1.0524200000000001,9.500000000000064,3.0894736842106445,6.6684210526317464,32.90000000000237,2.949999999999342,1,SL,-1.0,0.10336367233874377,-1.1033636723387437,18.0
2017-01-08,2017-01-09 09:15:00,2017-01-09 13:34:00,EURUSD,-1,1.0540699999999998,1.055525,1.051665,1.048265,14.550000000002061,1.6529209621989194,3.9896907216488082,27.89999999999848,7.7000000000015945,-1,TP1_BE,0.8264604810994597,0.06478410279394313,0.7616763783055166,259.0
2017-01-17,2017-01-18 07:45:00,2017-01-18 12:57:00,EURUSD,1,1.0681349999999998,1.0672949999999999,1.071245,1.0713149999999998,8.399999999999519,3.7023809523813647,3.7857142857144557,33.99999999999847,2.5000000000030553,1,SL,-1.0,0.10342261904761779,-1.1034226190476177,312.0
2017-01-23,2017-01-24 10:00:00,2017-01-24 10:51:00,EURUSD,1,1.07403,1.073275,1.07709,1.0773000000000001,7.550000000000612,4.052980132450085,4.331125827814359,32.95000000000048,2.20000000000109,1,SL,-1.0,0.1221356150735438,-1.1221356150735438,51.0
2017-02-19,2017-02-20 09:30:00,2017-02-20 20:00:00,EURUSD,-1,1.062535,1.0632949999999999,1.06033,1.0579749999999999,7.599999999998719,2.90131578947419,6.000000000001169,23.55000000000107,3.0999999999981043,-1,TIME,1.3750000000001825,0.11900845864664068,1.2559915413535419,630.0
2017-03-14,2017-03-15 08:30:00,2017-03-15 15:19:00,EURUSD,-1,1.0629849999999998,1.0638050000000001,1.06111,1.060035,8.20000000000265,2.2865853658527358,3.597560975608333,18.700000000000383,5.250000000001087,-1,TP1_BE,1.1432926829263679,0.12345472769794157,1.0198379552284262,409.0
2017-03-15,2017-03-16 08:15:00,2017-03-16 08:40:00,EURUSD,1,1.072395,1.071255,1.07464,1.07732,11.399999999999189,1.9692982456142214,4.320175438596858,26.800000000000157,4.049999999999887,1,SL,-1.0,0.09704817599555295,-1.097048175995553,25.0
2017-03-27,2017-03-28 08:30:00,2017-03-28 16:25:00,EURUSD,1,1.0849,1.08427,1.0872700000000002,1.0872950000000001,6.299999999999084,3.7619047619056345,3.8015873015880874,23.900000000001143,3.1000000000003247,1,SL,-1.0,0.1628352490421739,-1.1628352490421738,475.0
2017-04-26,2017-04-27 10:00:00,2017-04-27 11:45:00,EURUSD,1,1.08963,1.089005,1.09212,1.0940599999999998,6.250000000000977,3.9839999999991873,7.0879999999984316,25.049999999999795,3.1000000000003247,1,SL,-1.0,0.15794285714281367,-1.1579428571428136,105.0
2017-05-02,2017-05-03 07:45:00,2017-05-03 08:21:00,EURUSD,1,1.092015,1.0908300000000002,1.09369,1.095765,11.849999999997696,1.4135021097049947,3.164556962026052,20.75000000000049,4.849999999998467,1,SL,-1.0,0.09150090415916415,-1.0915009041591641,36.0
2017-05-07,2017-05-08 08:30:00,2017-05-08 08:56:00,EURUSD,1,1.0959949999999998,1.095185,1.099695,1.099895,8.099999999997554,4.5679012345696,4.814814814816561,39.70000000000251,2.3999999999979593,1,SL,-1.0,0.136766975308679,-1.136766975308679,26.0
2017-05-16,2017-05-17 07:30:00,2017-05-17 18:28:00,EURUSD,1,1.109615,1.1081100000000002,1.11224,1.1158149999999998,15.049999999998676,1.7441860465117,4.119601328903858,35.749999999998835,2.549999999998942,1,TP1_TP2,2.9318936877077793,0.06731946144432255,2.8645742262634566,658.0
2017-05-31,2017-06-01 08:45:00,2017-06-01 11:16:00,EURUSD,1,1.1227749999999999,1.12202,1.1256750000000002,1.1285900000000004,7.549999999998391,3.8410596026502843,7.701986754969283,29.15000000000223,4.3999999999999595,1,SL,-1.0,0.12428769444018763,-1.1242876944401876,151.0
2017-06-21,2017-06-22 08:00:00,2017-06-22 13:34:00,EURUSD,1,1.11624,1.115305,1.1178,1.1195399999999998,9.349999999999081,1.6684491978611327,3.529411764706078,17.399999999998528,4.550000000000942,1,SL,-1.0,0.09940232777605541,-1.0994023277760554,334.0
2017-07-11,2017-07-12 07:15:00,2017-07-12 07:54:00,EURUSD,1,1.146395,1.145035,1.14894,1.1522800000000002,13.600000000000279,1.8713235294117407,4.327205882352955,33.40000000000121,2.649999999999597,1,SL,-1.0,0.0745208195637888,-1.0745208195637888,39.0
2017-07-19,2017-07-20 09:00:00,2017-07-20 09:17:00,EURUSD,1,1.150465,1.14986,1.1529150000000001,1.15298,6.049999999999667,4.049586776859832,4.157024793388366,24.700000000001943,2.849999999998687,1,SL,-1.0,0.166015802379475,-1.166015802379475,17.0
2017-07-23,2017-07-24 08:15:00,2017-07-24 13:36:00,EURUSD,1,1.16459,1.16361,1.1684350000000001,1.1726300000000003,9.799999999999809,3.923469387755279,8.204081632653496,41.95000000000171,3.2999999999994145,1,SL,-1.0,0.09933035714285778,-1.0993303571428579,321.0
2017-08-06,2017-08-07 08:45:00,2017-08-07 08:49:00,EURUSD,-1,1.1801050000000002,1.1808750000000001,1.1776749999999998,1.17364,7.699999999999374,3.155844155844901,8.396103896104792,25.200000000000777,3.80000000000269,-1,SL,-1.0,0.1224489795918226,-1.1224489795918227,4.0
2017-08-21,2017-08-22 08:00:00,2017-08-22 08:01:00,EURUSD,1,1.1793200000000001,1.1783249999999998,1.182435,1.182505,9.950000000003012,3.1306532663304663,3.2010050251244295,33.749999999999055,4.350000000001852,1,SL,-1.0,0.09085029105920216,-1.0908502910592022,1.0
2017-09-20,2017-09-21 11:15:00,2017-09-21 12:05:00,EURUSD,-1,1.18968,1.1906999999999999,1.1865800000000002,1.18614,10.199999999997988,3.039215686274992,3.470588235294899,34.999999999998366,3.1999999999987594,-1,SL,-1.0,0.09817351598176915,-1.0981735159817692,50.0
2017-10-02,2017-10-03 07:45:00,2017-10-03 07:58:00,EURUSD,-1,1.17319,1.1742299999999999,1.16962,1.16582,10.399999999999299,3.432692307692396,7.0865384615388205,38.000000000000256,5.099999999997884,-1,SL,-1.0,0.09521321070233775,-1.0952132107023378,13.0
2017-10-25,2017-10-26 08:45:00,2017-10-26 09:01:00,EURUSD,1,1.181555,1.18101,1.1836799999999998,1.1858149999999998,5.450000000000177,3.899082568807089,7.816513761467509,21.34999999999998,2.349999999999852,1,SL,-1.0,0.16736920406642056,-1.1673692040664205,16.0
2017-11-19,2017-11-20 07:45:00,2017-11-20 08:02:00,EURUSD,-1,1.1749999999999998,1.1758149999999998,1.172515,1.172255,8.150000000000102,3.049079754601003,3.368098159508885,25.450000000000195,4.549999999998722,-1,SL,-1.0,0.12433537832311349,-1.1243353783231136,17.0
2018-01-17,2018-01-18 08:30:00,2018-01-18 10:17:00,EURUSD,-1,1.220895,1.2219149999999999,1.217355,1.2165300000000001,10.199999999997988,3.470588235294899,4.27941176470668,36.35000000000055,6.2499999999987566,-1,SL,-1.0,0.09792387543254255,-1.0979238754325427,107.0
2018-01-22,2018-01-23 09:45:00,2018-01-23 20:00:00,EURUSD,1,1.2244199999999998,1.22312,1.227605,1.230795,12.999999999998568,2.4500000000004354,4.90384615384688,31.90000000000026,9.950000000000792,1,TP1_TIME,3.198076923077474,0.07659804983747313,3.121478873240001,615.0
2018-01-31,2018-02-01 08:30:00,2018-02-01 08:39:00,EURUSD,-1,1.242715,1.2437349999999998,1.2393399999999999,1.23871,10.199999999997988,3.3088235294125425,3.926470588236104,35.350000000000655,5.599999999998939,-1,SL,-1.0,0.10234561114164986,-1.1023456111416499,9.0
2018-02-05,2018-02-06 07:30:00,2018-02-06 08:09:00,EURUSD,-1,1.238835,1.24074,1.2350949999999998,1.2311799999999997,19.050000000000455,1.9632545931758463,4.018372703412076,39.15000000000113,14.300000000000423,-1,SL,-1.0,0.05295910591821245,-1.0529591059182124,39.0
2018-02-13,2018-02-14 10:45:00,2018-02-14 11:25:00,EURUSD,1,1.235325,1.23438,1.239245,1.24336,9.449999999999736,4.148148148148183,8.502645502645755,41.15000000000091,4.499999999998394,1,SL,-1.0,0.10748299319730945,-1.1074829931973094,40.0
2018-02-27,2018-02-28 07:30:00,2018-02-28 15:15:00,EURUSD,-1,1.223655,1.2244249999999999,1.2215349999999998,1.2192199999999995,7.699999999999374,2.753246753247135,5.759740259741261,23.15000000000289,2.749999999998032,-1,TP1_TP2,4.256493506494198,0.1284748309542047,4.128018675539994,465.0
2018-02-28,2018-03-01 07:15:00,2018-03-01 15:00:00,EURUSD,-1,1.2204700000000002,1.221415,1.218365,1.2161049999999998,9.449999999997516,2.227513227514073,4.619047619049253,22.600000000001508,4.899999999998794,-1,TP1_TP2,3.423280423281663,0.11346266901827746,3.3098177542633858,465.0
2018-03-01,2018-03-02 07:15:00,2018-03-02 07:45:00,EURUSD,1,1.226325,1.2253,1.2287750000000002,1.2313500000000004,10.250000000000536,2.390243902438961,4.90243902439026,25.75000000000216,5.999999999999339,1,SL,-1.0,0.09676129548180404,-1.096761295481804,30.0
2018-03-05,2018-03-06 08:15:00,2018-03-06 11:23:00,EURUSD,1,1.23349,1.2327000000000001,1.2363,1.236465,7.899999999998464,3.556962025317121,3.7658227848107955,28.449999999997644,4.550000000000942,1,TP1_TP2,3.661392405063958,0.13003452243958713,3.531357882624371,188.0
2018-03-15,2018-03-16 11:30:00,2018-03-16 14:45:00,EURUSD,-1,1.23204,1.2331,1.2295150000000001,1.2268150000000002,10.600000000000609,2.382075471697871,4.929245283018409,26.999999999999247,5.850000000000577,-1,TP1_TP2,3.6556603773581395,0.09502159581722884,3.5606387815409106,195.0
2018-03-18,2018-03-19 11:30:00,2018-03-19 12:00:00,EURUSD,-1,1.22796,1.228905,1.2258049999999998,1.2235249999999995,9.449999999999736,2.2804232804234807,4.693121693122259,22.800000000002818,5.199999999998539,-1,SL,-1.0,0.10250025936299083,-1.102500259362991,30.0
2018-03-22,2018-03-23 08:00:00,2018-03-23 12:17:00,EURUSD,1,1.23218,1.23138,1.2347100000000002,1.2350050000000001,8.00000000000134,3.1624999999996497,3.5312499999995057,27.500000000002522,2.80000000000058,1,TP1_TP2,3.346874999999578,0.12703900709215682,3.219835992907421,257.0
2018-04-12,2018-04-13 09:30:00,2018-04-13 09:38:00,EURUSD,-1,1.2331500000000002,1.2338699999999998,1.2317399999999998,1.2299449999999998,7.199999999996098,1.9583333333348882,4.451388888891782,15.900000000002024,2.3999999999979593,-1,SL,-1.0,0.13706739526420922,-1.1370673952642092,8.0
2018-05-09,2018-05-10 10:00:00,2018-05-10 10:29:00,EURUSD,-1,1.187635,1.1885299999999999,1.184405,1.184315,8.949999999998681,3.6089385474866393,3.709497206704446,35.15000000000157,3.0999999999981043,-1,SL,-1.0,0.10857706210977947,-1.1085770621097795,29.0
2018-06-17,2018-06-18 10:00:00,2018-06-18 10:08:00,EURUSD,-1,1.159755,1.1604949999999998,1.1574399999999998,1.1565500000000002,7.399999999997409,3.1283783783798644,4.331081081082466,24.100000000002453,3.4499999999981767,-1,SL,-1.0,0.13188188188192784,-1.1318818818819278,8.0
2018-06-25,2018-06-26 07:15:00,2018-06-26 07:58:00,EURUSD,1,1.1696,1.1685299999999998,1.17204,1.17495,10.700000000001264,2.2803738317754294,4.999999999999377,29.09999999999968,3.00000000000189,1,SL,-1.0,0.09679572763685611,-1.096795727636856,43.0
2018-06-26,2018-06-27 10:00:00,2018-06-27 11:09:00,EURUSD,1,1.16405,1.163035,1.16669,1.1672099999999999,10.149999999999881,2.6009852216748834,3.113300492610706,27.099999999999902,6.450000000000067,1,SL,-1.0,0.10041050903120168,-1.1004105090312017,69.0
2018-07-26,2018-07-27 07:45:00,2018-07-27 13:22:00,EURUSD,-1,1.16532,1.16608,1.1636250000000001,1.1617150000000003,7.600000000000939,2.230263157894172,4.743421052630514,19.099999999998563,2.4500000000005073,-1,TP1_BE,1.115131578947086,0.1355835240274909,0.979548054919595,337.0
2018-08-07,2018-08-08 10:30:00,2018-08-08 11:22:00,EURUSD,1,1.160005,1.158975,1.16283,1.1656900000000001,10.299999999998644,2.742718446602378,5.51941747572904,28.600000000000847,6.9499999999989015,1,SL,-1.0,0.09572815533982787,-1.095728155339828,52.0
2018-08-19,2018-08-20 10:00:00,2018-08-20 10:24:00,EURUSD,1,1.1411950000000002,1.140515,1.143945,1.144005,6.80000000000236,4.044117647057138,4.1323529411746796,28.199999999998226,3.100000000002545,1,SL,-1.0,0.15200791855197834,-1.1520079185519783,24.0
2018-09-30,2018-10-01 10:45:00,2018-10-01 12:41:00,EURUSD,-1,1.16094,1.161745,1.157545,1.1573950000000002,8.049999999999446,4.217391304348162,4.403726708074724,34.49999999999953,4.500000000000615,-1,SL,-1.0,0.11423699914746342,-1.1142369991474634,116.0
2018-10-03,2018-10-04 09:00:00,2018-10-04 09:02:00,EURUSD,-1,1.1486450000000001,1.14943,1.146345,1.1439599999999999,7.849999999998136,2.9299363057334227,5.968152866243802,23.850000000000815,3.9999999999995595,-1,SL,-1.0,0.12016650784894589,-1.1201665078489458,2.0
2018-10-11,2018-10-12 09:00:00,2018-10-12 10:01:00,EURUSD,1,1.15865,1.157875,1.1610550000000002,1.1634750000000005,7.749999999999702,3.1032258064520066,6.225806451613818,24.200000000003108,4.599999999999049,1,SL,-1.0,0.12740369558410714,-1.1274036955841071,61.0
2018-10-22,2018-10-23 08:00:00,2018-10-23 09:23:00,EURUSD,-1,1.146795,1.1475449999999998,1.143935,1.1410049999999998,7.499999999998064,3.813333333334431,7.720000000002238,29.300000000000992,3.7999999999982492,-1,SL,-1.0,0.12419475655433843,-1.1241947565543384,83.0
2018-11-13,2018-11-14 08:45:00,2018-11-14 09:00:00,EURUSD,1,1.1286550000000002,1.127955,1.13193,1.1321400000000001,7.0000000000014495,4.678571428570341,4.978571428570341,33.50000000000186,3.249999999999087,1,SL,-1.0,0.13714285714282118,-1.1371428571428213,15.0
2018-11-14,2018-11-15 11:45:00,2018-11-15 11:48:00,EURUSD,1,1.1312,1.13053,1.134715,1.13477,6.699999999999484,5.246268656716724,5.328358208955743,35.599999999997856,3.2500000000013074,1,SL,-1.0,0.13769860375545226,-1.1376986037554522,3.0
2018-11-20,2018-11-21 09:15:00,2018-11-21 11:23:00,EURUSD,-1,1.1400350000000001,1.1408500000000001,1.1365699999999999,1.13588,8.150000000000102,4.251533742331571,5.098159509202551,35.199999999999676,4.60000000000349,-1,SL,-1.0,0.12138900470543372,-1.1213890047054338,128.0
2018-12-26,2018-12-27 08:30:00,2018-12-27 08:50:00,EURUSD,-1,1.1387550000000002,1.1396249999999999,1.135825,1.1343,8.699999999997043,3.3678160919552815,5.120689655174266,31.650000000000844,3.3499999999975216,-1,SL,-1.0,0.12496807151985463,-1.1249680715198547,20.0
2018-12-30,2018-12-31 11:00:00,2018-12-31 11:25:00,EURUSD,-1,1.14487,1.14556,1.14215,1.136465,6.899999999998574,3.942028985508142,12.181159420292367,28.799999999999937,2.2999999999995246,-1,SL,-1.0,0.1476349737219769,-1.1476349737219769,25.0
2019-01-24,2019-01-25 09:45:00,2019-01-25 10:24:00,EURUSD,-1,1.132525,1.13331,1.1305049999999999,1.1289449999999999,7.850000000000357,2.5732484076433644,4.560509554140097,22.800000000002818,2.249999999999197,-1,SL,-1.0,0.1251730822486626,-1.1251730822486625,39.0
2019-01-31,2019-02-01 08:45:00,2019-02-01 09:16:00,EURUSD,-1,1.1449099999999999,1.145525,1.1434449999999998,1.1422050000000001,6.150000000000322,2.382113821138167,4.398373983739177,15.650000000002606,2.149999999998542,-1,SL,-1.0,0.16053465619401733,-1.1605346561940173,31.0
2019-03-31,2019-04-01 09:45:00,2019-04-01 12:30:00,EURUSD,-1,1.1241400000000001,1.1247,1.1221299999999998,1.122055,5.599999999998939,3.589285714286911,3.7232142857151955,20.600000000001728,2.100000000000435,-1,SL,-1.0,0.1719165927240856,-1.1719165927240855,165.0
2019-05-06,2019-05-07 09:30:00,2019-05-07 11:51:00,EURUSD,1,1.119805,1.1192149999999998,1.1217899999999998,1.1238549999999998,5.9000000000009045,3.3644067796603374,6.864406779659773,20.649999999999835,2.100000000000435,1,SL,-1.0,0.17086578103525282,-1.1708657810352527,141.0
2019-07-01,2019-07-02 07:45:00,2019-07-02 09:49:00,EURUSD,-1,1.12944,1.13025,1.1275249999999999,1.1254999999999997,8.099999999999774,2.3641975308644008,4.864197530864675,20.250000000001656,3.9999999999995595,-1,SL,-1.0,0.1138888888889418,-1.1138888888889418,124.0
2019-07-16,2019-07-17 10:00:00,2019-07-17 14:52:00,EURUSD,-1,1.1216949999999999,1.12231,1.119985,1.11822,6.150000000000322,2.7804878048777053,5.650406504064574,17.650000000000166,2.5999999999992696,-1,SL,-1.0,0.14717961612604194,-1.147179616126042,292.0
2019-08-06,2019-08-07 11:45:00,2019-08-07 20:00:00,EURUSD,1,1.11959,1.1187150000000001,1.12196,1.124975,8.749999999999591,2.708571428571536,6.154285714285971,24.200000000000887,5.249999999998867,1,TP1_TIME,1.7914285714285911,0.11434782608697035,1.6770807453416208,495.0
2019-08-12,2019-08-13 10:45:00,2019-08-13 12:20:00,EURUSD,-1,1.1214849999999998,1.12245,1.118195,1.116205,9.650000000001047,3.409326424869882,5.471502590672931,34.74999999999895,4.8000000000003595,-1,SL,-1.0,0.10782803528919876,-1.1078280352891987,95.0
2019-09-05,2019-09-06 11:00:00,2019-09-06 11:07:00,EURUSD,1,1.10303,1.10238,1.1046550000000002,1.1051549999999999,6.500000000000394,2.500000000000171,3.269230769230467,16.75000000000093,3.00000000000189,1,SL,-1.0,0.14990138067059858,-1.1499013806705987,7.0
2019-09-16,2019-09-17 07:45:00,2019-09-17 08:12:00,EURUSD,-1,1.101,1.10206,1.0990250000000001,1.0966600000000004,10.600000000000609,1.8632075471695515,4.094339622640865,23.649999999997284,3.700000000002035,-1,SL,-1.0,0.08951294427382953,-1.0895129442738296,27.0
2019-09-30,2019-10-01 11:00:00,2019-10-01 11:21:00,EURUSD,-1,1.0900599999999998,1.0907850000000001,1.0879150000000002,1.0857350000000006,7.250000000003087,2.9586206896533875,5.96551724137573,21.799999999996267,3.9000000000033452,-1,SL,-1.0,0.1406896551723674,-1.1406896551723673,21.0
2019-10-14,2019-10-15 07:45:00,2019-10-15 09:30:00,EURUSD,1,1.10235,1.1016000000000001,1.10461,1.10483,7.499999999998064,3.0133333333343124,3.306666666667571,24.55000000000096,2.549999999998942,1,SL,-1.0,0.13739837398380403,-1.137398373983804,105.0
2019-11-04,2019-11-05 08:45:00,2019-11-05 14:08:00,EURUSD,-1,1.11307,1.114215,1.111275,1.10942,11.449999999999516,1.567685589519709,3.187772925764267,18.5499999999994,7.850000000000357,-1,TP1_TP2,2.377729257641988,0.08191294548527844,2.2958163121567097,323.0
2019-11-13,2019-11-14 08:30:00,2019-11-14 16:17:00,EURUSD,-1,1.10104,1.10188,1.09941,1.09772,8.399999999999519,1.9404761904763257,3.952380952381166,16.899999999999693,4.8000000000003595,-1,TP1_BE,0.9702380952381628,0.10833333333330064,0.8619047619048622,467.0
2020-03-03,2020-03-04 11:15:00,2020-03-04 12:25:00,EURUSD,1,1.1145649999999998,1.1133499999999998,1.1179899999999998,1.118465,12.149999999999661,2.8189300411523512,3.209876543210161,36.54999999999742,6.850000000002687,1,SL,-1.0,0.08180354267310655,-1.0818035426731065,70.0
2020-04-08,2020-04-09 10:30:00,2020-04-09 12:52:00,EURUSD,-1,1.0880299999999998,1.08924,1.0840999999999998,1.083005,12.100000000001554,3.2479338842970944,4.152892561982801,39.400000000000546,9.00000000000123,-1,SL,-1.0,0.07497048406139868,-1.0749704840613987,142.0
2020-05-06,2020-05-07 07:45:00,2020-05-07 09:11:00,EURUSD,-1,1.0805,1.08125,1.0786250000000002,1.078205,7.500000000000284,2.499999999999704,3.059999999999799,19.399999999998307,3.8500000000007972,-1,TP1_TP2,2.7799999999997516,0.1440987654320772,2.6359012345676742,86.0
2020-05-07,2020-05-08 09:00:00,2020-05-08 13:57:00,EURUSD,1,1.083465,1.0823699999999998,1.085485,1.087615,10.950000000000681,1.8447488584474951,3.789954337899397,21.299999999999653,6.850000000002687,1,SL,-1.0,0.09220231822969416,-1.092202318229694,297.0
2020-05-11,2020-05-12 07:15:00,2020-05-12 10:25:00,EURUSD,-1,1.082065,1.08307,1.0784449999999999,1.0744049999999996,10.049999999999226,3.601990049751699,7.6218905472647105,40.400000000002656,2.849999999998687,-1,SL,-1.0,0.09664322067821444,-1.0966432206782144,190.0
2020-05-27,2020-05-28 09:15:00,2020-05-28 15:45:00,EURUSD,1,1.100775,1.09893,1.1035300000000001,1.1064850000000002,18.450000000000966,1.4932249322492785,3.0948509485093796,29.55000000000041,13.450000000001516,1,TP1_TP2,2.294037940379329,0.05422230929136784,2.239815631087961,390.0
2020-05-31,2020-06-01 10:00:00,2020-06-01 10:13:00,EURUSD,1,1.11141,1.110465,1.11505,1.115405,9.449999999999736,3.851851851852052,4.227513227513315,37.70000000000273,5.149999999998212,1,SL,-1.0,0.10773581463238327,-1.1077358146323832,13.0
2020-06-03,2020-06-04 08:15:00,2020-06-04 11:46:00,EURUSD,1,1.1203349999999999,1.119365,1.123535,1.1236700000000002,9.699999999999154,3.2989690721653306,3.4381443298975265,34.95000000000026,3.750000000000142,1,TP1_TP2,3.3685567010314283,0.10555804571943973,3.2629986553119887,211.0
2020-06-11,2020-06-12 07:30:00,2020-06-12 07:59:00,EURUSD,-1,1.1311900000000001,1.1321700000000001,1.12766,1.1237100000000002,9.799999999999809,3.602040816326635,7.632653061224568,39.49999999999898,2.60000000000149,-1,SL,-1.0,0.1073022959183531,-1.1073022959183532,29.0
2020-06-16,2020-06-17 07:15:00,2020-06-17 07:39:00,EURUSD,-1,1.128345,1.129265,1.125505,1.1253549999999999,9.200000000000319,3.086956521738973,3.2499999999999396,30.49999999999997,4.100000000000215,-1,SL,-1.0,0.1063417335917898,-1.1063417335917898,24.0
2020-06-25,2020-06-26 08:00:00,2020-06-26 08:45:00,EURUSD,-1,1.122535,1.1232749999999998,1.12061,1.11905,7.399999999997409,2.601351351352201,4.709459459461055,20.34999999999787,3.2999999999994145,-1,SL,-1.0,0.12582330229395006,-1.1258233022939501,45.0
2020-07-08,2020-07-09 09:45:00,2020-07-09 10:52:00,EURUSD,1,1.13287,1.13182,1.1370749999999998,1.1413849999999996,10.499999999999954,4.0047619047617244,8.10952380952347,43.09999999999814,6.450000000000067,1,SL,-1.0,0.10116144018584539,-1.1011614401858454,67.0
2020-07-09,2020-07-10 09:30:00,2020-07-10 10:27:00,EURUSD,-1,1.128845,1.12971,1.1258050000000002,1.1254849999999998,8.649999999998936,3.514450867052376,3.8843930635845836,30.94999999999848,5.1000000000001044,-1,SL,-1.0,0.11391829577193187,-1.1139182957719318,57.0
2020-07-12,2020-07-13 09:00:00,2020-07-13 13:32:00,EURUSD,1,1.1308799999999999,1.1297949999999999,1.13362,1.134875,10.850000000000026,2.5253456221199815,3.682027649769754,32.49999999999975,2.7500000000024727,1,TP1_TP2,3.103686635944868,0.0959943282524004,3.0076923076924675,272.0
2020-07-29,2020-07-30 07:30:00,2020-07-30 08:41:00,EURUSD,1,1.175595,1.174295,1.17852,1.179735,12.999999999998568,2.250000000000299,3.1846153846157605,35.70000000000073,3.549999999998832,1,SL,-1.0,0.08565088757397754,-1.0856508875739777,71.0
2020-08-11,2020-08-12 07:45:00,2020-08-12 07:55:00,EURUSD,-1,1.1737549999999999,1.174875,1.171115,1.167935,11.200000000000099,2.3571428571428146,5.196428571428469,31.799999999999606,2.80000000000058,-1,SL,-1.0,0.09651035986913194,-1.096510359869132,10.0
2020-08-16,2020-08-17 11:30:00,2020-08-17 20:00:00,EURUSD,1,1.184285,1.183105,1.1867999999999999,1.18945,11.799999999999589,2.131355932203314,4.377118644067834,26.500000000000412,7.449999999997736,1,TP1_TIME,2.2711864406779645,0.09058255696488053,2.180603883713084,510.0
2020-08-18,2020-08-19 07:45:00,2020-08-19 14:38:00,EURUSD,1,1.193155,1.192245,1.1952850000000002,1.19658,9.099999999999664,2.340659340659633,3.763736263736415,24.95000000000136,2.4500000000005073,1,SL,-1.0,0.11547182975752586,-1.115471829757526,413.0
2020-08-23,2020-08-24 07:30:00,2020-08-24 08:00:00,EURUSD,-1,1.1805249999999998,1.18165,1.17847,1.17617,11.250000000002647,1.826666666666164,3.8711111111100998,24.200000000000887,4.60000000000127,-1,SL,-1.0,0.09095607235140442,-1.0909560723514045,30.0
2020-08-24,2020-08-25 07:30:00,2020-08-25 07:39:00,EURUSD,-1,1.181305,1.18205,1.17843,1.17617,7.449999999999957,3.8590604026845337,6.89261744966462,31.049999999999134,2.1500000000007624,-1,SL,-1.0,0.13711094094860135,-1.1371109409486013,9.0
2020-08-26,2020-08-27 10:15:00,2020-08-27 10:34:00,EURUSD,1,1.18247,1.1817300000000002,1.18499,1.18756,7.399999999997409,3.405405405406703,6.87837837838084,25.699999999999612,3.8999999999989043,1,SL,-1.0,0.13261566651402298,-1.132615666514023,19.0
2020-08-30,2020-08-31 08:15:00,2020-08-31 08:28:00,EURUSD,1,1.189705,1.188865,1.19296,1.19653,8.399999999999519,3.8750000000002314,8.125000000000561,35.70000000000073,2.249999999999197,1,SL,-1.0,0.12563775510204192,-1.125637755102042,13.0
2020-09-22,2020-09-23 11:00:00,2020-09-23 20:00:00,EURUSD,-1,1.170845,1.17167,1.16722,1.1635199999999997,8.250000000000757,4.393939393938978,8.878787878787366,37.000000000002586,4.499999999998394,-1,TP1_TIME,4.93636363636309,0.11402520783051723,4.822338428532573,540.0
2020-10-06,2020-10-07 08:15:00,2020-10-07 11:27:00,EURUSD,-1,1.175335,1.1770150000000001,1.1725050000000001,1.1695000000000002,16.80000000000126,1.6845238095236168,3.473214285713914,30.049999999999244,12.050000000001226,-1,SL,-1.0,0.05793650793649955,-1.0579365079364995,192.0
2020-10-19,2020-10-20 07:30:00,2020-10-20 08:49:00,EURUSD,1,1.176455,1.1757000000000002,1.1780599999999999,1.17889,7.549999999998391,2.1258278145697993,3.225165562914548,16.399999999998638,4.199999999998649,1,TP1_TP2,2.6754966887421734,0.12476821192054285,2.5507284768216305,79.0
2020-11-09,2020-11-10 09:00:00,2020-11-10 09:51:00,EURUSD,-1,1.183465,1.184435,1.1806999999999999,1.18031,9.699999999999154,2.850515463917907,3.252577319587932,31.55000000000019,2.80000000000058,-1,TP1_TP2,3.0515463917529195,0.10556042991882388,2.945985961834096,51.0
2020-11-11,2020-11-12 09:15:00,2020-11-12 09:24:00,EURUSD,-1,1.17868,1.1795449999999998,1.1758700000000002,1.1745549999999998,8.649999999998936,3.2485549132949165,4.768786127168397,29.74999999999728,3.9999999999995595,-1,SL,-1.0,0.11318292000746846,-1.1131829200074685,9.0
2020-11-19,2020-11-20 09:45:00,2020-11-20 09:56:00,EURUSD,1,1.1865700000000001,1.1857900000000001,1.18909,1.19162,7.800000000000029,3.2307692307690337,6.4743589743586645,25.299999999999212,4.699999999999704,1,SL,-1.0,0.12707805015498272,-1.1270780501549826,11.0
2021-01-06,2021-01-07 08:45:00,2021-01-07 08:56:00,EURUSD,1,1.23087,1.229725,1.2344499999999998,1.23453,11.449999999999516,3.126637554585212,3.196506550218473,37.0999999999988,7.150000000000212,1,SL,-1.0,0.09241600570357075,-1.0924160057035708,11.0
2021-01-10,2021-01-11 08:30:00,2021-01-11 14:20:00,EURUSD,-1,1.21923,1.2201549999999999,1.216675,1.21372,9.249999999998426,2.762162162162724,5.9567567567579065,29.55000000000041,2.249999999999197,-1,TP1_TP2,4.359459459460315,0.1130977130977348,4.246361746362581,350.0
2021-01-17,2021-01-18 07:30:00,2021-01-18 16:32:00,EURUSD,-1,1.207995,1.208985,1.2065100000000002,1.2045600000000003,9.900000000000464,1.4999999999996636,3.4696969696964364,19.499999999998963,2.249999999999197,-1,TP1_BE,0.7499999999998318,0.10629370629370324,0.6437062937061285,542.0
2021-01-28,2021-01-29 10:45:00,2021-01-29 10:58:00,EURUSD,-1,1.212135,1.2129899999999998,1.20945,1.209335,8.549999999998281,3.1403508771936703,3.274853801170148,27.55000000000063,4.849999999998467,-1,SL,-1.0,0.12134502923977963,-1.1213450292397797,13.0
2021-03-09,2021-03-10 09:30:00,2021-03-10 10:01:00,EURUSD,-1,1.1897600000000002,1.19032,1.1868949999999998,1.1856650000000002,5.599999999998939,5.116071428573004,7.312500000001314,28.800000000002157,2.4500000000005073,-1,SL,-1.0,0.16849816849817018,-1.1684981684981701,31.0
2021-03-11,2021-03-12 07:45:00,2021-03-12 08:37:00,EURUSD,1,1.19474,1.193455,1.1988500000000002,1.1989999999999998,12.849999999999806,3.198443579766803,3.3151750972762604,42.50000000000309,8.449999999999847,1,SL,-1.0,0.07475533545573548,-1.0747553354557355,52.0
2021-03-18,2021-03-19 07:30:00,2021-03-19 07:37:00,EURUSD,-1,1.19251,1.1933399999999998,1.1902149999999998,1.1897,8.299999999998864,2.7650602409644245,3.385542168675137,25.450000000002415,2.7999999999983594,-1,SL,-1.0,0.11383997528577863,-1.1138399752857786,7.0
2021-03-25,2021-03-26 10:30:00,2021-03-26 15:35:00,EURUSD,-1,1.178655,1.17946,1.177175,1.176215,8.049999999999446,1.8385093167702207,3.0310559006213236,15.14999999999933,4.699999999999704,-1,SL,-1.0,0.11567050198556542,-1.1156705019855655,305.0
2021-05-02,2021-05-03 08:00:00,2021-05-03 08:52:00,EURUSD,-1,1.203565,1.20456,1.2013099999999999,1.198635,9.950000000000792,2.2663316582913957,4.954773869346441,26.74999999999983,2.7500000000024727,-1,SL,-1.0,0.09997906197653796,-1.099979061976538,52.0
2021-05-19,2021-05-20 11:45:00,2021-05-20 12:02:00,EURUSD,-1,1.219465,1.220365,1.2169050000000001,1.215995,8.999999999999009,2.8444444444446417,3.855555555556074,28.89999999999837,2.6999999999999247,-1,SL,-1.0,0.1040404040403969,-1.1040404040403968,17.0
2021-05-20,2021-05-21 09:00:00,2021-05-21 11:06:00,EURUSD,1,1.222385,1.2214850000000002,1.22398,1.225715,8.999999999999009,1.772222222222432,3.7000000000004687,17.35000000000042,4.599999999999049,1,SL,-1.0,0.10725623582768302,-1.107256235827683,126.0
2021-05-23,2021-05-24 07:45:00,2021-05-24 08:11:00,EURUSD,-1,1.21953,1.22013,1.2175150000000001,1.21723,5.999999999999339,3.3583333333335,3.8333333333337034,20.249999999997215,2.900000000001235,-1,SL,-1.0,0.15821596244132793,-1.158215962441328,26.0
2021-05-26,2021-05-27 08:45:00,2021-05-27 20:00:00,EURUSD,-1,1.22003,1.2217149999999999,1.2175250000000002,1.2148100000000004,16.849999999999365,1.486646884272909,3.097922848664543,27.14999999999801,11.749999999999261,-1,TIME,0.18100890207715797,0.05611799615988317,0.12489090591727481,675.0
2021-05-27,2021-05-28 09:30:00,2021-05-28 12:06:00,EURUSD,-1,1.218975,1.21994,1.217155,1.215015,9.650000000001047,1.8860103626940263,4.1036269430046985,21.400000000000308,3.450000000000397,-1,TP1_TP2,2.9948186528493626,0.09724990035866972,2.897568752490693,156.0
2021-07-13,2021-07-14 08:45:00,2021-07-14 11:04:00,EURUSD,-1,1.1789550000000002,1.180245,1.17719,1.174775,12.899999999997913,1.3682170542639722,3.2403100775201326,24.15000000000056,3.4000000000000696,-1,SL,-1.0,0.07364341085272669,-1.0736434108527266,139.0
2021-08-16,2021-08-17 08:45:00,2021-08-17 12:54:00,EURUSD,-1,1.17773,1.1786450000000002,1.1760350000000002,1.1742950000000003,9.150000000002212,1.8524590163927543,3.754098360654429,17.399999999998528,5.700000000001815,-1,TP1_TP2,2.8032786885235916,0.10777170613233844,2.695506982391253,249.0
2021-08-29,2021-08-30 11:30:00,2021-08-30 12:57:00,EURUSD,1,1.179635,1.178795,1.18099,1.182615,8.399999999999519,1.6130952380953247,3.54761904761923,16.249999999999876,2.6999999999999247,1,SL,-1.0,0.11255411255417824,-1.1125541125541782,87.0
2021-09-05,2021-09-06 11:15:00,2021-09-06 14:55:00,EURUSD,1,1.18663,1.1859650000000002,1.1885949999999998,1.18864,6.649999999999157,2.9548872180451453,3.022556390977594,20.94999999999736,2.349999999999852,1,SL,-1.0,0.14246141669967716,-1.1424614166996772,220.0
2021-09-22,2021-09-23 10:15:00,2021-09-23 12:37:00,EURUSD,-1,1.17169,1.1729049999999999,1.168355,1.164965,12.149999999999661,2.7448559670781556,5.53497942386836,33.90000000000004,8.599999999998609,-1,SL,-1.0,0.08215350926870665,-1.0821535092687067,142.0
2021-10-06,2021-10-07 11:45:00,2021-10-07 14:33:00,EURUSD,-1,1.156785,1.1575149999999998,1.1549049999999998,1.1532399999999998,7.299999999998974,2.5753424657539288,4.856164383562506,20.700000000002383,2.3999999999979593,-1,TP1_BE,1.2876712328769644,0.12750263435193265,1.1601685985250318,168.0
2021-10-10,2021-10-11 11:00:00,2021-10-11 17:29:00,EURUSD,1,1.15664,1.1559700000000002,1.15868,1.1608549999999997,6.699999999997264,3.044776119404291,6.29104477612176,21.74999999999816,2.349999999999852,1,SL,-1.0,0.15422885572145636,-1.1542288557214564,389.0
2021-11-04,2021-11-05 08:15:00,2021-11-05 12:30:00,EURUSD,-1,1.1555849999999999,1.1564400000000001,1.154105,1.152825,8.550000000002722,1.7309941520461458,3.228070175437421,16.650000000000276,3.700000000002035,-1,TP1_TP2,2.4795321637417835,0.11627774938960674,2.363254414352177,255.0
2021-11-22,2021-11-23 12:00:00,2021-11-23 13:07:00,EURUSD,-1,1.1243249999999998,1.125095,1.122605,1.12081,7.7000000000015945,2.23376623376541,4.564935064933747,17.94999999999991,3.949999999999232,-1,SL,-1.0,0.1260690528982863,-1.1260690528982864,67.0
2021-11-24,2021-11-25 08:00:00,2021-11-25 08:37:00,EURUSD,-1,1.121565,1.122325,1.12027,1.1188449999999999,7.600000000000939,1.7039473684206106,3.5789473684206836,15.54999999999751,2.000000000002,-1,SL,-1.0,0.12368421052630961,-1.1236842105263096,37.0
2021-11-28,2021-11-29 08:45:00,2021-11-29 13:57:00,EURUSD,1,1.1273,1.126425,1.1297000000000001,1.13213,8.749999999999591,2.7428571428574764,5.520000000000386,25.55000000000085,4.20000000000087,1,SL,-1.0,0.10942249240122469,-1.1094224924012246,312.0
2021-12-08,2021-12-09 07:30:00,2021-12-09 07:43:00,EURUSD,1,1.132775,1.131925,1.1344400000000001,1.135485,8.500000000000174,1.958823529411757,3.18823529411757,17.599999999999838,4.550000000000942,1,SL,-1.0,0.11636363636364305,-1.116363636363643,13.0
2021-12-16,2021-12-17 08:15:00,2021-12-17 11:13:00,EURUSD,1,1.13212,1.13148,1.1348950000000002,1.1360450000000002,6.399999999999739,4.33593750000048,6.1328125000005285,28.650000000003395,2.4999999999986144,1,SL,-1.0,0.14873798076921782,-1.1487379807692177,178.0
2021-12-21,2021-12-22 11:00:00,2021-12-22 11:18:00,EURUSD,-1,1.129295,1.1300549999999998,1.12649,1.126445,7.599999999998719,3.690789473684762,3.7500000000006573,29.249999999998444,3.4000000000000696,-1,SL,-1.0,0.12808807733621647,-1.1280880773362165,18.0
2022-01-20,2022-01-21 10:30:00,2022-01-21 12:47:00,EURUSD,-1,1.13333,1.1344450000000001,1.130105,1.1266949999999998,11.150000000001992,2.892376681613863,5.950672645738998,34.10000000000135,6.300000000001305,-1,SL,-1.0,0.08483422774387224,-1.0848342277438723,137.0
2022-02-02,2022-02-03 07:45:00,2022-02-03 09:58:00,EURUSD,1,1.129225,1.1285100000000001,1.13084,1.131405,7.149999999997991,2.258741258742095,3.0489510489520044,18.050000000000566,2.249999999999197,1,SL,-1.0,0.13442113442119863,-1.1344211344211987,133.0
2022-02-09,2022-02-10 08:30:00,2022-02-10 09:08:00,EURUSD,-1,1.14298,1.14366,1.141315,1.1403150000000002,6.799999999997919,2.4485294117654957,3.9191176470599016,18.400000000000638,2.049999999997887,-1,SL,-1.0,0.1460231980116224,-1.1460231980116224,38.0
2022-02-21,2022-02-22 10:00:00,2022-02-22 10:13:00,EURUSD,-1,1.1319599999999999,1.1331,1.128815,1.1256399999999998,11.400000000001409,2.7587719298241797,5.543859649122212,31.7500000000015,8.099999999999774,-1,SL,-1.0,0.09026315789470439,-1.0902631578947044,13.0
2022-02-28,2022-03-01 08:30:00,2022-03-01 08:37:00,EURUSD,-1,1.1212900000000001,1.1221400000000001,1.1190799999999999,1.117925,8.500000000000174,2.600000000000261,3.958823529411757,23.900000000001143,3.700000000002035,-1,SL,-1.0,0.12272727272724973,-1.1227272727272497,7.0
2022-03-10,2022-03-11 08:30:00,2022-03-11 08:39:00,EURUSD,1,1.09817,1.0968449999999998,1.1019,1.105035,13.250000000002427,2.815094339622134,5.181132075470673,38.30000000000222,9.250000000000647,1,SL,-1.0,0.07598964113946295,-1.075989641139463,9.0
2022-03-13,2022-03-14 08:00:00,2022-03-14 08:13:00,EURUSD,-1,1.0932,1.094355,1.0900699999999999,1.0863749999999999,11.550000000000171,2.7099567099567365,5.909090909090891,36.95000000000004,2.900000000001235,-1,SL,-1.0,0.08470633843769487,-1.084706338437695,13.0
2022-03-17,2022-03-18 07:45:00,2022-03-18 08:27:00,EURUSD,1,1.107875,1.10684,1.1118700000000001,1.113765,10.349999999998971,3.859903381643082,5.6908212560391656,42.94999999999938,4.350000000001852,1,SL,-1.0,0.09793588054459637,-1.0979358805445965,42.0
2022-04-12,2022-04-13 11:45:00,2022-04-13 14:50:00,EURUSD,-1,1.083895,1.0850899999999999,1.08115,1.07781,11.94999999999835,2.2970711297074278,5.092050209205823,33.40000000000121,2.999999999997449,-1,TP1_BE,1.1485355648537139,0.08526266852630479,1.0632728963274092,185.0
2022-04-18,2022-04-19 11:15:00,2022-04-19 12:05:00,EURUSD,-1,1.0786449999999999,1.0797350000000001,1.07612,1.0734599999999999,10.900000000002574,2.3165137614672404,4.756880733943826,26.600000000001067,6.550000000000722,-1,SL,-1.0,0.09040519877676854,-1.0904051987767684,50.0
2022-05-09,2022-05-10 07:15:00,2022-05-10 09:50:00,EURUSD,1,1.055925,1.05482,1.0585399999999998,1.05925,11.049999999999116,2.3665158371040915,3.009049773755917,31.999999999996476,2.20000000000109,1,SL,-1.0,0.09553681612506669,-1.0955368161250667,155.0
2022-05-12,2022-05-13 07:45:00,2022-05-13 07:57:00,EURUSD,-1,1.0404900000000001,1.0415699999999999,1.03732,1.035405,10.799999999997478,2.935185185185979,4.708333333334644,32.69999999999884,6.800000000000139,-1,SL,-1.0,0.10846560846564073,-1.1084656084656408,12.0
2022-05-25,2022-05-26 11:45:00,2022-05-26 13:39:00,EURUSD,-1,1.07065,1.0714499999999998,1.06626,1.0651950000000001,7.9999999999968985,5.487500000002273,6.818750000002628,43.84999999999861,5.049999999999777,-1,SL,-1.0,0.1257102272727866,-1.1257102272727866,114.0
2022-05-26,2022-05-27 08:15:00,2022-05-27 09:29:00,EURUSD,1,1.07362,1.07231,1.076515,1.0799550000000002,13.099999999999223,2.2099236641223388,4.8358778625958605,34.40000000000109,4.649999999999377,1,SL,-1.0,0.07903008531656891,-1.0790300853165689,74.0
2022-06-01,2022-06-02 07:15:00,2022-06-02 07:38:00,EURUSD,-1,1.0676899999999998,1.06856,1.064495,1.06371,8.700000000001484,3.6724137931026344,4.574712643677234,33.950000000000365,3.6999999999998145,-1,SL,-1.0,0.11807732497384776,-1.1180773249738478,23.0
2022-07-14,2022-07-15 09:30:00,2022-07-15 09:52:00,EURUSD,-1,1.003865,1.004755,1.00085,1.000695,8.900000000000574,3.3876404494379724,3.5617977528088907,32.750000000001386,3.2999999999994145,-1,SL,-1.0,0.11944308744502986,-1.1194430874450298,22.0
2022-08-02,2022-08-03 11:45:00,2022-08-03 20:00:00,EURUSD,-1,1.018875,1.0212700000000001,1.01501,1.01065,23.95000000000147,1.6137787056366473,3.434237995824393,43.59999999999919,16.00000000000268,-1,TP1_TIME,1.1899791231732126,0.049006635498449004,1.1409724876747636,495.0
2022-08-07,2022-08-08 10:30:00,2022-08-08 11:02:00,EURUSD,-1,1.018445,1.0194249999999998,1.01593,1.015135,9.799999999997588,2.566326530612922,3.3775510204091437,29.55000000000041,2.3999999999979593,-1,SL,-1.0,0.11822660098524222,-1.1182266009852422,32.0
2022-08-18,2022-08-19 08:00:00,2022-08-19 11:47:00,EURUSD,-1,1.0090400000000002,1.009855,1.0069949999999999,1.0048599999999996,8.149999999997881,2.5092024539887463,5.128834355830188,21.3500000000022,4.249999999998977,-1,TP1_TP2,3.819018404909467,0.13580010224951616,3.683218302659951,227.0
2022-08-28,2022-08-29 07:30:00,2022-08-29 09:14:00,EURUSD,-1,0.99442,0.99536,0.99143,0.98831,9.400000000000519,3.180851063829545,6.499999999999587,31.200000000000117,5.1000000000001044,-1,SL,-1.0,0.12981416644221613,-1.129814166442216,104.0
2022-08-30,2022-08-31 07:30:00,2022-08-31 07:42:00,EURUSD,1,1.00155,1.000445,1.0046,1.00549,11.049999999999116,2.760180995475331,3.5656108597288414,31.74999999999928,6.800000000000139,1,SL,-1.0,0.10608100651143557,-1.1060810065114355,12.0
2022-09-13,2022-09-14 08:45:00,2022-09-14 09:37:00,EURUSD,-1,0.999995,1.0013050000000001,0.995965,0.995575,13.100000000001444,3.0763358778622396,3.37404580152633,42.5500000000012,7.850000000000357,-1,SL,-1.0,0.08736590779162719,-1.0873659077916271,52.0
2022-10-24,2022-10-25 11:15:00,2022-10-25 13:13:00,EURUSD,1,0.9858450000000001,0.9845650000000001,0.989865,0.989915,12.799999999999478,3.1406250000000595,3.179687500000057,43.25000000000023,6.7499999999987015,1,TP1_TP2,3.160156250000058,0.08919270833333443,3.070963541666724,118.0
2022-11-07,2022-11-08 07:30:00,2022-11-08 08:24:00,EURUSD,1,0.999625,0.998415,1.003115,1.003415,12.099999999999334,2.88429752066131,3.132231404958817,35.74999999999995,8.249999999999647,1,SL,-1.0,0.09701290984714027,-1.0970129098471402,54.0
2022-11-23,2022-11-24 08:15:00,2022-11-24 10:30:00,EURUSD,1,1.04126,1.0397100000000001,1.04486,1.0491949999999997,15.499999999999403,2.3225806451612674,5.119354838709604,43.34999999999756,5.150000000000432,1,SL,-1.0,0.07475312705726515,-1.0747531270572652,135.0
2022-11-29,2022-11-30 10:00:00,2022-11-30 10:07:00,EURUSD,-1,1.0358450000000001,1.037045,1.0320749999999999,1.032,11.999999999998678,3.1416666666672404,3.2041666666671014,40.35000000000011,6.350000000001632,-1,SL,-1.0,0.10984151329244195,-1.109841513292442,7.0
2022-12-05,2022-12-06 11:45:00,2022-12-06 12:25:00,EURUSD,-1,1.05112,1.0525499999999999,1.04759,1.042835,14.299999999998203,2.468531468531802,5.79370629370709,42.94999999999938,3.649999999999487,-1,SL,-1.0,0.08330266225002782,-1.083302662250028,40.0
2022-12-07,2022-12-08 10:00:00,2022-12-08 13:36:00,EURUSD,1,1.04947,1.04868,1.051895,1.05287,7.899999999998464,3.069620253165308,4.303797468355356,24.95000000000136,4.199999999998649,1,TP1_TP2,3.6867088607603318,0.15024006983852825,3.5364687909218033,216.0
2022-12-08,2022-12-09 09:45:00,2022-12-09 13:30:00,EURUSD,1,1.0553249999999998,1.0543799999999999,1.05868,1.058835,9.449999999999736,3.550264550264881,3.7142857142859493,34.800000000001496,5.20000000000076,1,SL,-1.0,0.1236618678479148,-1.1236618678479149,225.0
2023-01-25,2023-01-26 09:15:00,2023-01-26 09:28:00,EURUSD,1,1.090805,1.090055,1.09295,1.09519,7.500000000000284,2.8599999999999763,5.8466666666665565,22.400000000000198,3.5500000000010523,1,SL,-1.0,0.1562962962963081,-1.1562962962963081,13.0
2023-02-12,2023-02-13 08:30:00,2023-02-13 12:17:00,EURUSD,-1,1.0675750000000002,1.068625,1.065555,1.0631750000000002,10.499999999997733,1.9238095238100656,4.190476190477057,23.799999999998267,3.900000000001125,-1,SL,-1.0,0.10672070246541529,-1.1067207024654153,227.0
2023-02-20,2023-02-21 08:30:00,2023-02-21 15:30:00,EURUSD,-1,1.067785,1.06917,1.06623,1.061285,13.849999999999696,1.1227436823104746,4.693140794223894,22.899999999999032,3.5000000000007248,-1,TP1_BE,0.5613718411552373,0.10079147980140317,0.4605803613538341,420.0
2023-03-01,2023-03-02 07:30:00,2023-03-02 08:06:00,EURUSD,1,1.063685,1.0629600000000001,1.06729,1.06916,7.249999999998646,4.972413793104487,7.551724137932608,37.45000000000109,2.849999999998687,1,SL,-1.0,0.15781876503612333,-1.1578187650361234,36.0
2023-03-15,2023-03-16 09:00:00,2023-03-16 13:53:00,EURUSD,-1,1.06125,1.063065,1.057315,1.052255,18.149999999999,2.1680440771351175,4.955922865014094,42.45000000000054,12.049999999999006,-1,TP1_BE,1.0840220385675587,0.06155752486531,1.0224645137022488,293.0
2023-03-28,2023-03-29 07:15:00,2023-03-29 16:46:00,EURUSD,1,1.082395,1.08148,1.084955,1.0876299999999999,9.149999999999991,2.7978142076501618,5.721311475409709,26.74999999999983,4.999999999999449,1,TP1_BE,1.3989071038250809,0.10869886279721147,1.2902082410278695,571.0
2023-04-05,2023-04-06 08:15:00,2023-04-06 11:38:00,EURUSD,-1,1.090325,1.091325,1.08847,1.08629,10.000000000001119,1.8549999999997324,4.03499999999956,21.800000000000708,3.750000000000142,-1,SL,-1.0,0.09256097560973378,-1.0925609756097339,203.0
2023-04-10,2023-04-11 08:00:00,2023-04-11 08:25:00,EURUSD,-1,1.0895450000000002,1.090755,1.0867149999999999,1.085815,12.099999999997113,2.338842975207444,3.082644628100102,30.35000000000121,7.049999999999557,-1,SL,-1.0,0.07851239669422863,-1.0785123966942287,25.0
2023-04-16,2023-04-17 07:30:00,2023-04-17 14:03:00,EURUSD,-1,1.09939,1.100135,1.096165,1.0928650000000002,7.449999999999957,4.328859060402754,8.758389261744872,32.999999999998586,3.700000000002035,-1,TP1_TP2,6.543624161073813,0.1319177027176027,6.4117064583562104,393.0
2023-04-20,2023-04-21 11:30:00,2023-04-21 11:48:00,EURUSD,-1,1.097305,1.0984049999999999,1.09381,1.09335,10.999999999998789,3.1772727272731007,3.5954545454548783,35.199999999999676,7.749999999999702,-1,SL,-1.0,0.08951048951050065,-1.0895104895105006,18.0
2023-04-26,2023-04-27 10:45:00,2023-04-27 11:46:00,EURUSD,1,1.1040999999999999,1.10335,1.1063550000000002,1.10954,7.499999999998064,3.0066666666678965,7.2533333333353545,24.500000000000632,2.5500000000011624,1,SL,-1.0,0.12225988700572024,-1.1222598870057203,61.0
2023-05-18,2023-05-19 09:15:00,2023-05-19 09:36:00,EURUSD,-1,1.079065,1.0798349999999999,1.0760100000000001,1.0728100000000003,7.699999999999374,3.9675324675325405,8.123376623376865,31.999999999998696,3.249999999999087,-1,SL,-1.0,0.12871287128713557,-1.1287128712871355,21.0
2023-05-28,2023-05-29 11:15:00,2023-05-29 11:59:00,EURUSD,1,1.071835,1.0711549999999999,1.07436,1.074455,6.80000000000236,3.7132352941161946,3.852941176469023,26.299999999999102,2.7500000000024727,1,SL,-1.0,0.14396284829719752,-1.1439628482971975,44.0
2023-06-05,2023-06-06 08:00:00,2023-06-06 08:04:00,EURUSD,1,1.071465,1.0704300000000002,1.0732949999999999,1.077105,10.34999999999675,1.768115942029539,5.449275362320638,22.999999999999687,2.6499999999973767,1,SL,-1.0,0.09833895837471436,-1.0983389583747143,4.0
2023-06-28,2023-06-29 08:30:00,2023-06-29 10:16:00,EURUSD,-1,1.09135,1.092195,1.088085,1.0845449999999999,8.449999999999847,3.863905325443944,8.053254437870173,35.400000000000986,2.6999999999999247,-1,SL,-1.0,0.11644609060934961,-1.1164460906093496,106.0
2023-07-04,2023-07-05 08:00:00,2023-07-05 08:38:00,EURUSD,-1,1.088665,1.08998,1.086785,1.0844749999999999,13.149999999999551,1.4296577946769338,3.1863117870724573,23.100000000000342,5.850000000000577,-1,TP1_BE,0.7148288973384669,0.07370390488261365,0.6411249924558532,38.0
2023-07-10,2023-07-11 09:30:00,2023-07-11 11:38:00,EURUSD,1,1.1003349999999998,1.09947,1.1027,1.105245,8.649999999998936,2.7341040462433104,5.676300578035602,25.450000000000195,3.8500000000007972,1,SL,-1.0,0.11253115553905428,-1.1125311555390542,128.0
2023-07-18,2023-07-19 09:45:00,2023-07-19 20:00:00,EURUSD,-1,1.12352,1.12432,1.11961,1.11565,7.999999999999119,4.887500000000639,9.837500000001137,39.59999999999963,4.500000000000615,-1,TP1_TIME,4.403125000000604,0.11768292682926912,4.285442073171335,615.0
2023-07-25,2023-07-26 08:00:00,2023-07-26 10:28:00,EURUSD,-1,1.1069399999999998,1.1077899999999998,1.103785,1.10355,8.500000000000174,3.7117647058820378,3.988235294117309,33.350000000000875,3.699999999997594,-1,SL,-1.0,0.12225063938622097,-1.122250639386221,148.0
2023-08-06,2023-08-07 10:30:00,2023-08-07 20:00:00,EURUSD,1,1.0970849999999999,1.09636,1.10119,1.10174,7.249999999998646,5.662068965518333,6.420689655173717,40.999999999997705,4.300000000001525,1,TIME,4.544827586207811,0.1298029556650534,4.415024630542757,570.0
2023-08-07,2023-08-08 07:45:00,2023-08-08 09:49:00,EURUSD,1,1.0981,1.097075,1.1011250000000001,1.1011799999999998,10.250000000000536,2.9512195121950215,3.0048780487800864,34.30000000000266,3.1999999999987594,1,SL,-1.0,0.09604946753691807,-1.0960494675369181,124.0
2023-08-14,2023-08-15 07:15:00,2023-08-15 08:47:00,EURUSD,-1,1.09263,1.093355,1.090045,1.087485,7.250000000000867,3.565517241378966,7.09655172413702,26.000000000001577,4.100000000000215,-1,SL,-1.0,0.13653779171020053,-1.1365377917102006,92.0
2023-08-15,2023-08-16 09:45:00,2023-08-16 13:24:00,EURUSD,-1,1.0924800000000001,1.0933749999999998,1.0899,1.0897000000000001,8.94999999999646,2.8826815642469796,3.106145251397882,28.199999999998226,3.549999999998832,-1,TP1_TP2,2.9944134078224307,0.1073927428540748,2.887020664968356,219.0
2023-09-12,2023-09-13 07:15:00,2023-09-13 12:30:00,EURUSD,1,1.073575,1.0728199999999999,1.0764900000000002,1.076495,7.550000000000612,3.8609271523178634,3.8675496688739033,29.95000000000303,3.750000000000142,1,SL,-1.0,0.12251655629136411,-1.1225165562913642,315.0
2023-09-13,2023-09-14 10:15:00,2023-09-14 12:15:00,EURUSD,1,1.073115,1.0724449999999999,1.075215,1.075465,6.700000000001705,3.134328358208144,3.5074626865660514,21.94999999999947,2.7500000000024727,1,SL,-1.0,0.14196459562649683,-1.1419645956264968,120.0
2023-09-20,2023-09-21 07:45:00,2023-09-21 08:05:00,EURUSD,-1,1.0646900000000001,1.066015,1.06169,1.0579049999999999,13.249999999997986,2.2641509433966562,5.120754716982109,37.850000000001494,2.3999999999979593,-1,SL,-1.0,0.06867924528302588,-1.0686792452830258,20.0
2023-10-02,2023-10-03 10:30:00,2023-10-03 14:12:00,EURUSD,-1,1.04801,1.04871,1.045985,1.0439249999999998,6.999999999999229,2.892857142857698,5.835714285715412,20.600000000001728,3.649999999999487,-1,TP1_BE,1.446428571428849,0.13157894736846434,1.3148496240603846,222.0
2023-10-11,2023-10-12 10:15:00,2023-10-12 11:08:00,EURUSD,1,1.0621,1.06142,1.0639850000000002,1.0659650000000003,6.800000000000139,2.772058823529556,5.683823529411986,19.800000000000928,2.8500000000009074,1,SL,-1.0,0.14012208657049616,-1.1401220865704962,53.0
2023-10-15,2023-10-16 09:30:00,2023-10-16 12:53:00,EURUSD,-1,1.05383,1.05453,1.051565,1.051405,6.999999999999229,3.235714285714587,3.4642857142862695,22.649999999999615,3.9999999999995595,-1,SL,-1.0,0.1264808362369897,-1.1264808362369898,203.0
2023-10-17,2023-10-18 11:30:00,2023-10-18 12:47:00,EURUSD,1,1.056095,1.05498,1.05942,1.05949,11.149999999999771,2.9820627802691395,3.04484304932745,33.6499999999984,7.750000000001922,1,SL,-1.0,0.08605324402565749,-1.0860532440256574,77.0
2023-12-19,2023-12-20 07:15:00,2023-12-20 10:32:00,EURUSD,1,1.0956000000000001,1.0947799999999999,1.0979450000000002,1.0984500000000001,8.20000000000265,2.859756097560102,3.4756097560964614,23.850000000003035,4.8000000000003595,1,SL,-1.0,0.11976701856571284,-1.119767018565713,197.0
2024-01-03,2024-01-04 07:30:00,2024-01-04 07:41:00,EURUSD,-1,1.09331,1.0940299999999998,1.09161,1.089815,7.199999999998319,2.3611111111117107,4.854166666667836,18.650000000002276,2.5499999999967216,-1,SL,-1.0,0.13510101010103748,-1.1351010101010375,11.0
2024-01-07,2024-01-08 09:15:00,2024-01-08 09:30:00,EURUSD,1,1.09313,1.09243,1.0953149999999998,1.0955949999999999,6.999999999999229,3.121428571428746,3.521428571428873,22.400000000000198,3.4499999999981767,1,SL,-1.0,0.13392857142856612,-1.133928571428566,15.0
2024-01-08,2024-01-09 09:00:00,2024-01-09 09:11:00,EURUSD,1,1.0949900000000001,1.0942749999999999,1.096635,1.09789,7.150000000002432,2.3006993006983736,4.05594405594254,18.250000000001876,2.349999999999852,1,SL,-1.0,0.14063714063707372,-1.1406371406370737,11.0
2024-01-17,2024-01-18 09:15:00,2024-01-18 13:04:00,EURUSD,1,1.0885,1.0873700000000002,1.0906850000000001,1.0933350000000002,11.299999999998533,1.9336283185844134,4.278761061947586,26.500000000000412,3.649999999999487,1,SL,-1.0,0.08601338225770548,-1.0860133822577054,229.0
2024-01-21,2024-01-22 09:00:00,2024-01-22 11:25:00,EURUSD,1,1.089175,1.08842,1.0909550000000001,1.092775,7.550000000000612,2.357615894039696,4.768211920529478,18.199999999999328,4.150000000002763,1,SL,-1.0,0.1252004182642112,-1.1252004182642112,145.0
2024-01-29,2024-01-30 12:00:00,2024-01-30 14:29:00,EURUSD,-1,1.08419,1.0851149999999998,1.0814050000000002,1.081405,9.249999999998426,3.0108108108111233,3.0108108108113636,28.249999999998554,5.8499999999983565,-1,SL,-1.0,0.09632709632709105,-1.096327096327091,149.0
2024-04-18,2024-04-19 07:15:00,2024-04-19 07:51:00,EURUSD,-1,1.064815,1.0656,1.061055,1.057175,7.850000000000357,4.789808917197216,9.732484076432796,38.800000000001056,3.649999999999487,-1,SL,-1.0,0.11853611141097557,-1.1185361114109755,36.0
2024-04-22,2024-04-23 10:00:00,2024-04-23 11:16:00,EURUSD,-1,1.0659399999999999,1.0667099999999998,1.063855,1.0624,7.699999999999374,2.7077922077922882,4.5974025974028105,22.050000000000125,3.4999999999985043,-1,SL,-1.0,0.1191615402141642,-1.1191615402141641,76.0
2024-04-30,2024-05-01 08:45:00,2024-05-01 12:00:00,EURUSD,-1,1.066595,1.06736,1.06495,1.06318,7.650000000001267,2.1503267973851297,4.4640522875808895,17.700000000000493,3.4000000000000696,-1,SL,-1.0,0.11111111111108923,-1.1111111111110892,195.0
2024-05-29,2024-05-30 08:15:00,2024-05-30 08:46:00,EURUSD,-1,1.080385,1.0814199999999998,1.07884,1.0772300000000001,10.349999999998971,1.4927536231884648,3.048309178744068,16.099999999998893,6.699999999999484,-1,SL,-1.0,0.08241838676622688,-1.082418386766227,31.0
2024-06-05,2024-06-06 08:45:00,2024-06-06 11:29:00,EURUSD,1,1.08743,1.0868200000000001,1.08958,1.09177,6.099999999997774,3.5245901639358705,7.114754098363269,21.899999999999142,2.6999999999999247,1,SL,-1.0,0.13636363636360432,-1.1363636363636043,164.0
2024-06-16,2024-06-17 09:00:00,2024-06-17 09:13:00,EURUSD,-1,1.070725,1.07137,1.06864,1.06718,6.450000000000067,3.2325581395346834,5.496124031007555,20.899999999999253,3.4000000000000696,-1,SL,-1.0,0.13737155219034053,-1.1373715521903405,13.0
2024-07-28,2024-07-29 07:30:00,2024-07-29 07:54:00,EURUSD,1,1.085095,1.084455,1.087005,1.0889199999999999,6.399999999999739,2.984375000000244,5.976562500000193,19.14999999999889,3.3500000000019625,1,SL,-1.0,0.1359375000000026,-1.1359375000000025,24.0
2024-08-05,2024-08-06 07:15:00,2024-08-06 07:38:00,EURUSD,1,1.093615,1.0928250000000002,1.096315,1.0964450000000001,7.899999999998464,3.417721518987911,3.5822784810134944,28.649999999998954,3.249999999999087,1,SL,-1.0,0.12438750510416398,-1.124387505104164,23.0
2024-08-20,2024-08-21 08:00:00,2024-08-21 14:00:00,EURUSD,1,1.11144,1.1107500000000001,1.11326,1.1151999999999997,6.899999999998574,2.6376811594207377,5.449275362319624,19.399999999998307,2.6999999999999247,1,SL,-1.0,0.13708719410789377,-1.1370871941078937,360.0
2024-08-29,2024-08-30 08:00:00,2024-08-30 08:28:00,EURUSD,-1,1.10842,1.109195,1.1069849999999999,1.105565,7.749999999999702,1.8516129032259747,3.6838709677421444,15.900000000002024,3.1999999999987594,-1,SL,-1.0,0.12408102025506315,-1.124081020255063,28.0
2024-10-14,2024-10-15 09:15:00,2024-10-15 20:00:00,EURUSD,-1,1.090925,1.09176,1.088495,1.086005,8.350000000001412,2.9101796407179896,5.892215568861055,24.899999999998812,4.750000000002252,-1,TP1_TIME,2.772455089819705,0.10496653751320835,2.6674885523064966,645.0
2024-10-17,2024-10-18 12:00:00,2024-10-18 12:34:00,EURUSD,-1,1.0848149999999999,1.085495,1.0827499999999999,1.08253,6.80000000000236,3.036764705881275,3.360294117645702,21.200000000001218,3.2500000000013074,-1,SL,-1.0,0.13196930946285554,-1.1319693094628556,34.0
2024-11-06,2024-11-07 10:00:00,2024-11-07 10:16:00,EURUSD,-1,1.0746449999999999,1.07588,1.071295,1.070295,12.350000000000971,2.712550607287027,3.5222672064773377,37.599999999997635,5.250000000001087,-1,SL,-1.0,0.07899444496751498,-1.078994444967515,16.0
2024-11-14,2024-11-15 07:45:00,2024-11-15 08:38:00,EURUSD,-1,1.055745,1.0567,1.052375,1.0513599999999999,9.550000000000392,3.528795811518047,4.591623036649113,37.69999999999829,2.5500000000011624,-1,SL,-1.0,0.10097232610327705,-1.100972326103277,53.0
2024-12-02,2024-12-03 08:00:00,2024-12-03 08:17:00,EURUSD,-1,1.04982,1.051045,1.0480749999999999,1.046075,12.250000000000316,1.4244897959184184,3.0571428571426864,20.80000000000304,5.899999999998684,-1,SL,-1.0,0.07377298026649043,-1.0737729802664904,17.0
2024-12-03,2024-12-04 09:15:00,2024-12-04 13:49:00,EURUSD,1,1.04904,1.04796,1.05291,1.0530849999999998,10.799999999999699,3.5833333333334703,3.74537037037034,41.05000000000025,5.450000000000177,1,SL,-1.0,0.08822601010101874,-1.0882260101010188,274.0
2024-12-08,2024-12-09 09:45:00,2024-12-09 10:09:00,EURUSD,-1,1.05648,1.057715,1.05321,1.0523449999999999,12.34999999999875,2.6477732793525806,3.34817813765234,33.84999999999971,8.20000000000043,-1,SL,-1.0,0.07476121221651172,-1.0747612122165118,24.0
2024-12-17,2024-12-18 09:00:00,2024-12-18 12:57:00,EURUSD,1,1.04932,1.048705,1.05119,1.051285,6.150000000000322,3.040650406503968,3.195121951219336,19.000000000000128,2.8500000000009074,1,SL,-1.0,0.15255321092534163,-1.1525532109253416,237.0
2025-01-30,2025-01-31 08:15:00,2025-01-31 15:58:00,EURUSD,-1,1.039905,1.04098,1.0377049999999999,1.0351599999999999,10.749999999999371,2.046511627907284,4.413953488372557,25.450000000000195,4.300000000001525,-1,TP1_BE,1.023255813953642,0.10180297883458961,0.9214528351190525,463.0
2025-02-09,2025-02-10 07:15:00,2025-02-10 09:04:00,EURUSD,-1,1.032075,1.0328449999999998,1.0298699999999998,1.028655,7.699999999997154,2.8636363636377267,4.441558441560056,22.900000000003473,3.8499999999963563,-1,SL,-1.0,0.14781095193473096,-1.147810951934731,109.0
2025-02-27,2025-02-28 09:30:00,2025-02-28 13:01:00,EURUSD,-1,1.0402049999999998,1.04095,1.03805,1.0356649999999998,7.450000000002177,2.8926174496634594,6.093959731541828,23.850000000000815,2.1500000000007624,-1,SL,-1.0,0.15570469798647255,-1.1557046979864725,211.0
2025-03-16,2025-03-17 08:00:00,2025-03-17 11:03:00,EURUSD,1,1.0876350000000001,1.08675,1.0893899999999999,1.09115,8.850000000000247,1.9830508474572657,3.971751412429194,20.400000000000418,2.999999999997449,1,TP1_TP2,2.97740112994323,0.12833464287049548,2.8490664870727342,183.0
2025-04-30,2025-05-01 11:45:00,2025-05-01 14:19:00,EURUSD,-1,1.132905,1.134145,1.12881,1.128775,12.399999999999078,3.3024193548389227,3.3306451612905437,41.349999999999994,8.999999999999009,-1,TP1_TP2,3.316532258064733,0.10923753665688136,3.2072947214078518,154.0
2025-05-15,2025-05-16 10:45:00,2025-05-16 14:02:00,EURUSD,1,1.11937,1.1185100000000001,1.12196,1.122385,8.599999999998609,3.011627906977339,3.5058139534889277,29.000000000001247,2.4999999999986144,1,SL,-1.0,0.14107387140902106,-1.141073871409021,197.0
2025-05-21,2025-05-22 07:30:00,2025-05-22 07:30:00,EURUSD,1,1.132085,1.1310550000000001,1.1344949999999998,1.13531,10.299999999998644,2.3398058252428338,3.1310679611654932,27.54999999999841,3.849999999998577,1,SL,-1.0,0.12846461008457732,-1.1284646100845772,0.0
2025-06-02,2025-06-03 09:15:00,2025-06-03 10:30:00,EURUSD,1,1.1412550000000001,1.139875,1.14547,1.149725,13.800000000001589,3.054347826086502,6.137681159419567,42.5500000000012,10.399999999999299,1,SL,-1.0,0.08658491267187755,-1.0865849126718776,75.0
2025-06-03,2025-06-04 07:45:00,2025-06-04 08:41:00,EURUSD,-1,1.13922,1.140005,1.13572,1.13211,7.850000000000357,4.458598726114239,9.057324840763856,36.10000000000113,3.7499999999979217,-1,SL,-1.0,0.14150870999921802,-1.141508709999218,56.0
2025-06-05,2025-06-06 07:45:00,2025-06-06 08:47:00,EURUSD,1,1.14286,1.1418700000000002,1.145735,1.149495,9.899999999998244,2.9040404040408796,6.702020202021337,32.59999999999818,3.049999999999997,1,SL,-1.0,0.11605182257359412,-1.116051822573594,62.0
2025-06-17,2025-06-18 07:45:00,2025-06-18 15:29:00,EURUSD,-1,1.151465,1.1525299999999998,1.148095,1.147505,10.649999999998716,3.1643192488265535,3.718309859155344,34.29999999999822,7.049999999999557,-1,SL,-1.0,0.10660888407369366,-1.1066088840736936,464.0
2025-06-18,2025-06-19 11:45:00,2025-06-19 19:11:00,EURUSD,-1,1.1481949999999999,1.1490500000000001,1.144635,1.1408950000000002,8.550000000002722,4.163742690056903,8.538011695903293,37.39999999999854,3.7500000000023626,-1,SL,-1.0,0.13468567251460647,-1.1346856725146064,446.0
2025-06-23,2025-06-24 07:45:00,2025-06-24 20:00:00,EURUSD,1,1.159755,1.157915,1.16223,1.1657800000000003,18.400000000000638,1.3451086956521299,3.2744565217391086,35.50000000000164,4.649999999999377,1,TP1_TIME,1.0529891304347054,0.05972540045766233,0.9932637299770432,735.0
2025-06-24,2025-06-25 07:15:00,2025-06-25 07:52:00,EURUSD,1,1.16039,1.159705,1.16315,1.163265,6.850000000000467,4.029197080291512,4.19708029197046,27.849999999998154,3.60000000000138,1,SL,-1.0,0.1516257465162321,-1.151625746516232,37.0
2025-07-01,2025-07-02 07:45:00,2025-07-02 09:27:00,EURUSD,1,1.177825,1.176815,1.1810049999999999,1.182995,10.099999999999554,3.1485148514852486,5.118811881188463,36.49999999999931,2.4000000000001798,1,SL,-1.0,0.12862286228623318,-1.128622862286233,102.0
2025-07-09,2025-07-10 08:00:00,2025-07-10 11:10:00,EURUSD,1,1.1733099999999999,1.17233,1.174965,1.176975,9.799999999997588,1.688775510204685,3.739795918368524,20.100000000000673,3.249999999999087,1,SL,-1.0,0.10938059434304932,-1.1093805943430493,190.0
2025-07-24,2025-07-25 10:30:00,2025-07-25 10:50:00,EURUSD,1,1.173485,1.17279,1.1761,1.177515,6.9499999999989015,3.7625899280581976,5.798561151080341,26.850000000000485,3.249999999999087,1,SL,-1.0,0.15858617453863127,-1.1585861745386312,20.0
2025-08-07,2025-08-08 11:15:00,2025-08-08 20:00:00,EURUSD,1,1.16422,1.16321,1.1679249999999999,1.169885,10.099999999999554,3.668316831683179,5.608910891089388,40.24999999999945,3.8999999999989043,1,TIME,0.11386138613848544,0.10245372363324427,0.011407662505241167,525.0
2025-08-10,2025-08-11 09:45:00,2025-08-11 11:25:00,EURUSD,1,1.1643400000000002,1.163575,1.1675550000000001,1.167665,7.650000000001267,4.202614379084229,4.346405228757189,33.650000000000624,3.1500000000006523,1,SL,-1.0,0.12745098039213903,-1.127450980392139,100.0
2025-08-19,2025-08-20 07:45:00,2025-08-20 10:14:00,EURUSD,-1,1.164025,1.16497,1.1622249999999998,1.1601949999999999,9.449999999999736,1.904761904762218,4.052910052910401,20.299999999999763,4.150000000002763,-1,SL,-1.0,0.10699588477368539,-1.1069958847736854,149.0
2025-09-08,2025-09-09 08:45:00,2025-09-09 11:38:00,EURUSD,1,1.175875,1.1747750000000001,1.17801,1.1803750000000002,10.999999999998789,1.940909090909303,4.090909090909697,23.650000000001725,5.699999999997374,1,SL,-1.0,0.11647727272727637,-1.1164772727272765,173.0
2025-09-21,2025-09-22 08:00:00,2025-09-22 08:08:00,EURUSD,-1,1.17484,1.1756749999999998,1.1726299999999998,1.1703899999999996,8.349999999996971,2.6467065868276274,5.329341317367812,22.400000000002418,5.049999999997556,-1,SL,-1.0,0.13561448531512557,-1.1356144853151255,8.0
2025-09-22,2025-09-23 08:30:00,2025-09-23 20:00:00,EURUSD,1,1.179535,1.17821,1.1820050000000002,1.1849900000000004,13.250000000000206,1.8641509433963441,4.1169811320757335,29.850000000002375,5.1000000000001044,1,TIME,1.6905660377358376,0.08766682006442503,1.6028992176714125,690.0
2025-09-25,2025-09-26 08:45:00,2025-09-26 13:04:00,EURUSD,-1,1.168365,1.16909,1.16581,1.1645599999999998,7.249999999998646,3.524137931035258,5.248275862070332,25.699999999999612,4.100000000000215,-1,SL,-1.0,0.13793103448279218,-1.1379310344827922,259.0
2025-10-16,2025-10-17 10:45:00,2025-10-17 10:56:00,EURUSD,1,1.1696499999999999,1.168965,1.1728450000000001,1.1761700000000004,6.849999999998246,4.66423357664394,9.518248175185686,33.250000000002444,2.549999999998942,1,SL,-1.0,0.1456874720691508,-1.1456874720691508,11.0
2025-11-03,2025-11-04 08:15:00,2025-11-04 20:00:00,EURUSD,-1,1.15251,1.15318,1.1498249999999999,1.146985,6.700000000001705,4.007462686566217,8.246268656714323,28.399999999999537,2.150000000002983,-1,TP1_TIME,5.567164179103077,0.1478544776118451,5.419309701491232,705.0
2025-11-10,2025-11-11 10:00:00,2025-11-11 10:20:00,EURUSD,-1,1.15649,1.15704,1.1547100000000001,1.1541649999999999,5.5000000000005045,3.2363636363631447,4.22727272727258,18.149999999999,2.1500000000007624,-1,SL,-1.0,0.19090909090908656,-1.1909090909090865,20.0
2025-11-13,2025-11-14 09:15:00,2025-11-14 09:54:00,EURUSD,1,1.16281,1.16213,1.16486,1.16561,6.799999999997919,3.0147058823540216,4.117647058824989,21.55000000000129,2.749999999998032,1,SL,-1.0,0.16176470588243616,-1.161764705882436,39.0
2025-11-23,2025-11-24 09:00:00,2025-11-24 10:06:00,EURUSD,-1,1.152805,1.1535149999999998,1.1502050000000001,1.14967,7.099999999997664,3.6619718309870297,4.415492957748087,26.249999999996554,3.8500000000007972,-1,SL,-1.0,0.1550778354337168,-1.1550778354337168,66.0
2025-11-26,2025-11-27 08:00:00,2025-11-27 09:12:00,EURUSD,1,1.1592,1.15829,1.16133,1.16353,9.099999999999664,2.3406593406593887,4.758241758241874,21.999999999999797,5.399999999999849,1,SL,-1.0,0.11475667189952667,-1.1147566718995268,72.0
2025-12-28,2025-12-29 09:45:00,2025-12-29 20:00:00,EURUSD,-1,1.1778650000000002,1.17921,1.17538,1.17212,13.449999999999296,1.8475836431228256,4.271375464684321,32.600000000000406,2.6999999999999247,-1,TP1_TIME,1.3029739776952693,0.07470919774553099,1.2282647799497384,615.0
2026-01-20,2026-01-21 09:30:00,2026-01-21 09:42:00,EURUSD,1,1.1711749999999999,1.17052,1.1734300000000002,1.17427,6.5499999999985015,3.4427480916043605,4.725190839695844,23.700000000002053,2.4000000000001798,1,SL,-1.0,0.1488549618320675,-1.1488549618320676,12.0
2026-01-25,2026-01-26 08:30:00,2026-01-26 13:07:00,EURUSD,1,1.1847400000000001,1.1835250000000002,1.18765,1.1897799999999998,12.149999999999661,2.395061728395102,4.148148148148026,31.95000000000059,6.299999999999084,1,SL,-1.0,0.07951454279139146,-1.0795145427913915,277.0
2026-01-26,2026-01-27 09:45:00,2026-01-27 12:12:00,EURUSD,1,1.1871450000000001,1.186405,1.18994,1.190705,7.4000000000018495,3.777027027025922,4.810810810809318,29.300000000000992,3.049999999999997,1,TP1_TP2,4.29391891891762,0.12252252252248814,4.1713963963951315,147.0
2026-02-02,2026-02-03 07:30:00,2026-02-03 07:37:00,EURUSD,-1,1.18166,1.1823249999999998,1.1798099999999998,1.17904,6.649999999999157,2.7819548872185926,3.9398496240604164,18.500000000001293,3.649999999999487,-1,SL,-1.0,0.16033040347352429,-1.1603304034735242,7.0
2026-02-03,2026-02-04 10:45:00,2026-02-04 15:32:00,EURUSD,1,1.181015,1.1801800000000002,1.18363,1.183805,8.349999999996971,3.1317365269472845,3.3413173652707573,27.49999999999808,3.9999999999995595,1,SL,-1.0,0.11169967756795444,-1.1116996775679544,287.0
2026-02-18,2026-02-19 08:00:00,2026-02-19 09:08:00,EURUSD,-1,1.18008,1.180665,1.17848,1.178215,5.850000000000577,2.7350427350425437,3.188034188033883,16.15000000000144,2.6999999999999247,-1,SL,-1.0,0.16074373969107508,-1.1607437396910751,68.0
2026-03-03,2026-03-04 08:00:00,2026-03-04 10:08:00,EURUSD,-1,1.161585,1.16286,1.157475,1.15303,12.749999999999151,3.223529411764966,6.709803921569145,43.05000000000003,7.800000000000029,-1,SL,-1.0,0.0766821836648428,-1.0766821836648428,128.0
2026-03-17,2026-03-18 09:00:00,2026-03-18 11:29:00,EURUSD,1,1.153235,1.15222,1.1549399999999999,1.1566699999999996,10.149999999999881,1.6798029556648921,3.3842364532016482,17.299999999997873,6.900000000000794,1,TP1_BE,0.8399014778324461,0.11330049261081238,0.7266009852216337,149.0
2026-04-02,2026-04-03 11:00:00,2026-04-03 18:39:00,EURUSD,-1,1.15449,1.155225,1.1529449999999999,1.15152,7.3499999999993015,2.1020408163269066,4.040816326530884,15.700000000000713,4.100000000000215,-1,TP1_TP2,3.0714285714288954,0.1344537815125371,2.9369747899163583,459.0
2026-04-12,2026-04-13 11:45:00,2026-04-13 13:21:00,EURUSD,-1,1.169265,1.17014,1.167115,1.16641,8.749999999999591,2.457142857143082,3.2628571428573547,23.800000000000487,3.450000000000397,-1,SL,-1.0,0.11226890756302539,-1.1122689075630254,96.0
2026-05-03,2026-05-04 08:45:00,2026-05-04 10:02:00,EURUSD,1,1.172025,1.17148,1.173905,1.1741700000000002,5.450000000000177,3.449541284403341,3.93577981651375,18.849999999999145,2.4000000000001798,1,SL,-1.0,0.18762947617631834,-1.1876294761763184,77.0
2026-05-17,2026-05-18 07:45:00,2026-05-18 08:33:00,EURUSD,-1,1.1635900000000001,1.1643199999999998,1.1608399999999999,1.1580149999999998,7.2999999999967535,3.767123287673254,7.636986301373711,28.250000000000774,3.549999999998832,-1,SL,-1.0,0.13345117101198137,-1.1334511710119815,48.0
2026-07-07,2026-07-08 08:15:00,2026-07-08 17:13:00,EURUSD,-1,1.14227,1.14307,1.13985,1.137295,8.00000000000134,3.024999999999327,6.218749999998899,25.55000000000085,3.649999999999487,-1,TP1_BE,1.5124999999996636,0.1182203389830112,1.3942796610166523,538.0
2026-07-14,2026-07-15 07:45:00,2026-07-15 09:32:00,EURUSD,1,1.142395,1.141825,1.14438,1.14589,5.699999999999594,3.4824561403509557,6.131578947368903,19.849999999999035,2.6999999999999247,1,SL,-1.0,0.1678252234360053,-1.1678252234360054,107.0
2020-04-21,2020-04-22 08:15:00,2020-04-22 09:01:00,GBPUSD,-1,1.2322199999999999,1.23419,1.22749,1.224745,19.700000000000273,2.401015228426312,3.794416243654718,53.14999999999959,9.850000000000136,-1,SL,-1.0,0.0936778957083633,-1.0936778957083633,46.0
2020-05-12,2020-05-13 10:00:00,2020-05-13 11:43:00,GBPUSD,-1,1.2299250000000002,1.23191,1.225125,1.22011,19.849999999999035,2.4181360201513202,4.944584382871842,50.14999999999991,13.700000000000934,-1,SL,-1.0,0.07045750933419394,-1.070457509334194,103.0
2020-05-19,2020-05-20 07:45:00,2020-05-20 16:21:00,GBPUSD,1,1.223195,1.221745,1.2276699999999998,1.22965,14.499999999999513,3.0862068965516793,4.451724137931099,49.199999999998134,6.049999999999667,1,TP1_BE,1.5431034482758397,0.1054431461955172,1.4376603020803225,516.0
2020-05-20,2020-05-21 10:45:00,2020-05-21 20:00:00,GBPUSD,-1,1.2235999999999998,1.225035,1.21858,1.21347,14.350000000002971,3.498257839720392,7.059233449475716,51.099999999999476,9.450000000001957,-1,TIME,1.0069686411147174,0.10235659960283779,0.9046120415118796,555.0
2020-05-28,2020-05-29 09:15:00,2020-05-29 16:03:00,GBPUSD,1,1.2309999999999999,1.228855,1.2358799999999999,1.240935,21.449999999998415,2.275058275058441,4.631701631701986,50.55000000000032,15.699999999998493,1,TP1_BE,1.1375291375292205,0.07678447678448688,1.0607446607447335,408.0
2020-06-07,2020-06-08 07:30:00,2020-06-08 09:42:00,GBPUSD,1,1.268645,1.26742,1.272165,1.27298,12.250000000000316,2.8734693877550015,3.538775510203972,37.70000000000051,5.749999999999922,1,SL,-1.0,0.13335841248940103,-1.133358412489401,132.0
2020-07-19,2020-07-20 08:15:00,2020-07-20 08:34:00,GBPUSD,-1,1.25698,1.258405,1.2518150000000001,1.251185,14.250000000000096,3.624561403508652,4.066666666666635,52.44999999999944,9.449999999999736,-1,SL,-1.0,0.1108643167551899,-1.11086431675519,19.0
2020-07-23,2020-07-24 07:30:00,2020-07-24 20:00:00,GBPUSD,1,1.2730299999999999,1.271425,1.27735,1.282265,16.049999999998565,2.691588785047033,5.753894080997464,49.15000000000003,6.099999999999994,1,TP1_TIME,3.116822429906903,0.10807026089074856,3.0087521690161543,750.0
2020-08-02,2020-08-03 09:00:00,2020-08-03 10:26:00,GBPUSD,-1,1.310135,1.3115999999999999,1.30551,1.30205,14.649999999998276,3.1569965870311574,5.518771331058752,52.30000000000068,4.599999999999049,-1,TP1_TP2,4.337883959044955,0.10174456927742694,4.236139389767528,86.0
2020-08-10,2020-08-11 09:30:00,2020-08-11 10:11:00,GBPUSD,-1,1.309495,1.310505,1.3055050000000001,1.304705,10.099999999999554,3.9504950495050637,4.742574257426023,41.05000000000025,4.949999999999122,-1,SL,-1.0,0.15511551155115197,-1.155115511551152,41.0
2020-08-11,2020-08-12 08:45:00,2020-08-12 13:14:00,GBPUSD,-1,1.3051499999999998,1.307175,1.301685,1.297445,20.250000000001656,1.711111111110887,3.8049382716045534,42.40000000000021,8.500000000000174,-1,TP1_BE,0.8555555555554435,0.08257887517146485,0.7729766803839786,269.0
2020-08-30,2020-08-31 11:15:00,2020-08-31 12:29:00,GBPUSD,1,1.3328250000000001,1.331035,1.33692,1.3415750000000002,17.900000000001803,2.287709497206451,4.888268156424108,46.55000000000076,8.300000000001084,1,SL,-1.0,0.09185014788038182,-1.0918501478803817,74.0
2020-09-13,2020-09-14 07:15:00,2020-09-14 07:32:00,GBPUSD,-1,1.282785,1.283995,1.2791000000000001,1.27814,12.099999999999334,3.045454545454662,3.8388429752068314,40.800000000000836,4.149999999998322,-1,SL,-1.0,0.12032754568201455,-1.1203275456820145,17.0
2020-09-29,2020-09-30 07:45:00,2020-09-30 14:06:00,GBPUSD,1,1.28194,1.28092,1.2873100000000002,1.2876150000000002,10.200000000000209,5.264705882352929,5.5637254901960596,54.25000000000235,5.649999999999267,1,TP1_TP2,5.414215686274494,0.17096427612139597,5.243251410153098,381.0
2020-10-15,2020-10-16 07:15:00,2020-10-16 07:51:00,GBPUSD,-1,1.29104,1.29285,1.288345,1.2845400000000002,18.100000000000893,1.4889502762429607,3.591160220994148,38.04999999999836,3.00000000000189,-1,SL,-1.0,0.09287545589136216,-1.0928754558913623,36.0
2020-12-28,2020-12-29 07:30:00,2020-12-29 07:37:00,GBPUSD,-1,1.34901,1.350295,1.345965,1.343655,12.849999999999806,2.369649805447479,4.167315175097338,35.75000000000106,3.549999999998832,-1,SL,-1.0,0.14282444495309024,-1.1428244449530902,7.0
2021-02-16,2021-02-17 09:00:00,2021-02-17 20:00:00,GBPUSD,-1,1.389105,1.3908,1.386195,1.3825100000000001,16.95000000000002,1.7168141592920145,3.8908554572270786,36.84999999999938,5.20000000000076,-1,TP1_TIME,1.759587020648965,0.07276302851523711,1.6868239921337278,660.0
2021-02-21,2021-02-22 09:15:00,2021-02-22 20:00:00,GBPUSD,1,1.401135,1.3992900000000001,1.405235,1.4094000000000002,18.449999999998745,2.2222222222223693,4.479674796748374,41.65000000000196,13.799999999997148,1,TP1_TIME,2.8319783197833495,0.06971311092420979,2.7622652088591395,645.0
2021-03-21,2021-03-22 09:30:00,2021-03-22 11:34:00,GBPUSD,-1,1.38583,1.3873449999999998,1.381785,1.37736,15.14999999999933,2.6699669966996917,5.5907590759078225,44.25000000000123,7.349999999997081,-1,SL,-1.0,0.08161626973510329,-1.0816162697351033,124.0
2021-04-19,2021-04-20 10:30:00,2021-04-20 12:08:00,GBPUSD,1,1.398245,1.396635,1.40092,1.4042899999999998,16.099999999998893,1.6614906832299172,3.7546583850933364,33.69999999999873,5.150000000000432,1,SL,-1.0,0.08544895374782975,-1.0854489537478298,98.0
2021-04-20,2021-04-21 07:45:00,2021-04-21 12:56:00,GBPUSD,1,1.3919899999999998,1.3906200000000002,1.3949799999999999,1.3969200000000002,13.699999999996493,2.1824817518254114,3.5985401459865587,33.69999999999873,5.899999999998684,1,SL,-1.0,0.09691407096916721,-1.0969140709691672,311.0
2021-04-28,2021-04-29 09:00:00,2021-04-29 10:40:00,GBPUSD,1,1.39417,1.3932250000000002,1.39767,1.401365,9.449999999997516,3.7037037037047393,7.613756613758682,36.95000000000004,3.4999999999985043,1,SL,-1.0,0.15407407407411236,-1.1540740740741124,100.0
2021-05-18,2021-05-19 08:30:00,2021-05-19 08:45:00,GBPUSD,1,1.4180100000000002,1.416995,1.42009,1.421565,10.150000000002102,2.04926108374328,3.502463054186223,22.450000000000525,4.500000000000615,1,SL,-1.0,0.13880678708262095,-1.138806787082621,15.0
2021-05-23,2021-05-24 07:45:00,2021-05-24 07:56:00,GBPUSD,-1,1.416185,1.41716,1.4136449999999998,1.412115,9.749999999999481,2.605128205128558,4.174358974359215,26.100000000002233,5.049999999999777,-1,SL,-1.0,0.13396775046258294,-1.133967750462583,11.0
2021-05-26,2021-05-27 08:15:00,2021-05-27 08:27:00,GBPUSD,-1,1.412145,1.4133499999999999,1.4091749999999998,1.4061199999999996,12.049999999999006,2.4647302904567505,5.000000000000737,30.55000000000252,7.199999999998319,-1,SL,-1.0,0.1096207661874184,-1.1096207661874185,12.0
2021-07-05,2021-07-06 11:15:00,2021-07-06 13:10:00,GBPUSD,1,1.385175,1.384375,1.38983,1.3944999999999999,8.00000000000134,5.818749999998843,11.656249999997806,46.69999999999952,3.8500000000007972,1,SL,-1.0,0.19085365853653322,-1.1908536585365332,115.0
2021-08-01,2021-08-02 08:00:00,2021-08-02 08:24:00,GBPUSD,-1,1.391755,1.39316,1.388645,1.3853799999999998,14.049999999998786,2.213523131672909,4.537366548043269,32.65000000000073,8.500000000000174,-1,SL,-1.0,0.10643306871064713,-1.1064330687106472,24.0
2021-08-22,2021-08-23 09:30:00,2021-08-23 10:02:00,GBPUSD,-1,1.366015,1.366965,1.3624550000000002,1.361885,9.500000000000064,3.7473684210523808,4.347368421052567,37.64999999999796,3.450000000000397,-1,SL,-1.0,0.15550877192982354,-1.1555087719298236,32.0
2021-08-23,2021-08-24 09:15:00,2021-08-24 20:00:00,GBPUSD,1,1.37122,1.3700200000000002,1.37478,1.3784799999999997,11.999999999998678,2.9666666666668147,6.050000000000333,36.999999999998145,6.599999999998829,1,TIME,1.6166666666667038,0.12166666666667557,1.4950000000000283,645.0
2021-09-14,2021-09-15 07:45:00,2021-09-15 08:52:00,GBPUSD,-1,1.3830049999999998,1.3841899999999998,1.37927,1.37527,11.849999999999916,3.151898734177087,6.527426160337452,40.000000000000036,5.199999999998539,-1,SL,-1.0,0.13704641350206684,-1.1370464135020668,67.0
2021-10-19,2021-10-20 08:30:00,2021-10-20 09:15:00,GBPUSD,1,1.3784450000000001,1.377245,1.381505,1.38338,12.000000000000899,2.549999999999676,4.112499999999619,34.349999999998545,4.250000000001197,1,SL,-1.0,0.13207070707070365,-1.1320707070707037,45.0
2021-10-27,2021-10-28 07:15:00,2021-10-28 07:36:00,GBPUSD,-1,1.37547,1.3765649999999998,1.3722150000000002,1.37103,10.949999999998461,2.9726027397262498,4.054794520548515,33.54999999999997,5.949999999996791,-1,SL,-1.0,0.14336917562725743,-1.1433691756272575,21.0
2021-11-14,2021-11-15 09:00:00,2021-11-15 20:00:00,GBPUSD,1,1.34142,1.3401450000000001,1.343995,1.3467000000000002,12.749999999999151,2.0196078431373845,4.141176470588647,27.050000000001795,7.449999999997736,1,TP1_TIME,1.5490196078432004,0.12009803921568056,1.4289215686275198,660.0
2021-12-06,2021-12-07 09:30:00,2021-12-07 10:44:00,GBPUSD,1,1.325785,1.3249,1.328945,1.331035,8.850000000000247,3.5706214689265128,5.932203389830317,33.25000000000022,3.20000000000098,1,SL,-1.0,0.16149500217296706,-1.161495002172967,74.0
2021-12-29,2021-12-30 07:30:00,2021-12-30 07:53:00,GBPUSD,1,1.347295,1.3464900000000002,1.350525,1.35384,8.049999999997226,4.012422360249912,8.130434782611525,33.149999999999565,3.1999999999987594,1,SL,-1.0,0.20366132723116478,-1.2036613272311647,23.0
2022-02-10,2022-02-11 10:15:00,2022-02-11 10:41:00,GBPUSD,-1,1.35508,1.35637,1.351405,1.34724,12.900000000000134,2.8488372093023697,6.077519379844952,41.64999999999974,4.00000000000178,-1,SL,-1.0,0.1177146138386513,-1.1177146138386513,26.0
2022-03-14,2022-03-15 11:30:00,2022-03-15 12:04:00,GBPUSD,-1,1.30499,1.3061349999999998,1.30004,1.2950600000000003,11.449999999997296,4.323144104804523,8.672489082971282,49.799999999997624,7.150000000000212,-1,SL,-1.0,0.12538989394886904,-1.1253898939488691,34.0
2022-03-24,2022-03-25 11:00:00,2022-03-25 20:00:00,GBPUSD,1,1.3189250000000001,1.317375,1.3224900000000002,1.3265850000000003,15.500000000001624,2.2999999999997853,4.941935483870593,40.950000000001815,6.200000000000649,1,TIME,-0.02903225806456003,0.09905506679698754,-0.12808732486154756,540.0
2022-04-05,2022-04-06 10:30:00,2022-04-06 12:05:00,GBPUSD,-1,1.307735,1.3092199999999998,1.30456,1.3013249999999998,14.849999999997365,2.1380471380476185,4.31649831649925,32.35000000000099,10.249999999998316,-1,SL,-1.0,0.10754309261772586,-1.1075430926177259,95.0
2022-04-18,2022-04-19 10:15:00,2022-04-19 10:56:00,GBPUSD,-1,1.301815,1.30328,1.2988,1.2957,14.650000000000496,2.058020477815623,4.1740614334468695,30.999999999998806,9.80000000000203,-1,SL,-1.0,0.09499953032531984,-1.09499953032532,41.0
2022-05-02,2022-05-03 08:00:00,2022-05-03 08:05:00,GBPUSD,-1,1.2537500000000001,1.2549350000000001,1.24973,1.24837,11.849999999999916,3.392405063291277,4.540084388185823,44.39999999999999,3.6500000000017074,-1,SL,-1.0,0.14024223659047205,-1.140242236590472,5.0
2022-05-12,2022-05-13 07:45:00,2022-05-13 09:24:00,GBPUSD,-1,1.22254,1.223555,1.219325,1.218525,10.149999999999881,3.1674876847290694,3.95566502463047,33.84999999999971,4.450000000000287,-1,TP1_TP2,3.5615763546797696,0.1679459273685472,3.3936304273112223,99.0
2022-05-26,2022-05-27 08:15:00,2022-05-27 09:30:00,GBPUSD,1,1.262065,1.2604000000000002,1.266675,1.2720799999999999,16.649999999998055,2.768768768769094,6.015015015015648,54.04999999999882,4.699999999999704,1,SL,-1.0,0.10197826692674013,-1.1019782669267402,75.0
2022-06-07,2022-06-08 11:30:00,2022-06-08 12:03:00,GBPUSD,1,1.2556500000000002,1.254495,1.2589350000000001,1.259785,11.550000000002392,2.84415584415524,3.5800865800856463,33.050000000001134,7.350000000001522,1,SL,-1.0,0.12750142938819115,-1.127501429388191,33.0
2022-07-03,2022-07-04 08:15:00,2022-07-04 09:33:00,GBPUSD,-1,1.2112349999999998,1.2128899999999998,1.20849,1.2037399999999998,16.54999999999962,1.6586102719032256,4.5287009063445325,29.600000000000737,10.399999999997078,-1,SL,-1.0,0.09522211032784826,-1.0952221103278483,78.0
2022-07-25,2022-07-26 07:15:00,2022-07-26 08:54:00,GBPUSD,1,1.20505,1.2030750000000001,1.2090200000000002,1.2139950000000004,19.74999999999838,2.010126582278773,4.529113924051219,49.750000000001734,5.699999999999594,1,SL,-1.0,0.0743801652892614,-1.0743801652892615,99.0
2022-08-03,2022-08-04 08:00:00,2022-08-04 09:53:00,GBPUSD,-1,1.216625,1.217895,1.212875,1.21001,12.699999999998823,2.9527559055121966,5.208661417323347,39.400000000000546,6.800000000000139,-1,SL,-1.0,0.1265400648448421,-1.126540064844842,113.0
2022-08-07,2022-08-08 08:45:00,2022-08-08 10:45:00,GBPUSD,-1,1.2082600000000001,1.2095850000000001,1.2047500000000002,1.200355,13.250000000000206,2.6490566037734697,5.966037735849002,38.14999999999902,6.200000000000649,-1,SL,-1.0,0.12456169644347757,-1.1245616964434775,120.0
2022-08-16,2022-08-17 08:00:00,2022-08-17 08:03:00,GBPUSD,1,1.209775,1.208465,1.21437,1.2193049999999999,13.100000000001444,3.5076335877858003,7.274809160304401,49.34999999999911,5.700000000001815,1,SL,-1.0,0.12913486005086128,-1.1291348600508613,3.0
2022-09-01,2022-09-02 08:00:00,2022-09-02 09:59:00,GBPUSD,-1,1.155755,1.15729,1.153275,1.149875,15.34999999999842,1.6156351791532853,3.8306188925086073,27.250000000000885,8.899999999998354,-1,SL,-1.0,0.1079880061263769,-1.107988006126377,119.0
2022-09-04,2022-09-05 11:30:00,2022-09-05 11:45:00,GBPUSD,-1,1.14927,1.1506949999999998,1.14438,1.1394549999999999,14.249999999997875,3.4315789473689753,6.887719298246732,49.25000000000068,9.899999999998244,-1,SL,-1.0,0.1111890838206716,-1.1111890838206715,15.0
2022-09-05,2022-09-06 08:30:00,2022-09-06 13:02:00,GBPUSD,1,1.156315,1.154515,1.16094,1.1658600000000003,18.000000000000238,2.569444444444467,5.302777777777907,49.200000000002575,11.049999999999116,1,SL,-1.0,0.08510288065842807,-1.085102880658428,272.0
2022-11-27,2022-11-28 07:30:00,2022-11-28 08:27:00,GBPUSD,-1,1.206865,1.2086549999999998,1.2025899999999998,1.1976499999999997,17.899999999997362,2.388268156425073,5.148044692738422,49.40000000000166,7.249999999998646,-1,SL,-1.0,0.11864728535012527,-1.1186472853501253,57.0
2022-11-29,2022-11-30 09:45:00,2022-11-30 09:54:00,GBPUSD,-1,1.199135,1.2004700000000001,1.19428,1.19421,13.350000000000861,3.636704119849993,3.689138576778839,50.7499999999994,7.150000000002432,-1,SL,-1.0,0.15833447057574127,-1.1583344705757412,9.0
2022-12-06,2022-12-07 09:15:00,2022-12-07 10:37:00,GBPUSD,-1,1.21489,1.2157499999999999,1.2106599999999998,1.2062999999999997,8.599999999998609,4.918604651163793,9.988372093025243,43.600000000001415,3.2999999999994145,-1,SL,-1.0,0.2532887009631678,-1.253288700963168,82.0
2022-12-22,2022-12-23 08:30:00,2022-12-23 09:47:00,GBPUSD,-1,1.2055950000000002,1.2070049999999999,1.2018900000000001,1.20012,14.099999999996893,2.6276595744687135,3.8829787234051953,39.29999999999989,7.849999999998136,-1,SL,-1.0,0.13312188890359705,-1.133121888903597,77.0
2022-12-27,2022-12-28 07:45:00,2022-12-28 10:44:00,GBPUSD,-1,1.203875,1.20586,1.200245,1.196475,19.849999999999035,1.8287153652393948,3.7279596977332154,37.70000000000051,14.449999999999186,-1,SL,-1.0,0.10085254795582471,-1.1008525479558247,179.0
2023-01-22,2023-01-23 07:45:00,2023-01-23 10:14:00,GBPUSD,1,1.2404899999999999,1.239045,1.24482,1.2492750000000001,14.449999999999186,2.9965397923878276,6.079584775087031,44.55000000000098,9.200000000000319,1,SL,-1.0,0.11913000494316472,-1.1191300049431647,149.0
2023-02-12,2023-02-13 07:45:00,2023-02-13 11:35:00,GBPUSD,-1,1.20593,1.20708,1.20335,1.2007199999999998,11.499999999999844,2.243478260869619,4.5304347826088955,26.300000000001322,6.999999999999229,-1,TP1_BE,1.1217391304348094,0.13118279569893662,0.9905563347358728,230.0
2023-02-15,2023-02-16 08:45:00,2023-02-16 09:07:00,GBPUSD,-1,1.204955,1.206385,1.201465,1.19957,14.300000000000423,2.4405594405593636,3.7657342657341353,38.44999999999876,6.750000000002032,-1,SL,-1.0,0.12458969601825066,-1.1245896960182507,22.0
2023-02-26,2023-02-27 08:30:00,2023-02-27 09:43:00,GBPUSD,-1,1.1959849999999999,1.1975699999999998,1.192265,1.1880949999999997,15.849999999999476,2.3470031545741756,4.97791798107283,41.70000000000229,7.349999999997081,-1,SL,-1.0,0.10490091014747426,-1.1049009101474743,73.0
2023-02-27,2023-02-28 07:30:00,2023-02-28 10:54:00,GBPUSD,1,1.20378,1.2027100000000002,1.20682,1.209885,10.699999999999044,2.8411214953272927,5.705607476636049,30.650000000000954,6.449999999997846,1,TP1_TP2,4.273364485981671,0.1623132838086199,4.1110512021730505,204.0
2023-03-30,2023-03-31 09:45:00,2023-03-31 14:50:00,GBPUSD,1,1.23757,1.23652,1.24233,1.247105,10.499999999999954,4.533333333333235,9.080952380952278,47.74999999999974,6.349999999999412,1,SL,-1.0,0.1536972512582458,-1.1536972512582457,305.0
2023-04-13,2023-04-14 10:45:00,2023-04-14 11:01:00,GBPUSD,1,1.251725,1.25088,1.254645,1.257565,8.449999999999847,3.4556213017752504,6.911242603550501,29.200000000000337,4.450000000000287,1,SL,-1.0,0.19644970414201515,-1.1964497041420152,16.0
2023-04-24,2023-04-25 09:00:00,2023-04-25 10:55:00,GBPUSD,1,1.2474349999999998,1.245995,1.250715,1.254215,14.399999999998858,2.2777777777780774,4.708333333333867,35.00000000000058,8.20000000000043,1,SL,-1.0,0.10782556750300694,-1.1078255675030069,115.0
2023-05-03,2023-05-04 07:30:00,2023-05-04 08:59:00,GBPUSD,1,1.256775,1.255665,1.25936,1.26199,11.099999999999444,2.3288288288289993,4.698198198198407,26.299999999999102,6.650000000001377,1,SL,-1.0,0.1403086254571503,-1.1403086254571504,89.0
2023-05-24,2023-05-25 09:00:00,2023-05-25 09:30:00,GBPUSD,-1,1.23679,1.2381199999999999,1.233215,1.2294049999999999,13.299999999998313,2.6879699248124505,5.552631578948221,38.10000000000091,6.9499999999989015,-1,SL,-1.0,0.11431356168199631,-1.1143135616819964,30.0
2023-05-25,2023-05-26 08:15:00,2023-05-26 08:38:00,GBPUSD,-1,1.23496,1.236025,1.231115,1.2310949999999998,10.649999999998716,3.61032863849818,3.6291079812213103,41.400000000000325,3.6999999999998145,-1,SL,-1.0,0.14731154220925924,-1.1473115422092592,23.0
2023-06-01,2023-06-02 11:45:00,2023-06-02 12:30:00,GBPUSD,1,1.25261,1.2515,1.254485,1.2566700000000002,11.099999999999444,1.6891891891893378,3.657657657657998,21.850000000001035,3.9999999999995595,1,SL,-1.0,0.1432432432432889,-1.1432432432432889,45.0
2023-06-28,2023-06-29 09:00:00,2023-06-29 10:19:00,GBPUSD,-1,1.2646199999999999,1.265425,1.261505,1.26067,8.050000000001667,3.869565217390201,4.9068322981355035,31.599999999998296,3.60000000000138,-1,SL,-1.0,0.18501035196685992,-1.18501035196686,79.0
2023-07-11,2023-07-12 09:30:00,2023-07-12 10:21:00,GBPUSD,1,1.293335,1.29186,1.29698,1.300755,14.74999999999893,2.4711864406782267,5.0305084745767745,37.75000000000084,9.449999999999736,1,SL,-1.0,0.11027884089667282,-1.1102788408966728,51.0
2023-07-27,2023-07-28 09:00:00,2023-07-28 09:35:00,GBPUSD,-1,1.28052,1.2819699999999998,1.2763,1.271685,14.499999999997293,2.9103448275868278,6.093103448277102,46.150000000000354,6.5499999999985015,-1,SL,-1.0,0.10482758620691762,-1.1048275862069177,35.0
2023-08-30,2023-08-31 08:45:00,2023-08-31 09:02:00,GBPUSD,1,1.27034,1.26925,1.27345,1.274635,10.900000000000354,2.85321100917417,3.940366972476879,32.550000000000075,5.450000000000177,1,SL,-1.0,0.13525557011796532,-1.1352555701179654,17.0
2023-09-26,2023-09-27 08:45:00,2023-09-27 13:16:00,GBPUSD,-1,1.215695,1.2168649999999999,1.2135699999999998,1.2112549999999995,11.699999999998933,1.816239316239614,3.79487179487252,23.15000000000289,5.799999999998029,-1,TP1_BE,0.908119658119807,0.13064713064716255,0.7774725274726444,271.0
2023-10-02,2023-10-03 08:30:00,2023-10-03 13:41:00,GBPUSD,-1,1.2089699999999999,1.2101,1.206095,1.2031199999999997,11.300000000000754,2.544247787610415,5.17699115044225,29.75000000000172,6.299999999999084,-1,TP1_BE,1.2721238938052075,0.1282106626375988,1.1439132311676088,311.0
2023-11-21,2023-11-22 09:00:00,2023-11-22 14:04:00,GBPUSD,1,1.2513100000000001,1.2502900000000001,1.254975,1.2551350000000001,10.200000000000209,3.5931372549016984,3.749999999999891,36.79999999999905,6.049999999999667,1,SL,-1.0,0.1530165912518607,-1.1530165912518606,304.0
2023-11-28,2023-11-29 08:15:00,2023-11-29 09:06:00,GBPUSD,1,1.27074,1.2691500000000002,1.27335,1.276325,15.899999999997583,1.6415094339625145,3.5125786163527044,29.7499999999995,8.249999999998536,1,SL,-1.0,0.09850970741045333,-1.0985097074104533,51.0
2023-12-03,2023-12-04 08:15:00,2023-12-04 09:11:00,GBPUSD,1,1.2668949999999999,1.26585,1.27123,1.271425,10.449999999999626,4.148325358852015,4.3349282296653655,45.10000000000236,4.699999999999704,1,SL,-1.0,0.15161483253590496,-1.151614832535905,56.0
2023-12-13,2023-12-14 08:00:00,2023-12-14 12:00:00,GBPUSD,1,1.2619799999999999,1.26082,1.26528,1.2686099999999998,11.599999999998278,2.8448275862073884,5.715517241380084,33.29999999999833,7.300000000001194,1,TP1_TP2,4.2801724137937365,0.13295755968171125,4.1472148541120255,240.0
2023-12-14,2023-12-15 09:00:00,2023-12-15 12:53:00,GBPUSD,1,1.274795,1.27381,1.277395,1.27942,9.849999999997916,2.63959390863016,4.695431472082315,26.55000000000074,5.299999999999194,1,TP1_BE,1.31979695431508,0.1539279671259775,1.1658689871891026,233.0
2024-01-10,2024-01-11 11:00:00,2024-01-11 13:30:00,GBPUSD,1,1.274655,1.2736049999999999,1.27742,1.28037,10.500000000002174,2.6333333333326987,5.442857142855934,29.50000000000008,4.650000000001597,1,SL,-1.0,0.13202380952380063,-1.1320238095238007,150.0
2024-01-16,2024-01-17 07:30:00,2024-01-17 07:43:00,GBPUSD,-1,1.2635649999999998,1.2650899999999998,1.25967,1.25496,15.249999999999986,2.5540983606555825,5.642622950819515,47.099999999999916,3.0999999999981043,-1,SL,-1.0,0.10074182617456771,-1.1007418261745676,13.0
2024-01-22,2024-01-23 12:00:00,2024-01-23 14:05:00,GBPUSD,1,1.2706499999999998,1.26979,1.27466,1.274715,8.599999999998609,4.662790697675253,4.726744186047517,40.70000000000018,3.9999999999995595,1,SL,-1.0,0.17301765200340258,-1.1730176520034026,125.0
2024-04-15,2024-04-16 09:30:00,2024-04-16 11:57:00,GBPUSD,-1,1.244405,1.245975,1.240855,1.236885,15.700000000000713,2.261146496815147,4.789808917197216,39.70000000000029,7.500000000000284,-1,SL,-1.0,0.08170780254776489,-1.0817078025477649,147.0
2024-04-18,2024-04-19 10:45:00,2024-04-19 12:18:00,GBPUSD,-1,1.2436099999999999,1.245155,1.23891,1.2341799999999998,15.450000000001296,3.0420711974107006,6.103559870549682,47.300000000001226,11.149999999999771,-1,SL,-1.0,0.10528127797287093,-1.105281277972871,93.0
2024-04-30,2024-05-01 08:45:00,2024-05-01 18:00:00,GBPUSD,-1,1.2489400000000002,1.250095,1.246635,1.2441399999999998,11.54999999999795,1.9956709956715433,4.155844155845204,24.95000000000136,5.649999999999267,-1,SL,-1.0,0.10173160173164203,-1.101731601731642,555.0
2024-05-15,2024-05-16 09:00:00,2024-05-16 11:23:00,GBPUSD,1,1.26746,1.26654,1.2700749999999998,1.2727349999999997,9.200000000000319,2.8423913043475233,5.733695652173385,26.599999999998847,4.750000000000032,1,SL,-1.0,0.15568561872907835,-1.1556856187290783,143.0
2024-05-21,2024-05-22 12:00:00,2024-05-22 20:00:00,GBPUSD,1,1.270955,1.269625,1.27614,1.2814750000000001,13.300000000000534,3.898496240601344,7.909774436089972,53.3500000000009,7.800000000000029,1,TIME,0.4887218045112882,0.1137343358395918,0.3749874686716964,480.0
2024-05-23,2024-05-24 07:30:00,2024-05-24 09:12:00,GBPUSD,-1,1.269795,1.270935,1.2676,1.26537,11.399999999999189,1.9254385964913185,3.881578947368611,22.299999999999542,7.049999999999557,-1,SL,-1.0,0.12920011894142902,-1.1292001189414291,102.0
2024-06-26,2024-06-27 07:30:00,2024-06-27 10:30:00,GBPUSD,-1,1.2643,1.265155,1.261295,1.2581550000000001,8.550000000000502,3.514619883040641,7.1871345029233735,31.399999999999206,3.20000000000098,-1,SL,-1.0,0.16064671482627624,-1.1606467148262762,180.0
2024-08-06,2024-08-07 11:00:00,2024-08-07 11:17:00,GBPUSD,-1,1.271555,1.27253,1.2681550000000001,1.26809,9.749999999999481,3.4871794871795165,3.5538461538463957,36.64999999999807,3.1000000000003247,-1,SL,-1.0,0.13333333333335817,-1.1333333333333582,17.0
2024-08-28,2024-08-29 09:30:00,2024-08-29 10:11:00,GBPUSD,1,1.319385,1.318475,1.32272,1.3230849999999998,9.099999999999664,3.6648351648351527,4.065934065934012,34.29999999999822,4.150000000000542,1,SL,-1.0,0.14741861911672077,-1.1474186191167208,41.0
2024-09-09,2024-09-10 11:15:00,2024-09-10 20:00:00,GBPUSD,-1,1.309985,1.31087,1.3058,1.3014450000000002,8.850000000000247,4.72881355932177,9.649717514123765,43.54999999999887,3.1500000000006523,-1,TP1_TIME,3.225988700564815,0.14613935969868197,3.079849340866133,525.0
2024-09-11,2024-09-12 10:30:00,2024-09-12 13:09:00,GBPUSD,-1,1.305585,1.3064449999999999,1.30321,1.3002,8.599999999998609,2.7616279069772096,6.261627906977726,24.699999999999722,3.649999999999487,-1,SL,-1.0,0.1664981462757038,-1.1664981462757038,159.0
2024-09-25,2024-09-26 07:30:00,2024-09-26 09:26:00,GBPUSD,-1,1.3347,1.33621,1.331255,1.3275700000000001,15.099999999999003,2.281456953642482,4.72185430463598,36.84999999999938,8.699999999999264,-1,SL,-1.0,0.10370055485950219,-1.1037005548595022,116.0
2024-09-26,2024-09-27 09:15:00,2024-09-27 12:42:00,GBPUSD,1,1.33754,1.33666,1.341075,1.341275,8.799999999999919,4.017045454545566,4.2443181818182705,35.60000000000007,4.550000000000942,1,TP1_TP2,4.130681818181918,0.15049889135254838,3.9801829268293694,207.0
2024-10-27,2024-10-28 08:45:00,2024-10-28 08:55:00,GBPUSD,-1,1.29616,1.297275,1.29397,1.2915650000000003,11.149999999999771,1.96412556053808,4.121076233183657,24.049999999997684,5.00000000000167,-1,SL,-1.0,0.11806219216351187,-1.1180621921635119,10.0
2024-10-30,2024-10-31 11:45:00,2024-10-31 12:30:00,GBPUSD,-1,1.297575,1.298665,1.29427,1.29371,10.900000000000354,3.032110091742921,3.545871559632919,35.199999999999676,4.750000000000032,-1,SL,-1.0,0.12399655963301723,-1.1239965596330173,45.0
2024-11-14,2024-11-15 12:00:00,2024-11-15 13:32:00,GBPUSD,-1,1.268975,1.270115,1.26566,1.264885,11.400000000001409,2.907894736841708,3.5877192982451067,33.90000000000004,6.650000000001377,-1,TP1_TP2,3.2478070175434075,0.13029970760231385,3.1175073099410935,92.0
2024-12-03,2024-12-04 09:30:00,2024-12-04 20:00:00,GBPUSD,1,1.265545,1.2640850000000001,1.270165,1.2722799999999999,14.599999999997948,3.1643835616443274,4.613013698630741,49.74999999999952,7.049999999999557,1,TP1_TIME,3.106164383562126,0.11965018187448362,2.9865142016876427,630.0
2024-12-19,2024-12-20 07:30:00,2024-12-20 08:40:00,GBPUSD,-1,1.250635,1.25143,1.247515,1.2443099999999998,7.950000000001012,3.9245283018863075,7.955974842766454,32.05000000000124,3.1000000000003247,-1,SL,-1.0,0.20835349137233553,-1.2083534913723355,70.0
2025-01-15,2025-01-16 07:15:00,2025-01-16 08:33:00,GBPUSD,1,1.221525,1.21961,1.224815,1.23062,19.14999999999889,1.718015665796452,4.749347258485955,41.29999999999967,6.749999999999812,1,SL,-1.0,0.0923759791122762,-1.0923759791122762,78.0
2025-01-30,2025-01-31 07:30:00,2025-01-31 13:08:00,GBPUSD,-1,1.242985,1.24398,1.24071,1.239335,9.950000000000792,2.2864321608038654,3.6683417085423526,24.199999999998667,4.500000000002835,-1,TP1_BE,1.1432160804019327,0.1754655631096554,0.9677505172922773,338.0
2025-02-09,2025-02-10 07:15:00,2025-02-10 09:45:00,GBPUSD,-1,1.241035,1.2418649999999998,1.2379950000000002,1.237645,8.299999999996643,3.6626506024110372,4.084337349399247,30.49999999999997,4.199999999996429,-1,SL,-1.0,0.17917213408095983,-1.1791721340809598,150.0
2025-02-23,2025-02-24 08:00:00,2025-02-24 08:36:00,GBPUSD,1,1.2644600000000001,1.263435,1.269055,1.2736900000000002,10.250000000000536,4.482926829267965,9.004878048780085,46.350000000001664,5.8499999999983565,1,SL,-1.0,0.14500690289922627,-1.1450069028992262,36.0
2025-04-29,2025-04-30 08:15:00,2025-04-30 08:22:00,GBPUSD,1,1.338325,1.33741,1.34146,1.342015,9.149999999999991,3.426229508196845,4.032786885245874,33.15000000000179,3.349999999999742,1,SL,-1.0,0.157741347905297,-1.157741347905297,7.0
2025-05-26,2025-05-27 10:30:00,2025-05-27 14:32:00,GBPUSD,1,1.354195,1.3529900000000001,1.35869,1.359275,12.049999999999006,3.730290456431773,4.215767634855098,48.25000000000079,4.7499999999978115,1,SL,-1.0,0.12278158276259549,-1.1227815827625955,242.0
2025-06-18,2025-06-19 08:45:00,2025-06-19 08:54:00,GBPUSD,-1,1.34168,1.342645,1.33827,1.334785,9.650000000001047,3.5336787564762107,7.145077720206348,34.8499999999996,4.900000000001015,-1,SL,-1.0,0.12983846388293804,-1.129838463882938,9.0
2025-06-19,2025-06-20 07:15:00,2025-06-20 14:20:00,GBPUSD,1,1.347535,1.345845,1.350125,1.3536000000000001,16.899999999999693,1.5325443786983073,3.588757396449893,34.750000000001165,4.049999999999887,1,TP1_BE,0.7662721893491536,0.08346309560884493,0.6828090937403087,425.0
2025-07-02,2025-07-03 10:15:00,2025-07-03 10:33:00,GBPUSD,-1,1.364865,1.3662699999999999,1.362365,1.3562699999999999,14.049999999998786,1.7793594306050982,6.117437722420551,30.200000000000227,4.849999999998467,-1,SL,-1.0,0.10382421058578799,-1.103824210585788,18.0
2025-07-03,2025-07-04 12:00:00,2025-07-04 12:46:00,GBPUSD,1,1.3647900000000002,1.36378,1.368135,1.3717400000000002,10.100000000001774,3.311881188118162,6.881188118810684,36.0500000000008,3.5000000000007248,1,SL,-1.0,0.1718603439291165,-1.1718603439291164,46.0
2025-07-07,2025-07-08 08:00:00,2025-07-08 09:53:00,GBPUSD,-1,1.364095,1.365055,1.36179,1.359835,9.599999999998499,2.4010416666670436,4.437500000000853,24.699999999999722,3.949999999999232,-1,TP1_TP2,3.419270833333948,0.1547619047619406,3.2645089285720075,113.0
2025-09-22,2025-09-23 09:00:00,2025-09-23 20:00:00,GBPUSD,1,1.350395,1.3492600000000001,1.35274,1.35522,11.349999999998861,2.066079295154429,4.2511013215863995,24.800000000000377,5.999999999999339,1,TP1_TIME,1.9757709251103623,0.13542176537769965,1.8403491597326627,660.0
2025-10-02,2025-10-03 09:15:00,2025-10-03 13:29:00,GBPUSD,-1,1.344855,1.3462,1.342905,1.340095,13.450000000001516,1.4498141263938116,3.539033457248579,21.700000000000053,7.250000000000867,-1,SL,-1.0,0.10524291757464223,-1.1052429175746423,254.0
2025-10-07,2025-10-08 08:30:00,2025-10-08 13:19:00,GBPUSD,-1,1.34191,1.34301,1.33843,1.3347,11.000000000001009,3.1636363636360074,6.554545454544797,37.30000000000011,4.500000000000615,-1,SL,-1.0,0.1084257206208405,-1.1084257206208405,289.0
2025-10-16,2025-10-17 09:15:00,2025-10-17 12:27:00,GBPUSD,1,1.343455,1.34197,1.3471549999999999,1.3511849999999999,14.849999999999586,2.4915824915824363,5.205387205387211,40.29999999999978,7.549999999998391,1,SL,-1.0,0.08080808080808176,-1.0808080808080818,192.0
2025-12-07,2025-12-08 08:45:00,2025-12-08 09:27:00,GBPUSD,1,1.33249,1.3315100000000002,1.33466,1.336185,9.799999999997588,2.2142857142862646,3.770408163266238,23.849999999998595,3.649999999999487,1,SL,-1.0,0.1585192216421857,-1.1585192216421858,42.0
2026-01-11,2026-01-12 07:45:00,2026-01-12 08:01:00,GBPUSD,-1,1.3440599999999998,1.344875,1.3390900000000001,1.3340700000000003,8.150000000002322,6.098159509200345,12.257668711652334,50.19999999999802,3.6500000000017074,-1,SL,-1.0,0.17706790776385506,-1.177067907763855,16.0
2026-01-13,2026-01-14 11:15:00,2026-01-14 12:00:00,GBPUSD,-1,1.34477,1.345805,1.3419750000000001,1.3390900000000001,10.349999999998971,2.700483091787593,5.487922705314466,28.34999999999921,5.949999999999012,-1,SL,-1.0,0.13034005872882967,-1.1303400587288297,45.0
2026-01-20,2026-01-21 07:15:00,2026-01-21 09:30:00,GBPUSD,1,1.3435199999999998,1.342555,1.345665,1.347565,9.649999999998826,2.222797927461476,4.191709844560174,23.450000000000415,3.649999999999487,1,SL,-1.0,0.12517043905101022,-1.1251704390510102,135.0
2026-02-01,2026-02-02 11:45:00,2026-02-02 20:00:00,GBPUSD,-1,1.36988,1.3715899999999999,1.366055,1.361515,17.099999999998783,2.236842105263298,4.891812865497398,45.399999999999885,5.949999999999012,-1,TP1_TIME,2.3084795321639024,0.07586094866795513,2.232618583495947,495.0
2026-02-08,2026-02-09 08:45:00,2026-02-09 13:06:00,GBPUSD,1,1.359475,1.3582450000000001,1.3628900000000002,1.3667100000000003,12.299999999998423,2.7764227642281347,5.882113821139229,38.200000000001566,4.249999999998977,1,TP1_TP2,4.329268292683682,0.10904632855854966,4.220221964125132,261.0
2026-02-11,2026-02-12 08:30:00,2026-02-12 09:24:00,GBPUSD,-1,1.363695,1.365095,1.360465,1.3566850000000001,13.999999999998458,2.3071428571431585,5.00714285714338,37.799999999998946,4.500000000000615,-1,SL,-1.0,0.098313492063511,-1.098313492063511,54.0
2026-02-22,2026-02-23 09:30:00,2026-02-23 11:22:00,GBPUSD,1,1.3512650000000002,1.35018,1.353505,1.3559799999999997,10.850000000002247,2.0645161290316443,4.345622119814382,24.74999999999783,4.500000000002835,1,SL,-1.0,0.12572373862695632,-1.1257237386269563,112.0
2026-02-25,2026-02-26 07:45:00,2026-02-26 08:00:00,GBPUSD,1,1.35497,1.354235,1.35752,1.360065,7.3499999999993015,3.4693877551024417,6.9319727891164025,25.450000000000195,3.4000000000000696,1,SL,-1.0,0.17816650469714487,-1.1781665046971448,15.0
2026-04-29,2026-04-30 08:15:00,2026-04-30 09:31:00,GBPUSD,-1,1.349335,1.35045,1.345425,1.341285,11.149999999999771,3.506726457399048,7.219730941704086,41.400000000000325,4.849999999998467,-1,SL,-1.0,0.11695650588793483,-1.1169565058879347,76.0
2026-06-14,2026-06-15 07:45:00,2026-06-15 08:41:00,GBPUSD,1,1.3434949999999999,1.3424200000000002,1.3461,1.3489050000000002,10.74999999999715,2.4232558139543077,5.032558139536552,28.050000000001685,4.7499999999978115,1,SL,-1.0,0.12334642102085679,-1.1233464210208568,56.0
2026-06-24,2026-06-25 08:15:00,2026-06-25 08:24:00,GBPUSD,-1,1.318515,1.31929,1.315825,1.31538,7.749999999999702,3.470967741935722,4.045161290322878,27.250000000000885,3.4000000000000696,-1,SL,-1.0,0.16708023159633362,-1.1670802315963336,9.0
2026-07-06,2026-07-07 10:15:00,2026-07-07 14:03:00,GBPUSD,1,1.337945,1.33655,1.3401800000000001,1.3428450000000003,13.950000000000351,1.6021505376345182,3.512544802867545,26.650000000001395,5.650000000001487,1,SL,-1.0,0.09248486985134867,-1.0924848698513487,228.0
2026-07-12,2026-07-13 09:15:00,2026-07-13 11:00:00,GBPUSD,-1,1.339175,1.33999,1.336675,1.3341150000000002,8.150000000000102,3.0674846625765837,6.2085889570549435,25.599999999998957,3.5500000000010523,-1,SL,-1.0,0.17359174567764418,-1.1735917456776441,105.0
2020-05-19,2020-05-20 10:15:00,2020-05-20 10:46:00,USDJPY,1,107.72149999999999,107.6375,107.985,108.0885,8.399999999998897,3.1369047619052646,4.369047619048246,27.40000000000009,3.3499999999989427,1,SL,-1.0,0.1228942106625457,-1.1228942106625457,31.0
2020-05-31,2020-06-01 09:30:00,2020-06-01 20:00:00,USDJPY,1,107.48750000000001,107.414,107.85749999999999,107.89150000000001,7.350000000000989,5.034013605441174,5.4965986394549935,36.949999999998795,3.3999999999991815,1,TIME,1.3061224489790788,0.13888891872537523,1.1672335302537036,630.0
2020-06-17,2020-06-18 09:15:00,2020-06-18 10:36:00,USDJPY,-1,106.9615,107.09400000000001,106.703,106.4265,13.250000000000739,1.9509433962262908,4.037735849056353,27.649999999999864,7.4500000000000455,-1,SL,-1.0,0.08139756483338219,-1.0813975648333822,81.0
2020-08-02,2020-08-03 10:30:00,2020-08-03 20:00:00,USDJPY,1,105.846,105.695,106.43350000000001,107.08950000000002,15.100000000001046,3.8907284768209602,8.235099337747851,65.60000000000059,4.250000000000398,1,TP1_TIME,2.3195364238409164,0.06893523178807487,2.2506011920528417,570.0
2020-11-08,2020-11-09 09:00:00,2020-11-09 09:32:00,USDJPY,-1,103.557,103.6405,103.24000000000001,103.22749999999999,8.35000000000008,3.7964071856286234,3.9461077844312213,32.450000000000045,3.5999999999987153,-1,SL,-1.0,0.12555159163154847,-1.1255515916315484,32.0
2020-11-23,2020-11-24 11:30:00,2020-11-24 20:00:00,USDJPY,1,104.37100000000001,104.266,104.64750000000001,104.94850000000002,10.500000000000398,2.6333333333332205,5.4999999999999325,30.100000000001614,4.049999999998022,1,TP1_TIME,2.214285714285579,0.10043780952380825,2.1138479047617706,510.0
2020-12-17,2020-12-18 09:00:00,2020-12-18 09:33:00,USDJPY,-1,103.4625,103.5655,103.1225,103.071,10.299999999999443,3.3009708737866195,3.8009708737866883,36.40000000000043,3.8999999999987267,-1,SL,-1.0,0.09616225885765577,-1.0961622588576558,33.0
2021-03-08,2021-03-09 08:15:00,2021-03-09 08:35:00,USDJPY,1,108.912,108.75099999999999,109.235,109.57900000000001,16.100000000001558,2.0062111801239877,4.1428571428567516,34.40000000000083,9.999999999999432,1,SL,-1.0,0.06311391304347128,-1.0631139130434712,20.0
2021-03-17,2021-03-18 09:00:00,2021-03-18 20:00:00,USDJPY,-1,109.104,109.26550000000002,108.625,108.124,16.150000000001796,2.9659442724454856,6.068111455107709,50.10000000000048,9.950000000000614,-1,TIME,1.3591331269348115,0.06381858506255754,1.295314541872254,660.0
2021-04-06,2021-04-07 08:45:00,2021-04-07 20:00:00,USDJPY,-1,109.88300000000001,109.9815,109.5795,109.2635,9.849999999998715,3.0812182741122176,6.2893401015238295,31.60000000000025,4.599999999999227,-1,TIME,0.9543147208123914,0.10393161975081992,0.8503831010615716,675.0
2021-04-12,2021-04-13 10:30:00,2021-04-13 11:01:00,USDJPY,1,109.3885,109.28499999999998,109.7525,109.7705,10.350000000001103,3.5169082125600535,3.6908212560383022,37.89999999999907,4.850000000001842,1,SL,-1.0,0.09446565217390467,-1.0944656521739047,31.0
2021-06-07,2021-06-08 09:00:00,2021-06-08 10:05:00,USDJPY,-1,109.4865,109.558,109.1995,109.18799999999999,7.150000000000034,4.013986013986081,4.174825174825412,28.80000000000109,3.0499999999989313,-1,SL,-1.0,0.14011050564821076,-1.1401105056482108,65.0
2021-09-28,2021-09-29 10:15:00,2021-09-29 17:23:00,USDJPY,1,111.34700000000001,111.23649999999999,111.684,112.02449999999999,11.050000000001603,3.0497737556555675,6.131221719455949,34.04999999999916,6.700000000000728,1,TP1_TP2,4.590497737555758,0.10018237166484473,4.490315365890913,428.0
2021-10-05,2021-10-06 09:45:00,2021-10-06 10:28:00,USDJPY,1,111.49549999999999,111.40499999999999,111.7885,112.09049999999999,9.05000000000058,3.2375690607733434,6.574585635358682,30.19999999999925,4.1500000000013415,1,SL,-1.0,0.1252150025113019,-1.125215002511302,43.0
2021-10-19,2021-10-20 07:30:00,2021-10-20 07:55:00,USDJPY,1,114.44800000000001,114.3455,114.70150000000001,114.97600000000003,10.250000000000625,2.4731707317071905,5.151219512195003,27.45000000000175,4.149999999998499,1,SL,-1.0,0.10318959776089182,-1.1031895977608919,25.0
2021-10-28,2021-10-29 08:45:00,2021-10-29 11:28:00,USDJPY,-1,113.68799999999999,113.7845,113.394,113.3885,9.650000000000603,3.0466321243519623,3.1036269430049335,31.799999999998363,3.2499999999998863,-1,SL,-1.0,0.11873740932642864,-1.1187374093264286,163.0
2021-11-04,2021-11-05 12:00:00,2021-11-05 12:30:00,USDJPY,-1,113.832,113.912,113.5575,113.50800000000001,8.00000000000125,3.431249999999327,4.049999999999165,28.350000000000364,3.09999999999917,-1,SL,-1.0,0.1485092499999705,-1.1485092499999705,30.0
2021-11-22,2021-11-23 09:30:00,2021-11-23 20:00:00,USDJPY,1,114.7405,114.6355,115.14099999999999,115.154,10.500000000000398,3.814285714285511,3.93809523809508,40.29999999999916,6.25,1,TIME,3.0095238095237193,0.11784705012531276,2.8916767593984067,630.0
2021-12-01,2021-12-02 10:00:00,2021-12-02 12:40:00,USDJPY,-1,113.148,113.25450000000001,112.818,112.751,10.650000000001114,3.0985915492954343,3.727699530515961,36.40000000000043,3.2499999999998863,-1,TP1_TP2,3.4131455399056976,0.11530854460091955,3.297836995304778,160.0
2022-01-04,2022-01-05 08:45:00,2022-01-05 09:32:00,USDJPY,1,115.95599999999999,115.82549999999999,116.243,116.354,13.049999999999784,2.199233716475179,3.0498084291189036,34.149999999999636,3.6000000000001364,1,SL,-1.0,0.09198480286739727,-1.0919848028673973,47.0
2022-03-09,2022-03-10 08:45:00,2022-03-10 20:00:00,USDJPY,1,115.893,115.77399999999999,116.196,116.5085,11.900000000001398,2.546218487394636,5.172268907562395,31.25,6.9500000000005,1,TIME,1.626050420167878,0.10320608474375202,1.5228443354241261,675.0
2022-05-19,2022-05-20 09:30:00,2022-05-20 20:00:00,USDJPY,-1,128.161,128.33899999999997,127.531,127.0265,17.799999999996885,3.539325842697223,6.373595505619108,68.45000000000141,8.349999999995816,-1,TIME,1.6067415730339967,0.0868426722680874,1.5198989007659094,630.0
2022-05-30,2022-05-31 08:00:00,2022-05-31 20:00:00,USDJPY,1,127.7535,127.59649999999999,128.34300000000002,128.98950000000002,15.700000000001069,3.7547770700635357,7.872611464967735,64.65000000000174,6.000000000000227,1,TP1_TIME,5.003184713375539,0.0947083795428945,4.9084763338326445,720.0
2022-06-12,2022-06-13 08:30:00,2022-06-13 08:44:00,USDJPY,1,134.49400000000003,134.312,135.1985,135.9175,18.200000000001637,3.870879120878594,7.821428571427656,71.89999999999941,12.749999999999773,1,SL,-1.0,0.08655453771790238,-1.0865545377179024,14.0
2022-06-19,2022-06-20 07:30:00,2022-06-20 20:00:00,USDJPY,1,134.7505,134.494,135.4445,136.223,25.64999999999884,2.705653021442683,5.7407407407410975,77.85000000000082,13.2000000000005,1,TIME,1.0682261208577517,0.06381823432851855,1.0044078865292332,750.0
2022-06-29,2022-06-30 07:45:00,2022-06-30 12:30:00,USDJPY,1,136.176,136.006,136.81,137.003,16.99999999999875,3.729411764706242,4.864705882353288,65.55000000000177,10.849999999999227,1,SL,-1.0,0.09011080502313482,-1.0901108050231347,285.0
2022-07-04,2022-07-05 09:00:00,2022-07-05 15:41:00,USDJPY,1,135.8465,135.5465,136.363,136.9355,29.999999999998295,1.7216666666667904,3.630000000000202,57.24999999999909,20.400000000000773,1,SL,-1.0,0.05451418333333785,-1.0545141833333378,401.0
2022-08-07,2022-08-08 08:30:00,2022-08-08 10:39:00,USDJPY,1,135.071,134.8685,135.584,136.135,20.249999999998636,2.53333333333353,5.25432098765464,55.09999999999877,12.450000000001182,1,SL,-1.0,0.08593747368422396,-1.085937473684224,129.0
2022-08-09,2022-08-10 09:45:00,2022-08-10 12:01:00,USDJPY,1,134.91199999999998,134.7955,135.3055,135.718,11.649999999997362,3.3776824034343895,6.918454935623983,41.24999999999943,5.750000000000455,1,SL,-1.0,0.1338857180588132,-1.133885718058813,136.0
2022-08-14,2022-08-15 09:00:00,2022-08-15 12:19:00,USDJPY,-1,133.3685,133.50449999999998,132.916,132.90300000000002,13.599999999996726,3.327205882353851,3.422794117647821,48.14999999999827,6.700000000000728,-1,TP1_TP2,3.3750000000008358,0.11000584558828946,3.2649941544125465,199.0
2022-08-21,2022-08-22 08:45:00,2022-08-22 20:00:00,USDJPY,1,136.945,136.681,137.4375,137.95499999999998,26.39999999999816,1.865530303030459,3.8257575757578084,51.74999999999841,19.900000000001228,1,TP1_TIME,1.9147727272729065,0.06357393341307889,1.8511987938598276,675.0
2022-08-22,2022-08-23 07:15:00,2022-08-23 13:45:00,USDJPY,1,137.1385,137.001,137.71050000000002,138.34000000000003,13.749999999998863,4.16000000000057,8.73818181818282,62.95000000000073,4.000000000002046,1,SL,-1.0,0.1369884761632259,-1.1369884761632258,390.0
2022-08-30,2022-08-31 10:15:00,2022-08-31 19:49:00,USDJPY,-1,138.78199999999998,138.92249999999999,138.289,138.272,14.050000000000296,3.5088967971529157,3.629893238434023,50.45000000000073,8.899999999999864,-1,SL,-1.0,0.1202221394180303,-1.1202221394180303,574.0
2022-09-20,2022-09-21 07:15:00,2022-09-21 18:45:00,USDJPY,1,143.50650000000002,143.304,144.0775,144.73499999999996,20.250000000001478,2.819753086419397,6.0666666666659275,65.74999999999704,7.600000000002183,1,TP1_BE,1.4098765432096985,0.09221508233851437,1.317661460871184,690.0
2022-09-22,2022-09-23 08:30:00,2022-09-23 08:35:00,USDJPY,-1,142.42399999999998,142.5325,141.76549999999997,140.6875,10.850000000002069,6.06912442396201,16.00460829492762,68.35000000000377,4.349999999999454,-1,SL,-1.0,0.1773731211402731,-1.1773731211402731,5.0
2022-10-09,2022-10-10 07:30:00,2022-10-10 20:00:00,USDJPY,1,145.30200000000002,145.196,145.6695,146.065,10.600000000002296,3.4669811320745167,7.198113207545392,39.54999999999984,3.8000000000010914,1,TP1_TIME,3.7264150943385097,0.1672984905660154,3.559116603772494,750.0
2022-11-03,2022-11-04 08:45:00,2022-11-04 12:47:00,USDJPY,1,147.732,147.588,148.4065,148.42849999999999,14.400000000000546,4.684027777777564,4.836805555555276,72.55000000000109,5.299999999999727,1,SL,-1.0,0.11927267289072746,-1.1192726728907274,242.0
2022-11-07,2022-11-08 08:00:00,2022-11-08 14:44:00,USDJPY,-1,146.74,146.91799999999998,146.3145,146.0845,17.799999999996885,2.390449438202663,3.6825842696636655,49.95000000000118,6.399999999996453,-1,TP1_TP2,3.036516853933164,0.09452797509307698,2.941988878840087,404.0
2022-11-08,2022-11-09 07:45:00,2022-11-09 13:01:00,USDJPY,-1,145.76799999999997,145.94499999999996,145.17149999999998,144.47049999999996,17.69999999999925,3.370056497175238,7.330508474576659,70.10000000000218,3.249999999997044,-1,SL,-1.0,0.09609782799748784,-1.0960978279974878,316.0
2022-12-11,2022-12-12 10:15:00,2022-12-12 16:34:00,USDJPY,1,136.7115,136.5805,137.1385,137.58249999999998,13.100000000000023,3.2595419847327616,6.648854961831904,44.39999999999884,7.400000000001228,1,TP1_TP2,4.954198473282332,0.13014348547048832,4.824054987811844,379.0
2022-12-12,2022-12-13 08:15:00,2022-12-13 12:31:00,USDJPY,1,137.5035,137.318,137.9725,138.4555,18.549999999999045,2.5283018867925513,5.132075471698368,48.30000000000041,13.14999999999884,1,SL,-1.0,0.08306012079465751,-1.0830601207946575,256.0
2023-01-31,2023-02-01 09:45:00,2023-02-01 11:15:00,USDJPY,1,129.916,129.778,130.32600000000002,130.3565,13.800000000000523,2.971014492753692,3.1920289855072292,46.350000000001046,4.450000000002774,1,SL,-1.0,0.11279467185105323,-1.1127946718510533,90.0
2023-02-01,2023-02-02 11:45:00,2023-02-02 15:04:00,USDJPY,-1,128.7895,128.864,128.1755,127.56049999999999,7.4500000000000455,8.24161073825504,16.496644295302094,61.50000000000091,3.350000000000364,-1,TP1_BE,4.12080536912752,0.20538227229146658,3.915423096836054,199.0
2023-02-06,2023-02-07 11:15:00,2023-02-07 13:45:00,USDJPY,1,132.062,131.912,132.627,132.6825,15.000000000000568,3.766666666666509,4.1366666666664615,59.899999999998954,7.600000000002183,1,SL,-1.0,0.10931885581394352,-1.1093188558139435,150.0
2023-03-05,2023-03-06 10:15:00,2023-03-06 11:48:00,USDJPY,-1,136.019,136.1865,135.368,134.68,16.749999999998977,3.886567164179404,7.994029850746749,68.79999999999882,9.050000000002001,-1,SL,-1.0,0.09570400542742087,-1.095704005427421,93.0
2023-03-07,2023-03-08 12:00:00,2023-03-08 12:15:00,USDJPY,1,137.2655,137.1625,137.913,138.58300000000003,10.300000000000864,6.286407766989841,12.791262135921489,67.00000000000159,4.050000000000864,1,SL,-1.0,0.1594915788256819,-1.1594915788256819,15.0
2023-03-27,2023-03-28 08:45:00,2023-03-28 12:37:00,USDJPY,-1,131.196,131.33599999999998,130.506,130.4995,13.999999999998636,4.9285714285718925,4.975000000000386,73.60000000000184,5.3999999999973625,-1,TP1_TP2,4.951785714286139,0.11721938475022918,4.834566329535909,232.0
2023-04-05,2023-04-06 10:30:00,2023-04-06 12:44:00,USDJPY,-1,131.4765,131.61499999999998,130.7785,130.628,13.84999999999934,5.039711191335829,6.1263537906140195,71.60000000000082,8.049999999997226,-1,SL,-1.0,0.11236926613566346,-1.1123692661356634,134.0
2023-04-06,2023-04-07 11:15:00,2023-04-07 12:35:00,USDJPY,1,131.6025,131.48800000000003,131.949,132.329,11.449999999996407,3.0262008733635715,6.344978165940993,37.999999999999545,4.099999999999682,1,TP1_TP2,4.685589519652282,0.1454567506622293,4.540132768990053,80.0
2023-04-09,2023-04-10 08:45:00,2023-04-10 13:56:00,USDJPY,1,132.136,131.98250000000002,132.7995,133.512,15.349999999997976,4.322475570033137,8.964169381108706,71.25000000000057,6.449999999998113,1,TP1_TP2,6.643322475570921,0.10838406876205103,6.53493840680887,311.0
2023-04-17,2023-04-18 08:30:00,2023-04-18 09:08:00,USDJPY,1,134.2855,134.1305,134.707,135.16649999999998,15.500000000000114,2.719354838709531,5.683870967741712,45.949999999999136,7.699999999999818,1,SL,-1.0,0.09695953235465024,-1.0969595323546502,38.0
2023-04-24,2023-04-25 10:45:00,2023-04-25 12:55:00,USDJPY,1,134.0245,133.89700000000002,134.4815,134.49400000000003,12.74999999999693,3.584313725491232,3.6823529411776637,47.500000000002274,6.949999999997658,1,SL,-1.0,0.12451840801943279,-1.1245184080194328,130.0
2023-05-01,2023-05-02 11:30:00,2023-05-02 14:00:00,USDJPY,1,137.33800000000002,137.2065,137.775,138.257,13.150000000001683,3.3231939163492585,6.98859315589251,48.19999999999993,4.650000000000887,1,SL,-1.0,0.11124839449405609,-1.111248394494056,150.0
2023-05-03,2023-05-04 08:15:00,2023-05-04 12:32:00,USDJPY,-1,134.6185,134.76699999999997,134.1485,133.668,14.849999999995589,3.1649831649840974,6.400673400675337,48.05000000000064,9.799999999995634,-1,SL,-1.0,0.10065984079480113,-1.1006598407948012,257.0
2023-05-15,2023-05-16 07:15:00,2023-05-16 09:34:00,USDJPY,1,135.80599999999998,135.7065,136.10500000000002,136.12099999999998,9.949999999997772,3.0050251256291656,3.1658291457293295,30.000000000001137,5.850000000000932,1,SL,-1.0,0.14988338436370394,-1.149883384363704,139.0
2023-05-18,2023-05-19 10:00:00,2023-05-19 15:14:00,USDJPY,1,138.0735,137.956,138.66649999999998,138.676,11.750000000000682,5.046808510637914,5.12765957446772,62.95000000000073,4.099999999999682,1,SL,-1.0,0.1213963870747228,-1.1213963870747228,314.0
2023-05-22,2023-05-23 09:30:00,2023-05-23 14:16:00,USDJPY,1,138.35399999999998,138.22050000000002,138.8775,139.402,13.349999999996953,3.921348314607732,7.850187265919408,52.44999999999891,9.250000000000114,1,TP1_BE,1.960674157303866,0.10874991260927584,1.85192424469459,286.0
2023-05-25,2023-05-26 08:15:00,2023-05-26 12:35:00,USDJPY,1,139.63400000000001,139.48,140.1055,140.106,15.400000000002478,3.061688311687766,3.0649350649344416,49.89999999999952,8.650000000002933,1,TP1_TP2,3.063311688311104,0.09733733027450944,2.9659743580365943,260.0
2023-05-28,2023-05-29 09:45:00,2023-05-29 13:21:00,USDJPY,1,140.27300000000002,140.14700000000002,140.92000000000002,141.61900000000003,12.600000000000477,5.1349206349203715,10.682539682539307,69.90000000000123,3.3999999999991815,1,SL,-1.0,0.12254029953915332,-1.1225402995391534,216.0
2023-05-30,2023-05-31 09:30:00,2023-05-31 10:52:00,USDJPY,-1,139.89100000000002,140.0025,139.3145,138.70600000000002,11.149999999997817,5.1704035874450485,10.62780269058506,60.84999999999923,3.9500000000003865,-1,SL,-1.0,0.12911970952412813,-1.129119709524128,82.0
2023-06-01,2023-06-02 08:15:00,2023-06-02 12:30:00,USDJPY,-1,139.024,139.1475,138.6055,138.4395,12.350000000000705,3.3886639676110986,4.732793522266866,44.99999999999886,5.200000000002092,-1,SL,-1.0,0.12801571554304575,-1.1280157155430457,255.0
2023-06-25,2023-06-26 11:45:00,2023-06-26 12:29:00,USDJPY,1,143.243,143.124,143.66199999999998,143.7225,11.899999999999977,3.521008403361206,4.029411764705904,42.64999999999759,7.150000000001455,1,SL,-1.0,0.13129230414747453,-1.1312923041474745,44.0
2023-08-06,2023-08-07 07:15:00,2023-08-07 08:57:00,USDJPY,-1,142.227,142.393,141.5145,140.72500000000002,16.59999999999968,4.292168674698912,9.048192771084397,78.94999999999754,4.9000000000035016,-1,SL,-1.0,0.09601160197676281,-1.0960116019767627,102.0
2023-08-16,2023-08-17 07:30:00,2023-08-17 08:08:00,USDJPY,1,146.313,146.1725,146.5625,146.84199999999998,14.049999999997453,1.7758007117441783,3.765124555160799,27.949999999998454,7.050000000000978,1,SL,-1.0,0.11230373456144942,-1.1123037345614495,38.0
2023-09-07,2023-09-08 07:45:00,2023-09-08 11:11:00,USDJPY,-1,147.35649999999998,147.477,146.5895,145.80899999999997,12.050000000002115,6.365145228214617,12.842323651450142,78.05000000000177,6.700000000000728,-1,SL,-1.0,0.1345690964150137,-1.1345690964150137,206.0
2023-09-27,2023-09-28 07:30:00,2023-09-28 12:31:00,USDJPY,1,149.27100000000002,149.16800000000003,149.562,149.6635,10.299999999998022,2.8252427184471136,3.8106796116510626,30.25000000000091,5.14999999999759,1,SL,-1.0,0.15767360235871175,-1.1576736023587118,301.0
2023-10-04,2023-10-05 08:15:00,2023-10-05 20:00:00,USDJPY,-1,148.9955,149.12999999999997,148.2605,147.295,13.44999999999743,5.464684014870823,12.64312267658238,75.19999999999811,7.749999999998636,-1,TIME,4.011152416357461,0.11492347907644224,3.8962289372810184,705.0
2023-11-28,2023-11-29 09:00:00,2023-11-29 09:21:00,USDJPY,-1,147.273,147.43299999999996,146.6735,146.02549999999997,15.999999999996817,3.746875000000784,7.7968750000017435,64.80000000000246,7.149999999995771,-1,SL,-1.0,0.1033277708333608,-1.1033277708333609,21.0
2023-12-03,2023-12-04 08:45:00,2023-12-04 14:24:00,USDJPY,-1,146.85750000000002,147.009,146.2265,145.55899999999997,15.149999999997021,4.165016501651173,8.570957095711565,66.75000000000182,7.499999999998863,-1,SL,-1.0,0.10363747611605767,-1.1036374761160577,339.0
2023-12-19,2023-12-20 07:45:00,2023-12-20 11:06:00,USDJPY,1,143.411,143.26950000000002,144.099,144.957,14.149999999997931,4.862190812721476,10.925795053005077,73.0499999999978,5.89999999999975,1,SL,-1.0,0.11305509078180775,-1.1130550907818078,201.0
2024-01-17,2024-01-18 09:45:00,2024-01-18 20:00:00,USDJPY,1,147.7385,147.6175,148.2535,148.5265,12.09999999999809,4.256198347108232,6.512396694215994,56.35000000000048,3.2499999999998863,1,TP1_TIME,4.152892561984226,0.13838489832929318,4.014507663654933,615.0
2024-02-01,2024-02-02 07:45:00,2024-02-02 07:58:00,USDJPY,-1,146.52949999999998,146.6345,146.244,146.195,10.500000000001819,2.7190476190470028,3.1857142857136513,28.549999999998477,6.500000000002615,-1,SL,-1.0,0.15807356514911938,-1.1580735651491194,13.0
2024-02-13,2024-02-14 07:30:00,2024-02-14 20:00:00,USDJPY,1,150.438,150.30550000000002,150.78,150.88600000000002,13.249999999996476,2.5811320754724822,3.3811320754728684,36.10000000000184,7.349999999996726,1,TIME,0.9320754716984143,0.12256858429703342,0.8095068874013809,750.0
2024-03-14,2024-03-15 07:15:00,2024-03-15 20:00:00,USDJPY,1,148.1795,147.99300000000002,148.6605,149.21950000000004,18.64999999999668,2.579088471850448,5.576407506703667,55.90000000000259,6.849999999997181,1,TP1_TIME,3.6273458445047666,0.09122828114726544,3.536117563357501,765.0
2024-04-04,2024-04-05 11:00:00,2024-04-05 12:30:00,USDJPY,-1,151.339,151.42099999999996,150.8115,150.2815,8.199999999996521,6.4329268292710635,12.89634146342016,53.000000000000114,3.9499999999975444,-1,SL,-1.0,0.19161923925676605,-1.1916192392567662,90.0
2024-04-17,2024-04-18 12:00:00,2024-04-18 13:39:00,USDJPY,-1,154.3745,154.51399999999998,153.95999999999998,153.9005,13.949999999996976,2.9713261648754274,3.3978494623664566,45.10000000000218,6.299999999998818,-1,SL,-1.0,0.11834652329749011,-1.11834652329749,99.0
2024-05-20,2024-05-21 07:30:00,2024-05-21 13:57:00,USDJPY,1,156.11,155.991,156.5475,156.99100000000004,11.899999999999977,3.676470588235301,7.40336134453807,44.350000000002865,7.299999999997908,1,SL,-1.0,0.15406821102770604,-1.154068211027706,387.0
2024-05-30,2024-05-31 07:30:00,2024-05-31 07:39:00,USDJPY,-1,157.0095,157.10049999999998,156.574,156.5365,9.099999999997976,4.785714285715245,5.197802197803498,45.14999999999816,3.499999999999659,-1,SL,-1.0,0.1941248768701368,-1.194124876870137,9.0
2024-06-20,2024-06-21 09:00:00,2024-06-21 14:33:00,USDJPY,1,158.8315,158.7315,159.1285,159.4385,9.999999999999432,2.970000000000139,6.070000000000338,31.000000000000227,4.699999999999704,1,TP1_TP2,4.5200000000002385,0.14861794743593887,4.371382052564299,333.0
2024-07-08,2024-07-09 11:30:00,2024-07-09 14:05:00,USDJPY,-1,161.1285,161.20899999999997,160.767,160.74099999999999,8.049999999997226,4.490683229815294,4.813664596275163,36.54999999999973,3.649999999998954,-1,SL,-1.0,0.18633447493867367,-1.1863344749386737,155.0
2024-07-18,2024-07-19 07:15:00,2024-07-19 20:00:00,USDJPY,1,157.261,156.9165,157.864,158.66250000000002,34.44999999999823,1.7503628447025825,4.068214804064149,79.85000000000184,10.899999999998045,1,TIME,0.7068214804064561,0.056982263615875925,0.6498392167905802,765.0
2024-07-25,2024-07-26 09:30:00,2024-07-26 10:01:00,USDJPY,-1,154.12400000000002,154.2595,153.38400000000001,153.381,13.549999999997908,5.461254612547036,5.483394833949359,75.99999999999909,7.550000000000523,-1,SL,-1.0,0.11486110701109704,-1.114861107011097,31.0
2024-08-21,2024-08-22 09:30:00,2024-08-22 10:16:00,USDJPY,-1,145.6375,145.7985,144.94299999999998,144.93650000000002,16.100000000000136,4.313664596273286,4.354037267080491,69.90000000000123,11.650000000000205,-1,SL,-1.0,0.10781160545501868,-1.1078116054550187,46.0
2024-10-02,2024-10-03 08:15:00,2024-10-03 20:00:00,USDJPY,1,146.505,146.3555,147.243,148.01999999999998,14.949999999998909,4.936454849498685,10.133779264214695,77.69999999999868,7.050000000000978,1,TIME,2.5317725752510376,0.11231978818282383,2.419452787068214,705.0
2024-10-06,2024-10-07 08:00:00,2024-10-07 08:32:00,USDJPY,1,148.276,148.1235,148.7955,148.809,15.250000000000341,3.4065573770490625,3.4950819672129514,57.40000000000123,5.799999999999272,1,SL,-1.0,0.11027912794720905,-1.110279127947209,32.0
2024-10-09,2024-10-10 08:00:00,2024-10-10 09:28:00,USDJPY,1,149.022,148.865,149.5465,150.0865,15.699999999998226,3.34076433121068,6.7802547770708905,53.999999999999204,10.150000000001569,1,SL,-1.0,0.09776241887460567,-1.0977624188746056,88.0
2024-10-15,2024-10-16 11:30:00,2024-10-16 12:48:00,USDJPY,-1,149.324,149.463,148.8625,148.851,13.899999999998158,3.320143884892533,3.4028776978422726,51.24999999999886,4.800000000000182,-1,SL,-1.0,0.10178411870506299,-1.101784118705063,78.0
2024-10-23,2024-10-24 12:00:00,2024-10-24 12:06:00,USDJPY,1,152.0525,151.929,152.7945,152.834,12.350000000000705,6.00809716599148,6.327935222671655,74.39999999999998,8.150000000000546,1,SL,-1.0,0.11457169112352344,-1.1145716911235235,6.0
2024-11-06,2024-11-07 08:00:00,2024-11-07 12:53:00,USDJPY,1,154.0035,153.7795,154.713,155.48999999999998,22.399999999998954,3.1674107142858237,6.636160714285927,77.69999999999868,11.650000000000205,1,SL,-1.0,0.07947931422893985,-1.0794793142289398,293.0
2024-12-16,2024-12-17 10:30:00,2024-12-17 13:31:00,USDJPY,1,153.82,153.6745,154.346,154.47899999999998,14.54999999999984,3.615120274914201,4.529209621993121,54.44999999999993,8.70000000000175,1,SL,-1.0,0.11533734980867483,-1.1153373498086747,181.0
2025-01-06,2025-01-07 10:30:00,2025-01-07 14:03:00,USDJPY,1,157.7025,157.5815,158.417,159.15050000000002,12.09999999999809,5.904958677687008,11.966942148762516,73.35000000000207,6.19999999999834,1,SL,-1.0,0.161349185397712,-1.161349185397712,213.0
2025-01-16,2025-01-17 10:00:00,2025-01-17 14:24:00,USDJPY,-1,155.738,155.8895,154.981,154.21999999999997,15.149999999999864,4.996699669967075,10.019801980198302,76.10000000000241,10.74999999999875,-1,SL,-1.0,0.12573958629664891,-1.1257395862966488,264.0
2025-02-09,2025-02-10 10:00:00,2025-02-10 10:27:00,USDJPY,-1,152.19600000000003,152.30249999999998,151.628,151.591,10.64999999999543,5.333333333336002,5.680751173711529,58.45000000000198,4.999999999998295,-1,SL,-1.0,0.15918017908144486,-1.1591801790814449,27.0
2025-02-12,2025-02-13 09:30:00,2025-02-13 10:31:00,USDJPY,1,153.99,153.874,154.6685,154.80349999999999,11.600000000001387,5.849137931033658,7.012931034481716,70.40000000000077,5.0499999999999545,1,SL,-1.0,0.15041007957558358,-1.1504100795755836,61.0
2025-03-19,2025-03-20 08:15:00,2025-03-20 08:34:00,USDJPY,-1,148.465,148.66049999999998,148.1815,147.8415,19.549999999998136,1.4501278772380086,3.1892583120208005,34.00000000000034,9.899999999998954,-1,SL,-1.0,0.08265817538451092,-1.0826581753845108,19.0
2025-03-31,2025-04-01 08:30:00,2025-04-01 10:11:00,USDJPY,1,149.6255,149.4635,149.993,150.1355,16.19999999999777,2.2685185185188725,3.1481481481487004,45.84999999999866,3.100000000000591,1,SL,-1.0,0.09736904320989262,-1.0973690432098926,101.0
2025-04-23,2025-04-24 07:45:00,2025-04-24 08:02:00,USDJPY,1,142.66649999999998,142.53050000000002,143.3415,143.496,13.599999999996726,4.963235294118926,6.099264705884,73.95000000000209,3.1499999999965667,1,SL,-1.0,0.10866076317066813,-1.1086607631706682,17.0
2025-05-06,2025-05-07 08:45:00,2025-05-07 09:09:00,USDJPY,-1,143.28050000000002,143.441,142.7485,142.3585,16.049999999998477,3.314641744548668,5.744548286605065,57.89999999999793,7.35000000000241,-1,SL,-1.0,0.09063116303219533,-1.0906311630321954,24.0
2025-05-21,2025-05-22 11:15:00,2025-05-22 13:45:00,USDJPY,-1,143.675,143.8205,143.1035,142.8065,14.54999999999984,3.9278350515465346,5.9690721649485985,62.700000000000955,5.000000000001137,-1,SL,-1.0,0.10738323236616477,-1.1073832323661648,150.0
2025-05-25,2025-05-26 09:45:00,2025-05-26 12:23:00,USDJPY,-1,142.8815,142.98799999999997,142.22899999999998,141.57299999999998,10.649999999998272,6.126760563381308,12.286384976527902,65.60000000000059,6.299999999998818,-1,SL,-1.0,0.14834347417841667,-1.1483434741784166,158.0
2025-05-29,2025-05-30 09:45:00,2025-05-30 14:43:00,USDJPY,-1,144.0595,144.266,143.44,142.7385,20.649999999997704,3.000000000000413,6.397094430993575,70.150000000001,8.449999999999136,-1,SL,-1.0,0.07449958837773438,-1.0744995883777344,298.0
2025-06-04,2025-06-05 09:15:00,2025-06-05 12:50:00,USDJPY,-1,143.188,143.343,142.5725,142.53300000000002,15.500000000000114,3.970967741935437,4.225806451612696,67.05000000000041,6.000000000000227,-1,SL,-1.0,0.0958254660260808,-1.0958254660260809,215.0
2025-06-08,2025-06-09 11:15:00,2025-06-09 20:00:00,USDJPY,1,144.25599999999997,144.1195,144.95,145.089,13.649999999998386,5.084249084249809,6.102564102565021,74.94999999999834,4.100000000002524,1,TIME,2.3809523809529956,0.12219588411588271,2.2587564968371128,525.0
2025-06-17,2025-06-18 11:30:00,2025-06-18 12:26:00,USDJPY,1,144.86700000000002,144.782,145.4435,146.0225,8.500000000000796,6.782352941175619,13.594117647057425,57.90000000000077,4.249999999998977,1,SL,-1.0,0.17741704748404083,-1.1774170474840409,56.0
2025-07-08,2025-07-09 07:45:00,2025-07-09 08:41:00,USDJPY,1,146.76,146.644,147.183,147.6315,11.599999999998545,3.646551724138404,7.51293103448368,44.84999999999957,5.0499999999999545,1,SL,-1.0,0.11144005305037973,-1.1114400530503796,56.0
2025-07-09,2025-07-10 08:00:00,2025-07-10 12:46:00,USDJPY,-1,146.2805,146.505,145.75549999999998,145.09849999999997,22.450000000000614,2.3385300668151063,5.265033407572312,65.70000000000107,5.2500000000009095,-1,SL,-1.0,0.06685146333416167,-1.0668514633341617,286.0
2025-07-23,2025-07-24 12:00:00,2025-07-24 12:31:00,USDJPY,-1,146.4845,146.63049999999998,145.856,145.21849999999998,14.599999999998658,4.3047945205483575,8.67123287671326,63.750000000001705,9.699999999997999,-1,SL,-1.0,0.0983026088764115,-1.0983026088764114,31.0
2025-08-03,2025-08-04 08:00:00,2025-08-04 08:19:00,USDJPY,-1,147.8825,148.0445,147.27100000000002,147.0605,16.200000000000614,3.7746913580244135,5.0740740740738985,63.700000000000045,9.649999999999181,-1,SL,-1.0,0.10133513042611884,-1.1013351304261187,19.0
2025-08-17,2025-08-18 07:30:00,2025-08-18 13:21:00,USDJPY,1,147.2335,147.10299999999998,147.58350000000002,147.868,13.050000000001205,2.6819923371646777,4.862068965516813,35.599999999999454,8.45000000000482,1,TP1_TP2,3.7720306513407453,0.11885739811911855,3.6531732532216266,351.0
2025-08-18,2025-08-19 07:15:00,2025-08-19 17:11:00,USDJPY,1,147.6465,147.495,148.1135,148.65399999999997,15.149999999999864,3.082508250825008,6.650165016501478,54.04999999999802,3.8000000000010914,1,SL,-1.0,0.1098750218535439,-1.1098750218535438,596.0
2025-09-16,2025-09-17 08:30:00,2025-09-17 18:02:00,USDJPY,-1,146.558,146.707,146.2135,145.81900000000002,14.900000000000091,2.3120805369126187,4.959731543623969,39.44999999999936,5.89999999999975,-1,TP1_TP2,3.635906040268294,0.09415476510068456,3.5417512751676092,572.0
2025-10-12,2025-10-13 11:15:00,2025-10-13 12:40:00,USDJPY,-1,152.05450000000002,152.213,151.7235,151.506,15.849999999997522,2.0883280757102147,3.460567823344506,35.3999999999985,9.550000000001546,-1,SL,-1.0,0.09005959388412338,-1.0900595938841233,85.0
2025-10-15,2025-10-16 09:45:00,2025-10-16 20:00:00,USDJPY,-1,151.269,151.432,150.5135,149.755,16.29999999999825,4.634969325153946,9.288343558283268,75.8499999999998,12.000000000000455,-1,TP1_TIME,5.01226993865089,0.10259494688011958,4.90967499177077,615.0
2025-10-19,2025-10-20 09:30:00,2025-10-20 20:00:00,USDJPY,1,150.5035,150.3865,151.2035,151.289,11.699999999999022,5.982905982906385,6.713675213675645,70.44999999999675,7.250000000001933,1,TIME,1.6581196581196975,0.1187627777777742,1.5393568803419233,630.0
2025-10-26,2025-10-27 11:30:00,2025-10-27 20:00:00,USDJPY,1,152.7285,152.55500000000004,153.2575,153.8585,17.349999999996157,3.048991354467513,6.512968299713232,60.09999999999991,6.14999999999668,1,TIME,0.7406340057638672,0.07985378307575314,0.6607802226881141,510.0
2025-11-04,2025-11-05 10:30:00,2025-11-05 13:15:00,USDJPY,-1,153.735,153.8255,152.95999999999998,152.17199999999997,9.049999999999159,8.563535911603383,17.270718232046303,78.80000000000109,3.7500000000022737,-1,SL,-1.0,0.15505285451197431,-1.1550528545119743,165.0
2025-11-12,2025-11-13 10:45:00,2025-11-13 14:35:00,USDJPY,1,154.64,154.52100000000002,155.01749999999998,155.04700000000003,11.899999999997135,3.17226890756377,3.420168067228043,39.24999999999841,6.399999999999295,1,SL,-1.0,0.12058311062129194,-1.120583110621292,230.0
2025-11-25,2025-11-26 08:30:00,2025-11-26 08:55:00,USDJPY,-1,156.3715,156.484,155.65449999999998,154.93399999999997,11.250000000001137,6.373333333332805,12.77777777777674,72.05000000000155,6.900000000001683,-1,SL,-1.0,0.12621225389524598,-1.126212253895246,25.0
2025-11-26,2025-11-27 08:30:00,2025-11-27 08:56:00,USDJPY,-1,156.2185,156.344,155.723,155.65449999999998,12.549999999998818,3.948207171315055,4.494023904383064,51.29999999999768,6.800000000001205,-1,SL,-1.0,0.11567083943294969,-1.1156708394329498,26.0
2026-01-13,2026-01-14 08:15:00,2026-01-14 08:34:00,USDJPY,1,159.1575,158.9745,159.4545,159.82549999999998,18.299999999999272,1.6229508196721796,3.6502732240437403,37.09999999999809,6.900000000001683,1,SL,-1.0,0.0788478720940891,-1.078847872094089,19.0
2026-01-18,2026-01-19 09:45:00,2026-01-19 20:00:00,USDJPY,-1,157.9455,158.206,157.4245,156.9005,26.049999999997908,2.000000000000218,4.011516314779654,52.40000000000009,21.750000000000114,-1,TIME,-0.5489443378119468,0.065351760913451,-0.6142960987253978,615.0
2026-01-19,2026-01-20 10:15:00,2026-01-20 13:34:00,USDJPY,1,157.8515,157.656,158.46800000000002,158.6035,19.549999999998136,3.1534526854224514,3.846547314578421,61.90000000000282,15.299999999999159,1,SL,-1.0,0.07145025022466443,-1.0714502502246643,199.0
2026-01-28,2026-01-29 09:00:00,2026-01-29 11:18:00,USDJPY,-1,153.324,153.49949999999998,152.7665,152.4785,17.549999999997112,3.176638176638725,4.817663817664698,62.599999999997635,6.700000000000728,-1,SL,-1.0,0.07694648758649236,-1.0769464875864925,138.0
2026-02-12,2026-02-13 08:00:00,2026-02-13 08:03:00,USDJPY,-1,153.3965,153.5245,152.734,152.66899999999998,12.79999999999859,5.175781250000526,5.683593750000786,68.24999999999761,6.800000000001205,-1,SL,-1.0,0.11376003446691019,-1.1137600344669103,3.0
2026-02-22,2026-02-23 08:00:00,2026-02-23 08:01:00,USDJPY,-1,154.47899999999998,154.59,153.9985,153.30599999999998,11.100000000001842,4.328828828827912,10.567567567565831,49.69999999999857,5.4500000000018645,-1,SL,-1.0,0.12342123914330522,-1.1234212391433052,1.0
2026-02-26,2026-02-27 10:30:00,2026-02-27 13:30:00,USDJPY,-1,155.9725,156.0685,155.5395,155.091,9.600000000000364,4.51041666666642,9.182291666666197,44.84999999999957,4.050000000000864,-1,SL,-1.0,0.15964044174375522,-1.1596404417437551,180.0
2026-03-03,2026-03-04 10:00:00,2026-03-04 10:08:00,USDJPY,1,157.20100000000002,157.04999999999998,157.8645,157.9275,15.100000000003888,4.394039735098012,4.811258278144372,68.39999999999975,9.050000000002001,1,SL,-1.0,0.10687764093715259,-1.1068776409371526,8.0
2026-03-04,2026-03-05 08:45:00,2026-03-05 11:41:00,USDJPY,-1,157.2075,157.356,156.453,155.6535,14.849999999998431,5.080808080808667,10.464646464647585,79.94999999999948,6.3500000000004775,-1,SL,-1.0,0.10906603247082453,-1.1090660324708246,176.0
2026-03-08,2026-03-09 09:45:00,2026-03-09 15:29:00,USDJPY,1,158.423,158.1545,158.89999999999998,159.49149999999995,26.849999999998886,1.7765363128491443,3.979515828677794,59.149999999996794,11.400000000000432,1,SL,-1.0,0.06211756817584693,-1.062117568175847,344.0
2026-03-11,2026-03-12 08:30:00,2026-03-12 11:30:00,USDJPY,1,158.849,158.65600000000003,159.2375,159.69050000000001,19.29999999999552,2.012953367876228,4.360103626944145,45.300000000000296,8.849999999998204,1,SL,-1.0,0.08469349789815667,-1.0846934978981566,180.0
2026-03-15,2026-03-16 10:30:00,2026-03-16 11:41:00,USDJPY,1,159.2615,159.16299999999998,159.64100000000002,159.687,9.850000000002979,3.8527918781714976,4.31979695431341,38.55000000000359,5.2500000000009095,1,SL,-1.0,0.1666494585447877,-1.1666494585447877,71.0
2026-03-16,2026-03-17 09:15:00,2026-03-17 11:15:00,USDJPY,1,159.142,159.044,159.49599999999998,159.503,9.799999999998477,3.612244897959592,3.683673469388226,37.34999999999786,3.849999999999909,1,SL,-1.0,0.17138969387758138,-1.1713896938775814,120.0
2026-04-08,2026-04-09 09:15:00,2026-04-09 12:43:00,USDJPY,-1,158.9505,159.0985,158.6215,158.4765,14.799999999999613,2.2229729729730834,3.202702702702908,33.200000000002206,10.499999999998977,-1,SL,-1.0,0.1070325723938264,-1.1070325723938264,208.0
2026-04-15,2026-04-16 11:15:00,2026-04-16 12:17:00,USDJPY,-1,158.9185,159.06199999999998,158.264,157.57450000000003,14.349999999998886,4.560975609756344,9.365853658537073,68.94999999999811,6.850000000000023,-1,SL,-1.0,0.11823994602720855,-1.1182399460272086,62.0
2026-04-16,2026-04-17 11:45:00,2026-04-17 12:02:00,USDJPY,1,159.2015,159.103,159.5315,159.8825,9.850000000000136,3.350253807106391,6.913705583756078,35.09999999999991,3.7499999999994316,1,SL,-1.0,0.16236131825871736,-1.1623613182587174,17.0
