tf,họ,công cụ,N,k,ts,ALL,FORM,OOS,n,thắng%,net,t,năm+
H1,gap_fade,EURGBP,14,0.3,24,0.04,0.048,0.021,393,53.9,0.26,0.12,4/7
H1,gap_fade,EURGBP,14,0.3,96,0.082,0.292,-0.398,298,54.7,1.01,0.25,3/7
H1,gap_fade,EURGBP,14,0.5,24,-0.301,-0.331,-0.251,138,46.4,-3.68,-0.92,3/7
H1,gap_fade,EURGBP,14,0.5,96,-0.188,-0.072,-0.548,113,50.4,-4.52,-0.58,3/7
H1,gap_fade,EURGBP,24,0.3,24,-0.029,-0.046,0.013,393,53.9,-0.19,-0.09,4/7
H1,gap_fade,EURGBP,24,0.3,96,0.029,0.212,-0.388,299,54.5,0.36,0.09,2/7
H1,gap_fade,EURGBP,24,0.5,24,-0.117,-0.244,0.168,140,47.9,-1.45,-0.36,3/7
H1,gap_fade,EURGBP,24,0.5,96,0.002,-0.011,0.028,113,51.3,0.04,0.01,4/7
H1,gap_fade,EURGBP,48,0.3,24,-0.031,-0.044,-0.0,392,53.8,-0.21,-0.1,3/7
H1,gap_fade,EURGBP,48,0.3,96,0.075,0.29,-0.401,300,55.3,0.93,0.23,3/7
H1,gap_fade,EURGBP,48,0.5,24,-0.02,-0.075,0.111,136,48.5,-0.26,-0.06,4/7
H1,gap_fade,EURGBP,48,0.5,96,0.103,0.011,0.273,114,51.8,2.68,0.32,4/7
H1,gap_fade,EURAUD,14,0.3,24,-0.116,-0.036,-0.281,721,51.7,-0.67,-0.36,3/7
H1,gap_fade,EURAUD,14,0.3,96,0.057,0.245,-0.298,565,54.5,0.63,0.17,5/7
H1,gap_fade,EURAUD,14,0.5,24,0.354,0.397,0.277,332,53.3,3.54,1.09,5/7
H1,gap_fade,EURAUD,14,0.5,96,0.141,0.311,-0.159,266,56.4,2.96,0.43,5/7
H1,gap_fade,EURAUD,14,0.8,24,-0.122,-0.153,-0.071,115,47.8,-1.96,-0.37,3/7
H1,gap_fade,EURAUD,14,0.8,96,-0.279,-0.356,-0.152,99,49.5,-12.03,-0.86,3/7
H1,gap_fade,EURAUD,24,0.3,24,-0.099,-0.007,-0.283,710,51.3,-0.58,-0.3,3/7
H1,gap_fade,EURAUD,24,0.3,96,0.174,0.386,-0.23,558,55.0,1.94,0.53,5/7
H1,gap_fade,EURAUD,24,0.5,24,0.353,0.381,0.306,322,53.4,3.49,1.09,5/7
H1,gap_fade,EURAUD,24,0.5,96,0.048,0.075,0.002,262,54.6,1.01,0.15,4/7
H1,gap_fade,EURAUD,24,0.8,24,0.118,0.16,0.052,115,50.4,1.78,0.36,5/7
H1,gap_fade,EURAUD,24,0.8,96,-0.153,-0.17,-0.124,98,52.0,-6.66,-0.47,3/7
H1,gap_fade,EURAUD,48,0.3,24,-0.192,-0.058,-0.447,689,50.9,-1.15,-0.59,3/7
H1,gap_fade,EURAUD,48,0.3,96,-0.06,0.082,-0.303,544,54.0,-0.64,-0.18,5/7
H1,gap_fade,EURAUD,48,0.5,24,0.203,0.197,0.216,319,52.0,2.05,0.62,4/7
H1,gap_fade,EURAUD,48,0.5,96,-0.067,-0.083,-0.038,258,53.5,-1.43,-0.2,3/7
H1,gap_fade,EURAUD,48,0.8,24,0.011,0.164,-0.212,114,50.9,0.18,0.03,4/7
H1,gap_fade,EURAUD,48,0.8,96,-0.217,-0.163,-0.306,95,49.5,-9.77,-0.66,2/7
H1,gap_fade,EURNZD,14,0.3,24,0.351,0.649,-0.278,786,52.7,2.07,1.08,4/7
H1,gap_fade,EURNZD,14,0.3,96,0.032,0.364,-0.65,614,54.6,0.33,0.1,3/7
H1,gap_fade,EURNZD,14,0.5,24,0.067,0.273,-0.291,378,54.5,0.54,0.21,3/7
H1,gap_fade,EURNZD,14,0.5,96,-0.324,-0.228,-0.47,292,51.7,-5.04,-1.0,4/7
H1,gap_fade,EURNZD,14,0.8,24,-0.281,-0.048,-0.666,129,49.6,-4.15,-0.86,2/7
H1,gap_fade,EURNZD,14,0.8,96,-0.662,-0.55,-0.867,110,48.2,-17.6,-2.05,0/7
H1,gap_fade,EURNZD,24,0.3,24,0.291,0.732,-0.657,768,52.5,1.74,0.9,4/7
H1,gap_fade,EURNZD,24,0.3,96,0.018,0.484,-0.947,597,54.1,0.19,0.05,3/7
H1,gap_fade,EURNZD,24,0.5,24,0.139,0.349,-0.231,374,54.8,1.11,0.43,4/7
H1,gap_fade,EURNZD,24,0.5,96,-0.118,0.134,-0.476,289,52.9,-1.85,-0.36,5/7
H1,gap_fade,EURNZD,24,0.8,24,-0.29,-0.022,-0.736,129,48.8,-4.26,-0.89,2/7
H1,gap_fade,EURNZD,24,0.8,96,-0.352,-0.096,-0.915,113,49.6,-10.31,-1.08,1/7
H1,gap_fade,EURNZD,48,0.3,24,0.339,0.78,-0.604,757,52.6,2.03,1.05,3/7
H1,gap_fade,EURNZD,48,0.3,96,-0.005,0.56,-1.168,585,53.7,-0.05,-0.01,3/7
H1,gap_fade,EURNZD,48,0.5,24,0.321,0.581,-0.157,370,55.1,2.63,0.99,4/7
H1,gap_fade,EURNZD,48,0.5,96,0.035,0.347,-0.466,288,54.2,0.58,0.11,4/7
H1,gap_fade,EURNZD,48,0.8,24,-0.472,-0.189,-0.871,124,48.4,-6.8,-1.45,1/7
H1,gap_fade,EURNZD,48,0.8,96,-0.61,-0.456,-0.866,107,51.4,-16.11,-1.89,0/7
H1,gap_fade,GBPAUD,14,0.3,24,-0.34,-0.698,0.281,674,51.2,-2.07,-1.05,3/7
H1,gap_fade,GBPAUD,14,0.3,96,-0.33,-0.345,-0.305,519,51.8,-3.23,-1.01,2/7
H1,gap_fade,GBPAUD,14,0.5,24,-0.432,-1.024,0.507,280,49.3,-4.07,-1.34,4/7
H1,gap_fade,GBPAUD,14,0.5,96,-0.384,-0.658,0.052,221,49.8,-7.08,-1.18,2/7
H1,gap_fade,GBPAUD,14,0.8,24,-0.386,-0.731,0.033,84,42.9,-7.16,-1.18,2/7
H1,gap_fade,GBPAUD,14,0.8,96,-0.127,-0.266,-0.004,77,54.5,-4.04,-0.39,2/7
H1,gap_fade,GBPAUD,24,0.3,24,-0.356,-0.621,0.142,651,52.1,-2.14,-1.1,3/7
H1,gap_fade,GBPAUD,24,0.3,96,-0.16,-0.186,-0.113,510,51.8,-1.6,-0.49,3/7
H1,gap_fade,GBPAUD,24,0.5,24,-0.525,-1.082,0.333,277,48.7,-4.95,-1.63,4/7
H1,gap_fade,GBPAUD,24,0.5,96,-0.582,-0.846,-0.189,220,49.5,-10.44,-1.8,0/7
H1,gap_fade,GBPAUD,24,0.8,24,-0.368,-0.807,0.32,83,43.4,-7.04,-1.13,2/7
H1,gap_fade,GBPAUD,24,0.8,96,-0.11,-0.244,0.021,74,54.1,-3.8,-0.33,1/7
H1,gap_fade,GBPAUD,48,0.3,24,-0.382,-0.833,0.413,641,51.5,-2.39,-1.18,2/7
H1,gap_fade,GBPAUD,48,0.3,96,-0.208,-0.314,-0.01,496,51.6,-2.13,-0.64,3/7
H1,gap_fade,GBPAUD,48,0.5,24,-0.418,-0.851,0.235,270,49.3,-3.95,-1.3,3/7
H1,gap_fade,GBPAUD,48,0.5,96,-0.387,-0.515,-0.205,210,50.0,-7.15,-1.2,2/7
H1,gap_fade,GBPAUD,48,0.8,24,-0.426,-0.836,0.206,89,46.1,-8.01,-1.31,1/7
H1,gap_fade,GBPAUD,48,0.8,96,-0.12,-0.206,-0.04,80,56.2,-3.9,-0.37,1/7
H1,gap_fade,GBPNZD,14,0.3,24,-0.466,-0.41,-0.571,753,48.3,-2.56,-1.43,2/7
H1,gap_fade,GBPNZD,14,0.3,96,-0.154,-0.225,-0.02,576,52.1,-1.31,-0.47,3/7
H1,gap_fade,GBPNZD,14,0.5,24,0.006,-0.063,0.12,344,53.2,0.05,0.02,5/7
H1,gap_fade,GBPNZD,14,0.5,96,-0.069,-0.135,0.047,277,55.2,-0.95,-0.21,2/7
H1,gap_fade,GBPNZD,14,0.8,24,0.178,0.455,-0.25,105,59.0,2.96,0.54,3/7
H1,gap_fade,GBPNZD,14,0.8,96,0.022,-0.127,0.311,92,53.3,0.63,0.07,5/7
H1,gap_fade,GBPNZD,24,0.3,24,-0.456,-0.446,-0.476,733,48.6,-2.53,-1.4,2/7
H1,gap_fade,GBPNZD,24,0.3,96,-0.204,-0.242,-0.134,563,52.2,-1.78,-0.63,3/7
H1,gap_fade,GBPNZD,24,0.5,24,0.125,0.324,-0.233,335,53.4,1.09,0.38,4/7
H1,gap_fade,GBPNZD,24,0.5,96,0.01,0.14,-0.217,270,56.7,0.15,0.03,4/7
H1,gap_fade,GBPNZD,24,0.8,24,0.192,0.507,-0.297,109,58.7,3.1,0.59,3/7
H1,gap_fade,GBPNZD,24,0.8,96,0.0,-0.168,0.328,93,53.8,0.0,0.0,5/7
H1,gap_fade,GBPNZD,48,0.3,24,-0.5,-0.509,-0.487,733,48.7,-2.8,-1.54,2/7
H1,gap_fade,GBPNZD,48,0.3,96,-0.258,-0.277,-0.224,566,52.5,-2.24,-0.79,3/7
H1,gap_fade,GBPNZD,48,0.5,24,0.229,0.427,-0.141,329,54.7,1.99,0.7,4/7
H1,gap_fade,GBPNZD,48,0.5,96,0.076,0.259,-0.241,267,57.7,1.1,0.23,4/7
H1,gap_fade,GBPNZD,48,0.8,24,0.099,0.349,-0.275,110,58.2,1.58,0.3,3/7
H1,gap_fade,GBPNZD,48,0.8,96,-0.011,-0.126,0.22,95,56.8,-0.32,-0.03,5/7
H1,gap_fade,AUDNZD,14,0.3,24,-0.574,-0.299,-1.067,526,48.9,-2.7,-1.78,1/7
H1,gap_fade,AUDNZD,14,0.3,96,-0.577,-0.407,-0.895,391,50.4,-4.85,-1.78,1/7
H1,gap_fade,AUDNZD,14,0.5,24,0.434,0.389,0.499,208,51.9,3.52,1.33,4/7
H1,gap_fade,AUDNZD,14,0.5,96,0.029,0.063,-0.026,176,54.5,0.41,0.09,5/7
H1,gap_fade,AUDNZD,14,0.8,24,0.176,0.134,0.229,64,50.0,2.91,0.53,4/7
H1,gap_fade,AUDNZD,14,0.8,96,-0.101,-0.147,0.002,57,45.6,-2.57,-0.3,3/7
H1,gap_fade,AUDNZD,24,0.3,24,-0.402,-0.225,-0.728,520,49.6,-1.9,-1.24,2/7
H1,gap_fade,AUDNZD,24,0.3,96,-0.431,-0.235,-0.777,385,51.2,-3.59,-1.33,2/7
H1,gap_fade,AUDNZD,24,0.5,24,0.367,0.38,0.349,207,51.7,2.93,1.14,4/7
H1,gap_fade,AUDNZD,24,0.5,96,0.047,0.156,-0.122,174,55.2,0.66,0.14,4/7
H1,gap_fade,AUDNZD,24,0.8,24,0.157,0.09,0.238,67,50.7,2.49,0.47,4/7
H1,gap_fade,AUDNZD,24,0.8,96,-0.158,-0.234,0.011,60,46.7,-3.92,-0.48,3/7
H1,gap_fade,AUDNZD,48,0.3,24,-0.341,-0.118,-0.748,503,51.1,-1.63,-1.05,1/7
H1,gap_fade,AUDNZD,48,0.3,96,-0.518,-0.345,-0.83,373,52.0,-4.35,-1.6,1/7
H1,gap_fade,AUDNZD,48,0.5,24,0.487,0.48,0.498,205,52.7,4.1,1.51,5/7
H1,gap_fade,AUDNZD,48,0.5,96,0.16,0.22,0.072,174,56.3,2.25,0.49,4/7
H1,gap_fade,AUDNZD,48,0.8,24,0.323,0.055,0.626,70,54.3,5.07,0.98,4/7
H1,gap_fade,AUDNZD,48,0.8,96,-0.059,-0.236,0.323,62,50.0,-1.43,-0.18,3/7
H1,gap_fade,EURCHF,14,0.3,24,-0.104,-0.082,-0.136,380,52.4,-0.58,-0.32,4/7
H1,gap_fade,EURCHF,14,0.3,96,-0.37,-0.405,-0.316,289,54.7,-4.46,-1.14,2/7
H1,gap_fade,EURCHF,14,0.5,24,-0.006,-0.028,0.018,127,52.0,-0.06,-0.02,3/7
H1,gap_fade,EURCHF,14,0.5,96,-0.363,-0.378,-0.35,111,50.5,-7.94,-1.11,2/7
H1,gap_fade,EURCHF,24,0.3,24,-0.235,-0.102,-0.423,376,51.3,-1.32,-0.72,4/7
H1,gap_fade,EURCHF,24,0.3,96,-0.428,-0.504,-0.307,285,54.4,-5.25,-1.31,2/7
H1,gap_fade,EURCHF,24,0.5,24,-0.144,-0.056,-0.256,128,50.0,-1.33,-0.44,3/7
H1,gap_fade,EURCHF,24,0.5,96,-0.476,-0.295,-0.701,112,49.1,-11.15,-1.47,2/7
H1,gap_fade,EURCHF,48,0.3,24,-0.374,-0.29,-0.497,377,49.9,-2.11,-1.14,3/7
H1,gap_fade,EURCHF,48,0.3,96,-0.441,-0.487,-0.367,289,54.3,-5.35,-1.35,2/7
H1,gap_fade,EURCHF,48,0.5,24,-0.206,-0.232,-0.177,122,49.2,-1.96,-0.63,3/7
H1,gap_fade,EURCHF,48,0.5,96,-0.438,-0.31,-0.603,108,50.9,-10.18,-1.35,1/7
H1,gap_fade,GBPCHF,14,0.3,24,-0.474,-0.242,-0.896,506,50.0,-3.31,-1.46,1/7
H1,gap_fade,GBPCHF,14,0.3,96,-0.126,0.13,-0.617,380,51.6,-1.58,-0.39,4/7
H1,gap_fade,GBPCHF,14,0.5,24,-0.097,0.004,-0.279,208,52.9,-1.07,-0.3,2/7
H1,gap_fade,GBPCHF,14,0.5,96,-0.178,0.069,-0.568,166,52.4,-4.34,-0.55,2/7
H1,gap_fade,GBPCHF,14,0.8,24,-0.003,-0.424,0.519,57,49.1,-0.05,-0.01,3/7
H1,gap_fade,GBPCHF,14,0.8,96,-0.014,0.221,-0.359,53,47.2,-0.49,-0.04,4/7
H1,gap_fade,GBPCHF,24,0.3,24,-0.487,-0.299,-0.852,494,49.8,-3.45,-1.48,1/7
H1,gap_fade,GBPCHF,24,0.3,96,-0.293,0.048,-0.944,374,51.6,-3.74,-0.9,3/7
H1,gap_fade,GBPCHF,24,0.5,24,0.166,0.153,0.191,206,55.3,1.86,0.51,5/7
H1,gap_fade,GBPCHF,24,0.5,96,-0.284,-0.066,-0.642,169,50.3,-6.44,-0.87,2/7
H1,gap_fade,GBPCHF,24,0.8,24,0.163,-0.165,0.57,59,52.5,2.89,0.5,4/7
H1,gap_fade,GBPCHF,24,0.8,96,-0.076,0.106,-0.348,55,47.3,-2.64,-0.23,3/7
H1,gap_fade,GBPCHF,48,0.3,24,-0.481,-0.113,-1.22,479,48.6,-3.46,-1.47,1/7
H1,gap_fade,GBPCHF,48,0.3,96,-0.173,0.2,-0.891,366,51.1,-2.24,-0.53,2/7
H1,gap_fade,GBPCHF,48,0.5,24,0.037,0.139,-0.118,202,54.5,0.46,0.11,4/7
H1,gap_fade,GBPCHF,48,0.5,96,-0.343,-0.158,-0.628,164,51.2,-7.7,-1.06,2/7
H1,gap_fade,GBPCHF,48,0.8,24,0.183,0.005,0.402,61,52.5,3.48,0.56,4/7
H1,gap_fade,GBPCHF,48,0.8,96,-0.165,0.051,-0.457,57,47.4,-5.98,-0.5,3/7
H1,gap_fade,EURCAD,14,0.3,24,-0.384,-0.469,-0.221,600,52.2,-1.96,-1.17,2/7
H1,gap_fade,EURCAD,14,0.3,96,-0.15,-0.598,0.697,464,52.8,-1.32,-0.46,3/7
H1,gap_fade,EURCAD,14,0.5,24,-0.038,-0.091,0.06,242,56.6,-0.33,-0.11,3/7
H1,gap_fade,EURCAD,14,0.5,96,-0.186,-0.477,0.381,203,53.2,-3.35,-0.57,3/7
H1,gap_fade,EURCAD,14,0.8,24,-0.107,-0.094,-0.127,70,50.0,-1.87,-0.31,3/7
H1,gap_fade,EURCAD,14,0.8,96,0.257,0.237,0.289,67,62.7,7.95,0.77,4/7
H1,gap_fade,EURCAD,24,0.3,24,-0.418,-0.372,-0.511,600,51.7,-2.17,-1.28,3/7
H1,gap_fade,EURCAD,24,0.3,96,-0.334,-0.532,0.006,465,52.3,-2.93,-1.02,2/7
H1,gap_fade,EURCAD,24,0.5,24,0.212,0.173,0.284,244,58.6,1.87,0.64,5/7
H1,gap_fade,EURCAD,24,0.5,96,-0.171,-0.465,0.418,204,53.9,-3.1,-0.52,3/7
H1,gap_fade,EURCAD,24,0.8,24,0.13,0.076,0.19,69,53.6,2.44,0.39,3/7
H1,gap_fade,EURCAD,24,0.8,96,0.468,0.41,0.572,66,65.2,15.78,1.43,5/7
H1,gap_fade,EURCAD,48,0.3,24,-0.283,-0.237,-0.377,588,52.6,-1.51,-0.86,3/7
H1,gap_fade,EURCAD,48,0.3,96,-0.348,-0.59,0.08,458,52.2,-3.1,-1.06,2/7
H1,gap_fade,EURCAD,48,0.5,24,0.174,0.149,0.217,243,58.4,1.52,0.52,6/7
H1,gap_fade,EURCAD,48,0.5,96,-0.05,-0.287,0.415,206,55.3,-0.9,-0.15,3/7
H1,gap_fade,EURCAD,48,0.8,24,0.221,0.059,0.397,70,54.3,3.96,0.66,4/7
H1,gap_fade,EURCAD,48,0.8,96,0.492,0.269,0.895,67,65.7,14.98,1.5,4/7
H1,gap_fade,GBPCAD,14,0.3,24,-0.039,-0.014,-0.085,589,53.5,-0.22,-0.12,3/7
H1,gap_fade,GBPCAD,14,0.3,96,-0.366,-0.446,-0.211,464,50.6,-3.73,-1.12,3/7
H1,gap_fade,GBPCAD,14,0.5,24,-0.099,-0.206,0.072,224,51.3,-0.96,-0.3,4/7
H1,gap_fade,GBPCAD,14,0.5,96,-0.175,-0.309,0.019,185,48.6,-2.83,-0.53,3/7
H1,gap_fade,GBPCAD,14,0.8,24,0.333,0.5,0.192,70,48.6,6.4,1.02,4/7
H1,gap_fade,GBPCAD,14,0.8,96,0.31,0.395,0.195,62,53.2,8.68,0.94,4/7
H1,gap_fade,GBPCAD,24,0.3,24,0.038,0.074,-0.027,576,54.0,0.21,0.11,4/7
H1,gap_fade,GBPCAD,24,0.3,96,-0.159,-0.256,0.031,455,50.5,-1.64,-0.49,3/7
H1,gap_fade,GBPCAD,24,0.5,24,-0.203,-0.321,-0.011,215,51.2,-2.03,-0.61,4/7
H1,gap_fade,GBPCAD,24,0.5,96,-0.246,-0.44,0.042,181,48.6,-4.15,-0.75,1/7
H1,gap_fade,GBPCAD,24,0.8,24,0.292,0.408,0.197,77,45.5,5.12,0.9,4/7
H1,gap_fade,GBPCAD,24,0.8,96,0.351,0.27,0.468,68,54.4,9.2,1.07,4/7
H1,gap_fade,GBPCAD,48,0.3,24,0.086,0.131,0.008,568,53.9,0.49,0.26,4/7
H1,gap_fade,GBPCAD,48,0.3,96,-0.053,-0.22,0.258,445,51.0,-0.56,-0.16,4/7
H1,gap_fade,GBPCAD,48,0.5,24,-0.376,-0.368,-0.389,217,49.8,-3.81,-1.14,2/7
H1,gap_fade,GBPCAD,48,0.5,96,-0.378,-0.59,-0.022,182,47.8,-6.79,-1.15,2/7
H1,gap_fade,GBPCAD,48,0.8,24,0.292,0.361,0.242,73,46.6,5.48,0.9,4/7
H1,gap_fade,GBPCAD,48,0.8,96,0.445,0.298,0.666,64,56.2,12.34,1.37,5/7
H1,gap_fade,AUDCAD,14,0.3,24,0.2,0.225,0.158,712,49.3,1.22,0.61,4/7
H1,gap_fade,AUDCAD,14,0.3,96,-0.032,-0.263,0.359,538,49.6,-0.29,-0.1,3/7
H1,gap_fade,AUDCAD,14,0.5,24,0.107,0.016,0.238,317,47.9,0.94,0.33,3/7
H1,gap_fade,AUDCAD,14,0.5,96,0.167,0.3,-0.024,252,51.6,2.72,0.51,4/7
H1,gap_fade,AUDCAD,14,0.8,24,-0.062,-0.119,0.029,107,44.9,-1.08,-0.19,3/7
H1,gap_fade,AUDCAD,14,0.8,96,0.265,0.46,0.015,95,55.8,8.43,0.81,4/7
H1,gap_fade,AUDCAD,24,0.3,24,0.268,0.234,0.326,706,49.6,1.62,0.82,3/7
H1,gap_fade,AUDCAD,24,0.3,96,0.076,-0.147,0.452,532,49.2,0.69,0.23,3/7
H1,gap_fade,AUDCAD,24,0.5,24,-0.051,-0.15,0.096,316,47.2,-0.45,-0.16,3/7
H1,gap_fade,AUDCAD,24,0.5,96,0.129,0.27,-0.075,248,52.0,2.19,0.4,4/7
H1,gap_fade,AUDCAD,24,0.8,24,0.08,-0.09,0.321,111,47.7,1.41,0.24,3/7
H1,gap_fade,AUDCAD,24,0.8,96,0.302,0.411,0.172,100,56.0,9.24,0.93,5/7
H1,gap_fade,AUDCAD,48,0.3,24,0.271,0.248,0.31,701,49.2,1.65,0.83,4/7
H1,gap_fade,AUDCAD,48,0.3,96,0.035,-0.17,0.378,531,49.5,0.32,0.11,3/7
H1,gap_fade,AUDCAD,48,0.5,24,-0.001,-0.125,0.184,309,47.9,-0.01,-0.0,4/7
H1,gap_fade,AUDCAD,48,0.5,96,0.252,0.506,-0.133,241,52.7,4.43,0.78,4/7
H1,gap_fade,AUDCAD,48,0.8,24,0.279,0.14,0.465,111,49.5,5.2,0.87,3/7
H1,gap_fade,AUDCAD,48,0.8,96,0.465,0.634,0.274,100,58.0,14.49,1.44,5/7
H1,gap_fade,NZDCAD,14,0.3,24,-0.077,0.239,-0.683,786,49.6,-0.43,-0.23,3/7
H1,gap_fade,NZDCAD,14,0.3,96,-0.101,0.129,-0.507,602,53.3,-0.89,-0.31,2/7
H1,gap_fade,NZDCAD,14,0.5,24,0.145,0.439,-0.345,380,49.7,1.29,0.45,4/7
H1,gap_fade,NZDCAD,14,0.5,96,-0.338,-0.146,-0.64,297,53.2,-5.22,-1.04,1/7
H1,gap_fade,NZDCAD,14,0.8,24,-0.25,0.056,-0.655,141,42.6,-3.47,-0.77,2/7
H1,gap_fade,NZDCAD,14,0.8,96,-0.135,-0.093,-0.219,124,47.6,-3.48,-0.41,4/7
H1,gap_fade,NZDCAD,24,0.3,24,-0.069,0.213,-0.608,788,49.6,-0.39,-0.21,2/7
H1,gap_fade,NZDCAD,24,0.3,96,-0.069,0.164,-0.481,604,53.3,-0.61,-0.21,3/7
H1,gap_fade,NZDCAD,24,0.5,24,0.108,0.46,-0.508,372,49.7,0.98,0.33,4/7
H1,gap_fade,NZDCAD,24,0.5,96,-0.278,0.155,-0.996,290,53.4,-4.3,-0.86,2/7
H1,gap_fade,NZDCAD,24,0.8,24,-0.324,0.059,-0.811,141,42.6,-4.52,-1.0,2/7
H1,gap_fade,NZDCAD,24,0.8,96,-0.148,-0.007,-0.447,124,47.6,-3.88,-0.45,4/7
H1,gap_fade,NZDCAD,48,0.3,24,-0.028,0.186,-0.396,783,49.2,-0.16,-0.08,4/7
H1,gap_fade,NZDCAD,48,0.3,96,-0.033,-0.1,0.075,603,52.4,-0.31,-0.1,4/7
H1,gap_fade,NZDCAD,48,0.5,24,0.047,0.45,-0.667,368,48.4,0.43,0.14,3/7
H1,gap_fade,NZDCAD,48,0.5,96,-0.196,0.168,-0.815,292,54.1,-2.99,-0.6,2/7
H1,gap_fade,NZDCAD,48,0.8,24,-0.108,0.366,-0.8,144,43.8,-1.6,-0.33,2/7
H1,gap_fade,NZDCAD,48,0.8,96,-0.247,-0.141,-0.468,125,48.0,-6.29,-0.76,4/7
H1,gap_fade,CADJPY,14,0.3,24,-0.107,-0.154,-0.025,915,50.9,-0.68,-0.33,3/7
H1,gap_fade,CADJPY,14,0.3,96,-0.467,-0.357,-0.667,703,52.1,-4.82,-1.43,3/7
H1,gap_fade,CADJPY,14,0.5,24,-0.136,-0.46,0.447,515,49.9,-1.29,-0.42,5/7
H1,gap_fade,CADJPY,14,0.5,96,-0.533,-0.617,-0.386,380,49.7,-9.26,-1.64,3/7
H1,gap_fade,CADJPY,14,0.8,24,-0.229,-0.956,0.692,184,44.6,-3.81,-0.7,3/7
H1,gap_fade,CADJPY,14,0.8,96,-0.122,-0.316,0.14,156,53.2,-3.7,-0.37,4/7
H1,gap_fade,CADJPY,24,0.3,24,-0.142,-0.179,-0.08,903,50.5,-0.9,-0.44,4/7
H1,gap_fade,CADJPY,24,0.3,96,-0.459,-0.323,-0.708,687,51.8,-4.85,-1.41,3/7
H1,gap_fade,CADJPY,24,0.5,24,-0.017,-0.435,0.757,510,51.4,-0.16,-0.05,5/7
H1,gap_fade,CADJPY,24,0.5,96,-0.442,-0.573,-0.217,390,50.3,-7.46,-1.36,3/7
H1,gap_fade,CADJPY,24,0.8,24,-0.294,-1.037,0.662,189,42.9,-4.79,-0.9,3/7
H1,gap_fade,CADJPY,24,0.8,96,-0.191,-0.402,0.097,162,52.5,-5.47,-0.59,4/7
H1,gap_fade,CADJPY,48,0.3,24,-0.05,-0.037,-0.072,896,50.6,-0.32,-0.15,4/7
H1,gap_fade,CADJPY,48,0.3,96,-0.483,-0.335,-0.76,685,51.8,-5.09,-1.49,3/7
H1,gap_fade,CADJPY,48,0.5,24,0.039,-0.195,0.438,511,51.7,0.37,0.12,4/7
H1,gap_fade,CADJPY,48,0.5,96,-0.288,-0.253,-0.35,393,51.7,-4.8,-0.88,3/7
H1,gap_fade,CADJPY,48,0.8,24,-0.261,-0.756,0.387,193,43.0,-4.24,-0.8,2/7
H1,gap_fade,CADJPY,48,0.8,96,-0.416,-0.444,-0.384,163,49.7,-12.4,-1.28,4/7
H1,gap_fade,EURUSD,14,0.3,24,0.089,-0.252,0.62,586,49.1,0.44,0.27,4/7
H1,gap_fade,EURUSD,14,0.3,96,-0.445,-0.75,0.092,452,46.9,-4.99,-1.37,2/7
H1,gap_fade,EURUSD,14,0.5,24,0.342,0.219,0.508,291,52.2,2.54,1.05,4/7
H1,gap_fade,EURUSD,14,0.5,96,-0.178,0.174,-0.712,242,47.1,-3.11,-0.55,3/7
H1,gap_fade,EURUSD,14,0.8,24,0.243,-0.004,0.512,127,48.8,2.85,0.74,4/7
H1,gap_fade,EURUSD,14,0.8,96,0.073,0.386,-0.299,116,46.6,1.97,0.22,3/7
H1,gap_fade,EURUSD,24,0.3,24,0.226,-0.163,0.806,575,49.2,1.15,0.69,4/7
H1,gap_fade,EURUSD,24,0.3,96,-0.293,-0.632,0.323,447,47.9,-3.28,-0.9,3/7
H1,gap_fade,EURUSD,24,0.5,24,0.051,-0.047,0.189,288,50.0,0.38,0.16,4/7
H1,gap_fade,EURUSD,24,0.5,96,-0.29,-0.082,-0.612,237,45.1,-5.15,-0.89,2/7
H1,gap_fade,EURUSD,24,0.8,24,0.261,0.035,0.506,123,48.8,3.15,0.8,4/7
H1,gap_fade,EURUSD,24,0.8,96,0.128,0.41,-0.216,113,47.8,3.62,0.39,4/7
H1,gap_fade,EURUSD,48,0.3,24,0.26,-0.021,0.663,560,48.8,1.38,0.8,5/7
H1,gap_fade,EURUSD,48,0.3,96,-0.37,-0.602,0.047,437,46.5,-4.2,-1.14,2/7
H1,gap_fade,EURUSD,48,0.5,24,0.004,-0.106,0.155,280,49.3,0.03,0.01,4/7
H1,gap_fade,EURUSD,48,0.5,96,-0.32,-0.102,-0.658,230,45.7,-5.83,-0.98,2/7
H1,gap_fade,EURUSD,48,0.8,24,0.321,0.213,0.446,121,50.4,3.87,0.98,5/7
H1,gap_fade,EURUSD,48,0.8,96,0.269,0.616,-0.147,112,50.0,7.59,0.82,5/7
H1,gap_fade,GBPUSD,14,0.3,24,0.339,0.079,0.782,574,51.0,1.96,1.04,5/7
H1,gap_fade,GBPUSD,14,0.3,96,0.308,0.304,0.342,472,51.3,4.08,0.95,5/7
H1,gap_fade,GBPUSD,14,0.5,24,0.382,0.155,0.744,303,50.8,3.36,1.18,5/7
H1,gap_fade,GBPUSD,14,0.5,96,0.345,0.302,0.462,253,53.0,6.72,1.06,6/7
H1,gap_fade,GBPUSD,14,0.8,24,0.41,0.1,0.87,122,56.6,5.58,1.26,5/7
H1,gap_fade,GBPUSD,14,0.8,96,0.37,0.305,0.548,111,49.5,12.71,1.14,6/7
H1,gap_fade,GBPUSD,24,0.3,24,0.419,0.241,0.715,564,51.4,2.43,1.29,7/7
H1,gap_fade,GBPUSD,24,0.3,96,0.431,0.504,0.284,463,52.5,5.75,1.33,7/7
H1,gap_fade,GBPUSD,24,0.5,24,0.323,0.031,0.78,299,51.8,2.89,0.99,4/7
H1,gap_fade,GBPUSD,24,0.5,96,0.239,0.138,0.482,251,52.6,4.7,0.73,5/7
H1,gap_fade,GBPUSD,24,0.8,24,0.254,-0.246,1.004,122,55.7,3.78,0.78,4/7
H1,gap_fade,GBPUSD,24,0.8,96,0.312,0.097,0.838,113,53.1,11.06,0.96,5/7
H1,gap_fade,GBPUSD,48,0.3,24,0.336,0.121,0.696,560,50.7,1.96,1.03,5/7
H1,gap_fade,GBPUSD,48,0.3,96,0.339,0.374,0.275,460,51.5,4.37,1.04,7/7
H1,gap_fade,GBPUSD,48,0.5,24,0.399,0.173,0.759,293,53.2,3.63,1.23,4/7
H1,gap_fade,GBPUSD,48,0.5,96,0.269,0.176,0.491,241,53.5,5.47,0.82,6/7
H1,gap_fade,GBPUSD,48,0.8,24,0.367,-0.128,1.148,126,57.9,5.43,1.12,4/7
H1,gap_fade,GBPUSD,48,0.8,96,0.437,0.158,1.09,119,56.3,14.92,1.34,5/7
H1,gap_fade,USDCHF,14,0.3,24,-0.405,-0.361,-0.47,900,47.8,-1.8,-1.24,2/7
H1,gap_fade,USDCHF,14,0.3,96,-0.204,-0.225,-0.169,713,48.9,-1.6,-0.63,2/7
H1,gap_fade,USDCHF,14,0.5,24,-0.403,-0.496,-0.301,458,46.3,-2.94,-1.24,2/7
H1,gap_fade,USDCHF,14,0.5,96,-0.101,0.039,-0.299,361,49.0,-1.39,-0.31,3/7
H1,gap_fade,USDCHF,14,0.8,24,-0.091,-0.216,0.05,183,45.4,-1.09,-0.28,2/7
H1,gap_fade,USDCHF,14,0.8,96,0.043,0.321,-0.349,155,46.5,1.13,0.13,2/7
H1,gap_fade,USDCHF,24,0.3,24,-0.331,-0.259,-0.435,886,47.9,-1.5,-1.02,2/7
H1,gap_fade,USDCHF,24,0.3,96,-0.165,-0.156,-0.181,703,48.2,-1.3,-0.51,2/7
H1,gap_fade,USDCHF,24,0.5,24,-0.408,-0.312,-0.536,442,46.8,-3.06,-1.26,2/7
H1,gap_fade,USDCHF,24,0.5,96,-0.078,0.112,-0.365,344,48.5,-1.17,-0.24,4/7
H1,gap_fade,USDCHF,24,0.8,24,-0.106,-0.078,-0.139,183,45.9,-1.43,-0.33,3/7
H1,gap_fade,USDCHF,24,0.8,96,0.183,0.444,-0.187,154,48.7,4.93,0.56,4/7
H1,gap_fade,USDCHF,48,0.3,24,-0.394,-0.312,-0.515,877,47.3,-1.8,-1.21,1/7
H1,gap_fade,USDCHF,48,0.3,96,-0.239,-0.219,-0.272,693,47.5,-1.91,-0.73,2/7
H1,gap_fade,USDCHF,48,0.5,24,-0.493,-0.301,-0.729,429,46.9,-3.78,-1.52,1/7
H1,gap_fade,USDCHF,48,0.5,96,-0.063,0.172,-0.395,338,47.9,-0.95,-0.19,3/7
H1,gap_fade,USDCHF,48,0.8,24,-0.089,-0.158,-0.036,179,45.8,-1.22,-0.27,4/7
H1,gap_fade,USDCHF,48,0.8,96,0.168,0.375,-0.121,153,47.7,4.56,0.52,4/7
H1,close_loc,EURGBP,5,0.62,24,0.307,0.061,1.326,197,54.3,3.94,0.96,5/7
H1,close_loc,EURGBP,5,0.62,96,-0.0,0.014,-0.048,158,57.6,-0.0,-0.0,3/7
H1,close_loc,EURAUD,5,0.62,24,0.128,0.016,0.394,400,52.2,1.61,0.42,4/7
H1,close_loc,EURAUD,5,0.62,96,0.147,0.168,0.105,302,53.0,2.89,0.46,3/7
H1,close_loc,EURNZD,5,0.62,24,-0.454,-0.696,0.048,386,48.2,-4.02,-1.4,2/7
H1,close_loc,EURNZD,5,0.62,96,-0.405,-0.656,0.051,288,50.3,-7.28,-1.26,3/7
H1,close_loc,GBPAUD,5,0.62,24,0.29,0.509,-0.13,333,54.1,2.98,0.89,5/7
H1,close_loc,GBPAUD,5,0.62,96,0.234,0.674,-0.635,257,53.7,4.51,0.71,4/7
H1,close_loc,GBPNZD,5,0.62,24,0.208,0.188,0.254,303,54.1,2.07,0.64,4/7
H1,close_loc,GBPNZD,5,0.62,96,0.431,0.613,0.086,230,60.0,8.69,1.34,6/7
H1,close_loc,EURCHF,5,0.62,24,0.03,0.234,-0.23,182,51.1,0.29,0.09,3/7
H1,close_loc,EURCHF,5,0.62,96,0.596,0.686,0.456,158,58.9,10.7,1.84,5/7
H1,close_loc,GBPCHF,5,0.62,24,-0.017,-0.039,0.035,430,53.7,-0.17,-0.05,4/7
H1,close_loc,GBPCHF,5,0.62,96,0.107,0.328,-0.327,324,56.5,1.69,0.33,4/7
H1,close_loc,EURCAD,5,0.62,24,-0.001,0.068,-0.152,435,49.9,-0.01,-0.0,3/7
H1,close_loc,EURCAD,5,0.62,96,-0.057,0.23,-0.689,315,53.3,-0.79,-0.18,4/7
H1,close_loc,GBPCAD,5,0.62,24,0.629,0.796,0.249,427,53.9,5.18,1.94,6/7
H1,close_loc,GBPCAD,5,0.62,96,0.371,0.54,-0.038,327,56.0,5.81,1.13,4/7
H1,close_loc,AUDCAD,5,0.62,24,0.143,-0.046,0.411,311,53.7,1.45,0.44,5/7
H1,close_loc,AUDCAD,5,0.62,96,-0.052,-0.183,0.207,233,53.6,-0.99,-0.16,3/7
H1,close_loc,NZDCAD,5,0.62,24,0.125,0.047,0.286,388,51.0,1.14,0.39,2/7
H1,close_loc,NZDCAD,5,0.62,96,0.192,-0.116,0.735,286,56.6,2.96,0.56,3/7
H1,close_loc,CADJPY,5,0.62,24,-0.645,-0.949,-0.094,794,48.7,-4.85,-1.98,2/7
H1,close_loc,CADJPY,5,0.62,96,-0.347,-0.696,0.395,568,55.3,-4.65,-1.07,4/7
H1,close_loc,CADJPY,5,0.68,24,-0.205,0.281,-1.045,92,41.3,-4.68,-0.6,3/6
H1,close_loc,CADJPY,5,0.68,96,-0.321,0.025,-1.292,83,44.6,-14.76,-0.94,2/6
H1,close_loc,CADJPY,10,0.62,24,-0.699,-0.648,-0.841,137,39.4,-13.3,-2.12,1/7
H1,close_loc,CADJPY,10,0.62,96,-0.523,-0.696,-0.134,128,46.1,-21.03,-1.58,2/7
H1,close_loc,EURUSD,5,0.62,24,0.026,0.356,-0.577,2824,56.1,0.05,0.08,3/7
H1,close_loc,EURUSD,5,0.62,96,0.103,0.352,-0.33,2582,57.0,0.23,0.3,4/7
H1,close_loc,EURUSD,5,0.68,24,0.135,0.377,-0.314,1811,55.7,0.41,0.41,3/7
H1,close_loc,EURUSD,5,0.68,96,0.226,0.383,-0.065,1438,59.0,0.92,0.69,4/7
H1,close_loc,EURUSD,5,0.75,24,-0.368,-0.062,-0.924,867,49.4,-1.75,-1.12,1/7
H1,close_loc,EURUSD,5,0.75,96,-0.549,-0.337,-0.964,612,53.4,-4.95,-1.7,1/7
H1,close_loc,EURUSD,10,0.62,24,0.104,0.23,-0.114,1340,52.1,0.4,0.32,4/7
H1,close_loc,EURUSD,10,0.62,96,0.028,0.135,-0.187,932,56.8,0.18,0.09,3/7
H1,close_loc,EURUSD,10,0.68,24,-0.35,-0.225,-0.583,534,47.8,-2.3,-1.07,3/7
H1,close_loc,EURUSD,10,0.68,96,-0.542,-0.203,-1.306,374,48.1,-7.26,-1.68,1/7
H1,close_loc,EURUSD,10,0.75,24,-0.365,-0.425,-0.257,103,43.7,-5.09,-1.11,3/7
H1,close_loc,EURUSD,10,0.75,96,0.396,0.307,0.679,93,55.9,11.29,1.21,5/7
H1,close_loc,EURUSD,20,0.62,24,-0.302,-0.05,-0.818,396,48.7,-2.22,-0.93,2/7
H1,close_loc,EURUSD,20,0.62,96,-0.428,-0.388,-0.525,286,52.4,-7.25,-1.31,2/7
H1,close_loc,GBPUSD,5,0.62,24,-0.847,-0.586,-1.438,2863,54.6,-1.99,-2.47,0/7
H1,close_loc,GBPUSD,5,0.62,96,-0.766,-0.585,-1.207,2613,55.0,-2.04,-2.23,0/7
H1,close_loc,GBPUSD,5,0.68,24,-1.086,-0.963,-1.401,1855,52.8,-3.76,-3.27,0/7
H1,close_loc,GBPUSD,5,0.68,96,-1.063,-1.115,-0.977,1462,54.4,-4.75,-3.13,1/7
H1,close_loc,GBPUSD,5,0.75,24,-0.979,-0.874,-1.293,880,47.3,-5.53,-2.98,1/7
H1,close_loc,GBPUSD,5,0.75,96,-0.604,-0.733,-0.326,635,54.5,-6.2,-1.85,2/7
H1,close_loc,GBPUSD,10,0.62,24,-0.977,-0.991,-0.994,1349,48.3,-4.45,-2.99,1/7
H1,close_loc,GBPUSD,10,0.62,96,-0.753,-0.91,-0.437,925,53.2,-5.71,-2.27,2/7
H1,close_loc,GBPUSD,10,0.68,24,-0.689,-0.682,-0.746,579,47.5,-5.0,-2.09,0/7
H1,close_loc,GBPUSD,10,0.68,96,-0.531,-0.636,-0.319,406,54.9,-7.56,-1.63,1/7
H1,close_loc,GBPUSD,10,0.75,24,-0.297,-0.376,-0.111,101,53.5,-5.36,-0.91,2/7
H1,close_loc,GBPUSD,10,0.75,96,-0.039,-0.254,0.372,90,57.8,-1.37,-0.12,3/7
H1,close_loc,GBPUSD,20,0.62,24,-0.395,-0.219,-0.875,418,45.9,-3.47,-1.21,2/7
H1,close_loc,GBPUSD,20,0.62,96,-0.516,-0.535,-0.518,300,52.3,-9.34,-1.59,2/7
H1,close_loc,GBPUSD,20,0.68,24,-0.443,-0.057,-1.252,50,44.0,-8.66,-1.32,3/7
H1,close_loc,GBPUSD,40,0.62,24,0.122,0.217,-0.14,65,53.8,2.57,0.36,2/7
H1,close_loc,GBPUSD,40,0.62,96,-0.017,0.028,-0.13,55,49.1,-0.69,-0.05,5/7
H1,close_loc,USDCHF,5,0.62,24,-0.698,-0.228,-1.44,2589,55.6,-1.62,-2.09,3/7
H1,close_loc,USDCHF,5,0.62,96,-0.606,-0.191,-1.275,2340,57.2,-1.59,-1.78,3/7
H1,close_loc,USDCHF,5,0.68,24,-0.272,0.204,-0.985,1691,55.2,-0.96,-0.84,3/7
H1,close_loc,USDCHF,5,0.68,96,-0.335,-0.024,-0.836,1343,59.3,-1.55,-1.01,2/7
H1,close_loc,USDCHF,5,0.75,24,-0.557,0.206,-1.823,811,49.7,-3.2,-1.73,3/7
H1,close_loc,USDCHF,5,0.75,96,-0.367,-0.38,-0.347,577,54.9,-3.77,-1.13,1/7
H1,close_loc,USDCHF,10,0.62,24,-0.608,-0.36,-1.007,1249,51.9,-2.76,-1.85,1/7
H1,close_loc,USDCHF,10,0.62,96,-0.487,-0.321,-0.763,860,55.5,-3.45,-1.46,2/7
H1,close_loc,USDCHF,10,0.68,24,-0.591,-0.32,-1.079,550,48.7,-4.15,-1.8,1/7
H1,close_loc,USDCHF,10,0.68,96,-0.156,-0.325,0.142,387,55.3,-2.24,-0.48,3/7
H1,close_loc,USDCHF,10,0.75,24,-0.592,-0.606,-0.618,84,36.9,-11.85,-1.83,1/7
H1,close_loc,USDCHF,10,0.75,96,0.028,0.108,-0.169,73,52.1,0.99,0.08,4/7
H1,close_loc,USDCHF,20,0.62,24,-0.884,-0.893,-0.872,393,43.5,-7.75,-2.74,0/7
H1,close_loc,USDCHF,20,0.62,96,-0.567,-0.777,-0.201,271,48.7,-10.21,-1.75,1/7
H1,close_loc,USDCHF,20,0.68,24,0.05,0.512,-0.947,62,51.6,0.91,0.15,3/7
H1,close_loc,USDCHF,20,0.68,96,0.054,0.338,-0.724,57,49.1,2.16,0.16,4/7
H1,close_loc,USDCHF,40,0.62,24,0.116,0.127,0.102,68,51.5,2.52,0.35,4/7
H1,close_loc,USDCHF,40,0.62,96,0.087,-0.028,0.431,57,50.9,4.26,0.26,5/7
H1,accel,EURGBP,12,1.5,24,-0.32,-0.418,-0.079,1123,53.8,-1.23,-0.98,2/7
H1,accel,EURGBP,12,1.5,96,-0.44,-0.58,-0.116,914,53.1,-2.21,-1.32,2/7
H1,accel,EURGBP,12,2.0,24,-0.224,-0.221,-0.253,604,51.8,-1.27,-0.7,3/7
H1,accel,EURGBP,12,2.0,96,-0.18,-0.065,-0.467,478,52.5,-1.67,-0.56,2/7
H1,accel,EURGBP,12,2.5,24,-0.007,-0.063,0.119,247,55.9,-0.06,-0.02,3/7
H1,accel,EURGBP,12,2.5,96,-0.105,-0.021,-0.299,215,56.7,-1.42,-0.32,3/7
H1,accel,EURGBP,24,1.5,24,0.176,0.215,0.09,677,50.8,0.97,0.54,5/7
H1,accel,EURGBP,24,1.5,96,-0.166,-0.213,-0.056,554,55.1,-1.35,-0.51,3/7
H1,accel,EURGBP,24,2.0,24,0.042,0.107,-0.109,395,51.6,0.28,0.13,4/7
H1,accel,EURGBP,24,2.0,96,-0.173,-0.193,-0.138,344,53.5,-1.98,-0.53,3/7
H1,accel,EURGBP,24,2.5,24,0.23,0.23,0.237,200,52.5,2.25,0.7,3/7
H1,accel,EURGBP,24,2.5,96,0.284,0.448,-0.115,185,59.5,5.1,0.87,5/7
H1,accel,EURGBP,48,1.5,24,0.072,-0.01,0.28,510,52.0,0.47,0.22,4/7
H1,accel,EURGBP,48,1.5,96,-0.52,-0.615,-0.322,313,53.7,-6.81,-1.59,2/7
H1,accel,EURGBP,48,2.0,24,-0.415,-0.317,-0.615,258,46.1,-3.6,-1.27,1/7
H1,accel,EURGBP,48,2.0,96,-0.348,-0.216,-0.7,194,51.0,-5.8,-1.06,1/7
H1,accel,EURGBP,48,2.5,24,-0.151,0.024,-0.664,112,47.3,-2.75,-0.46,1/7
H1,accel,EURGBP,48,2.5,96,-0.284,-0.146,-0.659,101,52.5,-7.32,-0.86,1/7
H1,accel,EURGBP,96,1.5,24,-0.135,0.004,-0.504,379,49.9,-1.0,-0.41,2/7
H1,accel,EURGBP,96,1.5,96,-0.268,-0.292,-0.241,181,48.6,-4.76,-0.82,3/7
H1,accel,EURGBP,96,2.0,24,0.744,0.887,0.451,180,51.7,10.67,2.29,6/7
H1,accel,EURGBP,96,2.0,96,0.187,0.176,0.247,113,55.8,4.54,0.57,4/7
H1,accel,EURGBP,96,2.5,24,0.324,0.339,0.4,73,52.1,6.55,0.98,5/7
H1,accel,EURGBP,96,2.5,96,0.135,-0.034,0.755,56,57.1,5.35,0.41,5/7
H1,accel,EURAUD,12,1.5,24,-0.457,-0.58,-0.214,1127,52.4,-2.3,-1.43,1/7
H1,accel,EURAUD,12,1.5,96,-0.429,-0.702,0.144,934,56.3,-2.99,-1.32,3/7
H1,accel,EURAUD,12,2.0,24,-0.287,-0.356,-0.144,615,51.7,-2.03,-0.89,1/7
H1,accel,EURAUD,12,2.0,96,-0.432,-0.381,-0.546,484,53.1,-5.56,-1.35,2/7
H1,accel,EURAUD,12,2.5,24,-0.247,0.013,-0.945,247,47.0,-3.16,-0.76,3/7
H1,accel,EURAUD,12,2.5,96,0.004,0.468,-0.929,217,49.3,0.09,0.01,4/7
H1,accel,EURAUD,24,1.5,24,0.257,0.361,0.038,683,52.1,1.88,0.78,5/7
H1,accel,EURAUD,24,1.5,96,0.003,0.01,-0.013,562,55.7,0.03,0.01,4/7
H1,accel,EURAUD,24,2.0,24,0.209,-0.135,0.893,401,53.4,2.11,0.64,4/7
H1,accel,EURAUD,24,2.0,96,-0.156,-0.323,0.198,347,54.2,-2.78,-0.48,3/7
H1,accel,EURAUD,24,2.5,24,0.125,0.184,-0.008,197,49.7,2.02,0.38,3/7
H1,accel,EURAUD,24,2.5,96,-0.107,0.064,-0.468,177,48.6,-3.12,-0.33,3/7
H1,accel,EURAUD,48,1.5,24,0.095,0.307,-0.473,514,48.1,1.12,0.33,4/7
H1,accel,EURAUD,48,1.5,96,0.252,0.425,-0.162,327,54.1,4.97,0.85,5/7
H1,accel,EURAUD,48,2.0,24,-0.389,-0.417,-0.339,267,41.9,-4.98,-1.19,4/7
H1,accel,EURAUD,48,2.0,96,-0.093,-0.083,-0.111,201,49.8,-2.22,-0.28,3/7
H1,accel,EURAUD,48,2.5,24,-0.214,-0.368,0.006,126,46.0,-4.61,-0.65,3/7
H1,accel,EURAUD,48,2.5,96,-0.052,-0.292,0.427,108,42.6,-1.86,-0.16,3/7
H1,accel,EURAUD,96,1.5,24,-0.026,0.043,-0.167,409,53.1,-0.29,-0.08,4/7
H1,accel,EURAUD,96,1.5,96,0.098,0.337,-0.279,194,55.7,2.52,0.3,3/7
H1,accel,EURAUD,96,2.0,24,-0.081,0.067,-0.327,187,48.7,-1.25,-0.25,4/7
H1,accel,EURAUD,96,2.0,96,-0.257,0.015,-0.737,107,47.7,-9.81,-0.78,2/7
H1,accel,EURAUD,96,2.5,24,0.348,0.354,0.34,74,50.0,13.77,1.06,5/7
H1,accel,EURAUD,96,2.5,96,-0.119,0.003,-0.399,52,48.1,-6.2,-0.36,4/7
H1,accel,EURNZD,12,1.5,24,-0.312,-0.393,-0.145,1136,51.2,-1.41,-0.97,1/7
H1,accel,EURNZD,12,1.5,96,-0.494,-0.843,0.182,914,53.7,-3.4,-1.51,2/7
H1,accel,EURNZD,12,2.0,24,-0.315,-0.373,-0.203,611,51.6,-2.13,-0.97,2/7
H1,accel,EURNZD,12,2.0,96,-0.51,-0.736,-0.095,468,52.1,-6.44,-1.57,3/7
H1,accel,EURNZD,12,2.5,24,0.068,0.202,-0.253,255,49.0,0.88,0.21,3/7
H1,accel,EURNZD,12,2.5,96,-0.042,0.206,-0.503,218,52.3,-0.96,-0.13,3/7
H1,accel,EURNZD,24,1.5,24,0.208,0.24,0.146,684,49.4,1.47,0.64,4/7
H1,accel,EURNZD,24,1.5,96,0.015,0.017,0.012,564,55.7,0.16,0.05,4/7
H1,accel,EURNZD,24,2.0,24,0.132,0.234,-0.046,386,47.9,1.31,0.4,4/7
H1,accel,EURNZD,24,2.0,96,0.047,0.213,-0.282,346,55.2,0.75,0.14,3/7
H1,accel,EURNZD,24,2.5,24,0.226,0.368,-0.094,176,51.1,3.5,0.69,3/7
H1,accel,EURNZD,24,2.5,96,0.467,0.829,-0.348,165,57.6,11.46,1.43,4/7
H1,accel,EURNZD,48,1.5,24,0.231,0.482,-0.356,528,50.4,2.12,0.71,5/7
H1,accel,EURNZD,48,1.5,96,0.375,0.682,-0.299,338,53.6,6.19,1.15,5/7
H1,accel,EURNZD,48,2.0,24,0.27,0.459,-0.135,277,51.6,3.38,0.82,4/7
H1,accel,EURNZD,48,2.0,96,0.282,0.745,-0.62,222,54.1,5.87,0.86,5/7
H1,accel,EURNZD,48,2.5,24,0.114,0.437,-0.9,110,48.2,2.83,0.35,3/7
H1,accel,EURNZD,48,2.5,96,0.044,0.337,-0.556,99,47.5,1.46,0.13,2/7
H1,accel,EURNZD,96,1.5,24,0.002,0.348,-0.688,397,50.1,0.02,0.0,3/7
H1,accel,EURNZD,96,1.5,96,-0.184,0.264,-1.025,187,51.3,-4.02,-0.56,3/7
H1,accel,EURNZD,96,2.0,24,-0.019,0.446,-1.116,192,44.8,-0.25,-0.06,4/7
H1,accel,EURNZD,96,2.0,96,-0.082,0.196,-0.551,112,57.1,-2.42,-0.25,4/7
H1,accel,EURNZD,96,2.5,24,0.09,0.402,-0.542,85,36.5,2.64,0.27,3/7
H1,accel,EURNZD,96,2.5,96,0.081,0.474,-0.636,61,52.5,4.36,0.25,3/7
H1,accel,GBPAUD,12,1.5,24,-0.386,-0.507,-0.141,1097,53.0,-1.95,-1.22,2/7
H1,accel,GBPAUD,12,1.5,96,-0.291,-0.557,0.242,895,52.7,-1.94,-0.91,2/7
H1,accel,GBPAUD,12,2.0,24,0.239,0.21,0.31,620,53.9,1.68,0.74,3/7
H1,accel,GBPAUD,12,2.0,96,0.28,0.382,0.092,490,55.9,3.21,0.87,5/7
H1,accel,GBPAUD,12,2.5,24,0.426,0.45,0.42,250,58.4,5.45,1.21,4/7
H1,accel,GBPAUD,12,2.5,96,-0.288,-0.037,-0.825,217,51.6,-6.49,-0.9,4/7
H1,accel,GBPAUD,24,1.5,24,0.474,0.484,0.48,675,53.0,3.43,1.48,5/7
H1,accel,GBPAUD,24,1.5,96,0.303,0.357,0.195,570,58.6,3.25,0.94,4/7
H1,accel,GBPAUD,24,2.0,24,0.373,0.498,0.118,380,51.6,3.73,1.15,4/7
H1,accel,GBPAUD,24,2.0,96,-0.106,-0.013,-0.32,333,55.9,-1.65,-0.32,1/7
H1,accel,GBPAUD,24,2.5,24,0.183,0.064,0.457,174,54.0,2.8,0.56,5/7
H1,accel,GBPAUD,24,2.5,96,-0.166,-0.482,0.408,163,52.1,-4.53,-0.51,4/7
H1,accel,GBPAUD,48,1.5,24,-0.044,0.253,-0.633,508,49.4,-0.37,-0.13,3/7
H1,accel,GBPAUD,48,1.5,96,-0.002,0.18,-0.389,328,55.2,-0.03,-0.01,4/7
H1,accel,GBPAUD,48,2.0,24,0.157,0.302,-0.121,249,51.0,1.92,0.48,3/7
H1,accel,GBPAUD,48,2.0,96,-0.129,-0.439,0.485,194,51.0,-2.74,-0.39,3/7
H1,accel,GBPAUD,48,2.5,24,0.365,0.389,0.337,109,57.8,8.14,1.11,3/7
H1,accel,GBPAUD,48,2.5,96,0.004,-0.106,0.318,93,53.8,0.13,0.01,4/7
H1,accel,GBPAUD,96,1.5,24,-0.24,-0.112,-0.465,388,48.2,-2.26,-0.73,1/7
H1,accel,GBPAUD,96,1.5,96,-0.422,-0.119,-0.981,192,42.7,-9.9,-1.29,2/7
H1,accel,GBPAUD,96,2.0,24,-0.113,-0.255,0.111,195,46.2,-1.71,-0.34,3/7
H1,accel,GBPAUD,96,2.0,96,0.122,0.274,-0.106,113,50.4,3.72,0.37,3/7
H1,accel,GBPAUD,96,2.5,24,0.344,-0.206,1.106,78,56.4,8.45,1.05,5/7
H1,accel,GBPAUD,96,2.5,96,0.566,0.672,0.372,53,62.3,26.21,1.76,6/7
H1,accel,GBPNZD,12,1.5,24,-0.43,-0.238,-0.867,1112,50.9,-2.17,-1.3,1/7
H1,accel,GBPNZD,12,1.5,96,-0.557,-0.472,-0.751,924,53.6,-3.65,-1.76,1/7
H1,accel,GBPNZD,12,2.0,24,0.207,0.194,0.25,614,51.5,1.54,0.62,3/7
H1,accel,GBPNZD,12,2.0,96,0.242,0.19,0.375,497,56.5,2.78,0.77,4/7
H1,accel,GBPNZD,12,2.5,24,0.219,0.263,0.125,248,51.2,2.84,0.71,6/7
H1,accel,GBPNZD,12,2.5,96,0.526,0.835,-0.042,221,55.7,10.76,1.68,5/7
H1,accel,GBPNZD,24,1.5,24,0.715,1.024,0.095,693,51.5,5.07,2.27,5/7
H1,accel,GBPNZD,24,1.5,96,0.134,0.227,-0.053,575,55.0,1.41,0.42,4/7
H1,accel,GBPNZD,24,2.0,24,0.339,0.715,-0.376,390,50.3,2.96,1.04,6/7
H1,accel,GBPNZD,24,2.0,96,-0.21,0.067,-0.768,340,55.9,-3.15,-0.64,3/7
H1,accel,GBPNZD,24,2.5,24,0.571,0.834,0.04,167,47.3,8.73,1.76,4/7
H1,accel,GBPNZD,24,2.5,96,0.218,0.312,0.052,161,54.0,5.16,0.67,4/7
H1,accel,GBPNZD,48,1.5,24,0.377,0.553,0.046,547,53.0,2.85,1.16,5/7
H1,accel,GBPNZD,48,1.5,96,0.416,0.766,-0.286,362,60.2,5.86,1.28,5/7
H1,accel,GBPNZD,48,2.0,24,0.558,0.543,0.586,267,57.3,6.46,1.71,7/7
H1,accel,GBPNZD,48,2.0,96,0.04,0.01,0.098,217,55.3,0.77,0.12,3/7
H1,accel,GBPNZD,48,2.5,24,1.098,1.367,0.581,112,63.4,24.15,3.49,6/7
H1,accel,GBPNZD,48,2.5,96,0.282,0.467,-0.104,102,53.9,10.38,0.86,4/7
H1,accel,GBPNZD,96,1.5,24,0.235,0.649,-0.533,434,50.5,1.93,0.72,3/7
H1,accel,GBPNZD,96,1.5,96,-0.189,0.201,-0.871,214,44.4,-3.93,-0.58,3/7
H1,accel,GBPNZD,96,2.0,24,-0.194,0.402,-1.576,204,47.5,-2.51,-0.59,3/7
H1,accel,GBPNZD,96,2.0,96,-0.504,-0.065,-1.212,122,39.3,-14.55,-1.55,3/7
H1,accel,GBPNZD,96,2.5,24,-0.232,0.207,-1.343,79,39.2,-5.7,-0.7,1/7
H1,accel,GBPNZD,96,2.5,96,-0.179,0.272,-1.085,54,40.7,-9.92,-0.54,4/7
H1,accel,AUDNZD,12,1.5,24,-0.288,-0.559,0.246,1130,52.9,-0.87,-0.9,3/7
H1,accel,AUDNZD,12,1.5,96,-0.457,-0.794,0.191,922,52.6,-1.91,-1.42,2/7
H1,accel,AUDNZD,12,2.0,24,-0.187,-0.62,0.694,638,52.0,-0.8,-0.58,3/7
H1,accel,AUDNZD,12,2.0,96,-0.172,-0.543,0.599,509,55.6,-1.29,-0.53,2/7
H1,accel,AUDNZD,12,2.5,24,0.114,-0.14,0.728,275,54.5,0.75,0.35,5/7
H1,accel,AUDNZD,12,2.5,96,0.239,0.099,0.59,236,56.4,3.02,0.73,6/7
H1,accel,AUDNZD,24,1.5,24,-0.123,-0.475,0.505,688,50.4,-0.51,-0.38,2/7
H1,accel,AUDNZD,24,1.5,96,-0.243,-0.683,0.589,570,56.7,-1.65,-0.74,2/7
H1,accel,AUDNZD,24,2.0,24,0.256,-0.242,1.184,367,54.0,1.51,0.79,4/7
H1,accel,AUDNZD,24,2.0,96,-0.238,-0.985,1.287,323,54.2,-2.53,-0.73,3/7
H1,accel,AUDNZD,24,2.5,24,0.15,-0.213,1.034,164,51.2,1.2,0.46,5/7
H1,accel,AUDNZD,24,2.5,96,-0.136,-0.545,0.693,155,49.7,-2.21,-0.41,3/7
H1,accel,AUDNZD,48,1.5,24,-0.059,-0.275,0.302,524,47.3,-0.29,-0.18,4/7
H1,accel,AUDNZD,48,1.5,96,-0.28,-0.563,0.273,327,51.4,-2.91,-0.86,3/7
H1,accel,AUDNZD,48,2.0,24,-0.24,-0.834,0.806,263,46.8,-1.61,-0.73,3/7
H1,accel,AUDNZD,48,2.0,96,-0.892,-1.323,0.002,194,46.4,-12.98,-2.74,2/7
H1,accel,AUDNZD,48,2.5,24,-0.738,-0.686,-0.853,101,37.6,-9.09,-2.27,0/7
H1,accel,AUDNZD,48,2.5,96,-0.872,-1.111,-0.4,88,43.2,-21.59,-2.73,1/7
H1,accel,AUDNZD,96,1.5,24,0.201,-0.029,0.587,416,49.3,1.15,0.61,3/7
H1,accel,AUDNZD,96,1.5,96,-0.223,-0.294,-0.09,198,45.5,-3.45,-0.68,2/7
H1,accel,AUDNZD,96,2.0,24,-0.191,-0.348,0.072,187,46.0,-1.63,-0.58,1/7
H1,accel,AUDNZD,96,2.0,96,-0.358,-0.223,-0.649,109,42.2,-7.39,-1.09,2/7
H1,accel,AUDNZD,96,2.5,24,-0.122,-0.466,0.372,75,45.3,-1.52,-0.37,2/7
H1,accel,AUDNZD,96,2.5,96,-0.512,-0.577,-0.396,54,35.2,-16.57,-1.57,2/7
H1,accel,EURCHF,12,1.5,24,-0.397,-0.336,-0.504,1148,51.8,-1.26,-1.21,2/7
H1,accel,EURCHF,12,1.5,96,-0.431,-0.507,-0.306,959,54.2,-1.76,-1.3,2/7
H1,accel,EURCHF,12,2.0,24,-0.263,-0.385,-0.061,627,49.6,-1.24,-0.81,2/7
H1,accel,EURCHF,12,2.0,96,0.001,-0.033,0.059,496,54.8,0.01,0.0,4/7
H1,accel,EURCHF,12,2.5,24,-0.189,-0.245,-0.093,271,47.2,-1.49,-0.58,3/7
H1,accel,EURCHF,12,2.5,96,-0.39,-0.471,-0.24,233,50.2,-5.35,-1.2,3/7
H1,accel,EURCHF,24,1.5,24,-0.357,-0.956,0.634,688,49.4,-1.54,-1.1,4/7
H1,accel,EURCHF,24,1.5,96,-0.092,-0.904,1.21,561,55.3,-0.61,-0.28,3/7
H1,accel,EURCHF,24,2.0,24,0.169,-0.08,0.625,404,52.0,1.01,0.52,5/7
H1,accel,EURCHF,24,2.0,96,-0.053,-0.447,0.617,354,53.1,-0.5,-0.16,4/7
H1,accel,EURCHF,24,2.5,24,0.071,-0.096,0.372,190,52.1,0.64,0.22,4/7
H1,accel,EURCHF,24,2.5,96,-0.278,-0.366,-0.156,174,44.3,-4.13,-0.85,2/7
H1,accel,EURCHF,48,1.5,24,0.415,0.075,0.95,538,52.8,2.15,1.27,5/7
H1,accel,EURCHF,48,1.5,96,-0.189,-0.291,-0.026,333,54.4,-2.02,-0.58,1/7
H1,accel,EURCHF,48,2.0,24,-0.379,-0.456,-0.267,283,52.3,-2.86,-1.16,3/7
H1,accel,EURCHF,48,2.0,96,-0.851,-0.908,-0.772,208,48.1,-12.5,-2.64,2/7
H1,accel,EURCHF,48,2.5,24,-0.501,-0.74,-0.202,129,47.3,-5.83,-1.51,2/7
H1,accel,EURCHF,48,2.5,96,-0.699,-0.586,-0.887,106,45.3,-15.12,-2.13,1/7
H1,accel,EURCHF,96,1.5,24,-0.055,0.122,-0.426,400,50.5,-0.37,-0.17,4/7
H1,accel,EURCHF,96,1.5,96,-0.335,-0.08,-0.779,188,48.9,-5.51,-1.02,2/7
H1,accel,EURCHF,96,2.0,24,-0.128,-0.171,-0.042,208,47.6,-1.2,-0.39,2/7
H1,accel,EURCHF,96,2.0,96,-0.21,-0.01,-0.598,116,45.7,-4.33,-0.64,3/7
H1,accel,EURCHF,96,2.5,24,-0.133,-0.253,0.072,93,53.8,-1.84,-0.39,2/7
H1,accel,EURCHF,96,2.5,96,-0.378,-0.393,-0.354,64,35.9,-10.38,-1.13,2/7
H1,accel,GBPCHF,12,1.5,24,-0.733,-0.853,-0.5,1140,51.9,-3.53,-2.26,0/7
H1,accel,GBPCHF,12,1.5,96,-0.4,-0.404,-0.405,945,54.7,-2.5,-1.22,2/7
H1,accel,GBPCHF,12,2.0,24,-0.139,-0.335,0.279,630,53.2,-0.96,-0.42,5/7
H1,accel,GBPCHF,12,2.0,96,0.177,0.1,0.335,488,56.8,2.01,0.54,5/7
H1,accel,GBPCHF,12,2.5,24,-0.053,-0.184,0.2,247,53.4,-0.7,-0.16,3/7
H1,accel,GBPCHF,12,2.5,96,-0.04,-0.205,0.24,214,56.1,-0.81,-0.12,4/7
H1,accel,GBPCHF,24,1.5,24,0.098,-0.223,0.751,669,54.3,0.65,0.31,4/7
H1,accel,GBPCHF,24,1.5,96,-0.009,-0.38,0.738,554,57.8,-0.09,-0.03,5/7
H1,accel,GBPCHF,24,2.0,24,0.244,-0.023,0.768,371,55.3,2.4,0.75,4/7
H1,accel,GBPCHF,24,2.0,96,0.09,0.108,0.057,334,55.4,1.39,0.28,3/7
H1,accel,GBPCHF,24,2.5,24,0.181,-0.092,0.752,164,55.5,2.92,0.55,5/7
H1,accel,GBPCHF,24,2.5,96,0.343,0.149,0.707,157,59.2,9.42,1.05,5/7
H1,accel,GBPCHF,48,1.5,24,0.362,0.573,-0.09,524,53.1,3.12,1.17,4/7
H1,accel,GBPCHF,48,1.5,96,0.001,0.242,-0.464,345,57.7,0.02,0.0,3/7
H1,accel,GBPCHF,48,2.0,24,0.248,0.639,-0.549,258,50.0,2.9,0.76,3/7
H1,accel,GBPCHF,48,2.0,96,-0.719,-0.543,-1.125,196,49.0,-17.02,-2.22,2/7
H1,accel,GBPCHF,48,2.5,24,0.281,0.758,-0.511,105,51.4,4.63,0.85,4/7
H1,accel,GBPCHF,48,2.5,96,-0.169,0.053,-0.635,95,51.6,-6.44,-0.51,3/7
H1,accel,GBPCHF,96,1.5,24,-0.514,-0.556,-0.445,381,45.4,-4.91,-1.56,3/7
H1,accel,GBPCHF,96,1.5,96,-0.829,-0.888,-0.733,174,40.8,-19.65,-2.54,2/7
H1,accel,GBPCHF,96,2.0,24,0.124,0.324,-0.342,203,46.8,1.76,0.37,5/7
H1,accel,GBPCHF,96,2.0,96,-0.467,-0.565,-0.276,114,43.9,-13.21,-1.42,1/7
H1,accel,GBPCHF,96,2.5,24,0.196,0.547,-0.943,96,46.9,5.6,0.59,4/7
H1,accel,GBPCHF,96,2.5,96,-0.008,0.216,-0.628,61,37.7,-0.45,-0.02,3/7
H1,accel,EURCAD,12,1.5,24,0.022,0.006,0.056,1132,54.0,0.09,0.07,3/7
H1,accel,EURCAD,12,1.5,96,-0.044,0.042,-0.218,931,54.8,-0.24,-0.14,4/7
H1,accel,EURCAD,12,2.0,24,0.112,0.188,-0.033,622,54.0,0.64,0.35,4/7
H1,accel,EURCAD,12,2.0,96,0.231,0.354,-0.018,504,55.6,2.23,0.7,5/7
H1,accel,EURCAD,12,2.5,24,0.115,0.194,-0.039,255,55.7,1.09,0.35,3/7
H1,accel,EURCAD,12,2.5,96,0.411,0.047,1.058,229,55.9,6.5,1.26,4/7
H1,accel,EURCAD,24,1.5,24,-0.111,0.23,-0.755,664,48.6,-0.66,-0.35,3/7
H1,accel,EURCAD,24,1.5,96,-0.288,-0.19,-0.496,561,54.5,-2.58,-0.89,2/7
H1,accel,EURCAD,24,2.0,24,0.083,0.323,-0.363,378,48.1,0.67,0.26,3/7
H1,accel,EURCAD,24,2.0,96,0.278,0.148,0.601,333,56.8,3.58,0.86,6/7
H1,accel,EURCAD,24,2.5,24,-0.115,-0.201,0.018,175,41.7,-1.35,-0.35,2/7
H1,accel,EURCAD,24,2.5,96,0.454,0.105,1.144,164,56.1,8.81,1.38,5/7
H1,accel,EURCAD,48,1.5,24,0.498,0.411,0.736,528,50.8,3.57,1.53,5/7
H1,accel,EURCAD,48,1.5,96,0.647,0.485,1.085,352,59.1,8.72,1.99,6/7
H1,accel,EURCAD,48,2.0,24,0.198,0.089,0.457,278,51.4,1.99,0.61,5/7
H1,accel,EURCAD,48,2.0,96,-0.055,-0.211,0.324,218,52.8,-1.02,-0.17,4/7
H1,accel,EURCAD,48,2.5,24,0.643,0.602,0.73,129,58.1,8.96,1.96,5/7
H1,accel,EURCAD,48,2.5,96,0.366,0.328,0.465,117,59.0,10.29,1.1,5/7
H1,accel,EURCAD,96,1.5,24,-0.044,0.099,-0.354,402,52.7,-0.32,-0.13,4/7
H1,accel,EURCAD,96,1.5,96,-0.274,-0.023,-0.98,192,45.3,-5.66,-0.84,2/7
H1,accel,EURCAD,96,2.0,24,0.032,0.083,-0.079,200,51.5,0.33,0.1,3/7
H1,accel,EURCAD,96,2.0,96,-0.13,-0.129,-0.14,123,47.2,-3.05,-0.4,2/7
H1,accel,EURCAD,96,2.5,24,0.117,0.24,-0.155,90,54.4,1.79,0.35,4/7
H1,accel,EURCAD,96,2.5,96,0.172,0.349,-0.2,65,46.2,5.54,0.51,3/7
H1,accel,GBPCAD,12,1.5,24,0.142,0.26,-0.102,1131,54.2,0.59,0.4,5/7
H1,accel,GBPCAD,12,1.5,96,-0.044,0.056,-0.256,929,55.2,-0.27,-0.13,3/7
H1,accel,GBPCAD,12,2.0,24,0.758,0.718,0.887,627,58.2,4.67,2.09,6/7
H1,accel,GBPCAD,12,2.0,96,0.189,0.321,-0.085,484,57.6,2.07,0.58,4/7
H1,accel,GBPCAD,12,2.5,24,0.136,0.217,-0.063,240,54.6,1.64,0.42,4/7
H1,accel,GBPCAD,12,2.5,96,-0.119,-0.219,0.093,210,55.2,-2.29,-0.36,3/7
H1,accel,GBPCAD,24,1.5,24,0.414,0.506,0.222,688,51.5,2.6,1.29,5/7
H1,accel,GBPCAD,24,1.5,96,0.35,0.493,0.031,574,57.8,3.51,1.09,5/7
H1,accel,GBPCAD,24,2.0,24,0.334,0.642,-0.26,364,51.4,2.76,1.03,4/7
H1,accel,GBPCAD,24,2.0,96,-0.306,-0.395,-0.115,324,53.7,-4.86,-0.94,1/7
H1,accel,GBPCAD,24,2.5,24,0.251,0.43,-0.065,176,52.8,2.79,0.77,4/7
H1,accel,GBPCAD,24,2.5,96,-0.168,-0.293,0.101,165,50.3,-3.99,-0.51,3/7
H1,accel,GBPCAD,48,1.5,24,0.034,-0.08,0.276,538,48.9,0.23,0.1,3/7
H1,accel,GBPCAD,48,1.5,96,-0.37,-0.558,0.045,346,54.6,-5.59,-1.12,3/7
H1,accel,GBPCAD,48,2.0,24,-0.264,-0.069,-0.664,257,48.2,-2.68,-0.81,4/7
H1,accel,GBPCAD,48,2.0,96,-0.359,-0.275,-0.55,199,52.3,-7.78,-1.1,3/7
H1,accel,GBPCAD,48,2.5,24,-0.233,-0.284,-0.126,114,47.4,-3.08,-0.7,4/7
H1,accel,GBPCAD,48,2.5,96,-0.556,-0.469,-0.809,103,47.6,-18.49,-1.7,2/7
H1,accel,GBPCAD,96,1.5,24,-0.401,-0.22,-0.804,416,45.4,-3.14,-1.22,2/7
H1,accel,GBPCAD,96,1.5,96,-0.728,-0.454,-1.485,196,44.4,-15.37,-2.24,1/7
H1,accel,GBPCAD,96,2.0,24,-0.206,0.099,-0.985,206,44.7,-2.54,-0.63,4/7
H1,accel,GBPCAD,96,2.0,96,-0.812,-0.666,-1.167,113,35.4,-22.74,-2.53,1/7
H1,accel,GBPCAD,96,2.5,24,-0.24,-0.42,0.212,87,47.1,-4.62,-0.73,3/7
H1,accel,GBPCAD,96,2.5,96,-0.452,-0.613,-0.116,62,37.1,-17.13,-1.39,2/7
H1,accel,AUDCAD,12,1.5,24,-0.584,-0.822,-0.175,1115,51.4,-2.53,-1.78,1/7
H1,accel,AUDCAD,12,1.5,96,-0.545,-0.902,0.097,922,53.9,-3.25,-1.65,2/7
H1,accel,AUDCAD,12,2.0,24,-0.338,-0.914,0.676,620,50.0,-2.29,-1.05,3/7
H1,accel,AUDCAD,12,2.0,96,-0.18,-0.559,0.666,496,53.0,-2.14,-0.59,4/7
H1,accel,AUDCAD,12,2.5,24,-0.058,-0.206,0.214,258,50.8,-0.63,-0.18,3/7
H1,accel,AUDCAD,12,2.5,96,0.184,0.192,0.177,225,53.3,4.35,0.63,4/7
H1,accel,AUDCAD,24,1.5,24,0.237,0.106,0.506,682,51.0,1.62,0.74,6/7
H1,accel,AUDCAD,24,1.5,96,0.305,0.251,0.427,552,55.4,3.23,0.94,5/7
H1,accel,AUDCAD,24,2.0,24,0.187,0.238,0.099,387,49.6,1.64,0.58,5/7
H1,accel,AUDCAD,24,2.0,96,-0.026,0.134,-0.361,334,54.5,-0.41,-0.08,3/7
H1,accel,AUDCAD,24,2.5,24,0.375,0.875,-0.51,166,53.6,5.96,1.14,4/7
H1,accel,AUDCAD,24,2.5,96,0.439,0.89,-0.38,157,58.0,11.69,1.34,4/7
H1,accel,AUDCAD,48,1.5,24,0.305,0.491,-0.012,511,52.8,2.43,0.93,6/7
H1,accel,AUDCAD,48,1.5,96,0.408,0.402,0.419,337,57.3,5.89,1.25,5/7
H1,accel,AUDCAD,48,2.0,24,-0.149,-0.066,-0.319,249,47.4,-1.87,-0.45,3/7
H1,accel,AUDCAD,48,2.0,96,-0.217,-0.124,-0.377,189,52.4,-4.58,-0.66,4/7
H1,accel,AUDCAD,48,2.5,24,0.176,0.264,0.015,114,52.6,3.89,0.53,5/7
H1,accel,AUDCAD,48,2.5,96,-0.448,-0.401,-0.51,95,51.6,-14.14,-1.36,3/7
H1,accel,AUDCAD,96,1.5,24,0.047,-0.011,0.151,420,52.9,0.44,0.14,4/7
H1,accel,AUDCAD,96,1.5,96,-0.029,-0.098,0.096,200,54.0,-0.63,-0.09,3/7
H1,accel,AUDCAD,96,2.0,24,-0.028,-0.025,-0.032,210,52.9,-0.39,-0.09,2/7
H1,accel,AUDCAD,96,2.0,96,-0.174,-0.179,-0.166,129,51.9,-4.77,-0.53,2/7
H1,accel,AUDCAD,96,2.5,24,-0.163,0.061,-0.492,87,46.0,-3.88,-0.48,2/7
H1,accel,AUDCAD,96,2.5,96,-0.217,-0.322,0.002,66,47.0,-10.25,-0.64,3/7
H1,accel,NZDCAD,12,1.5,24,-0.19,-0.477,0.354,1104,53.3,-0.88,-0.59,4/7
H1,accel,NZDCAD,12,1.5,96,-0.277,-0.592,0.314,893,54.9,-1.77,-0.85,3/7
H1,accel,NZDCAD,12,2.0,24,-0.124,-0.087,-0.199,627,50.6,-0.81,-0.38,4/7
H1,accel,NZDCAD,12,2.0,96,-0.147,-0.206,-0.015,483,53.6,-1.82,-0.47,4/7
H1,accel,NZDCAD,12,2.5,24,-0.09,0.003,-0.315,269,46.1,-0.99,-0.28,3/7
H1,accel,NZDCAD,12,2.5,96,0.233,0.419,-0.205,238,53.8,5.22,0.78,6/7
H1,accel,NZDCAD,24,1.5,24,-0.032,0.014,-0.117,696,51.7,-0.21,-0.1,3/7
H1,accel,NZDCAD,24,1.5,96,-0.273,-0.237,-0.354,561,55.8,-2.83,-0.84,2/7
H1,accel,NZDCAD,24,2.0,24,0.06,0.529,-0.766,375,54.4,0.55,0.19,4/7
H1,accel,NZDCAD,24,2.0,96,-0.267,0.034,-0.838,326,54.3,-4.13,-0.82,3/7
H1,accel,NZDCAD,24,2.5,24,0.246,0.495,-0.228,165,52.7,3.17,0.76,4/7
H1,accel,NZDCAD,24,2.5,96,0.013,0.384,-0.7,153,52.3,0.32,0.04,3/7
H1,accel,NZDCAD,48,1.5,24,0.582,0.894,-0.122,515,52.4,4.57,1.79,5/7
H1,accel,NZDCAD,48,1.5,96,0.489,0.848,-0.226,342,57.6,7.86,1.5,4/7
H1,accel,NZDCAD,48,2.0,24,0.545,0.663,0.274,261,54.4,6.97,1.66,5/7
H1,accel,NZDCAD,48,2.0,96,0.345,0.507,-0.009,208,55.8,7.72,1.05,4/7
H1,accel,NZDCAD,48,2.5,24,-0.115,-0.243,0.251,103,42.7,-2.57,-0.35,4/7
H1,accel,NZDCAD,48,2.5,96,-0.25,-0.266,-0.223,92,46.7,-7.95,-0.76,3/7
H1,accel,NZDCAD,96,1.5,24,0.502,0.545,0.428,417,54.7,4.38,1.53,7/7
H1,accel,NZDCAD,96,1.5,96,-0.185,-0.116,-0.362,201,45.8,-4.42,-0.56,2/7
H1,accel,NZDCAD,96,2.0,24,-0.019,0.007,-0.071,194,51.5,-0.23,-0.06,4/7
H1,accel,NZDCAD,96,2.0,96,-0.289,-0.337,-0.195,119,47.1,-8.36,-0.87,3/7
H1,accel,NZDCAD,96,2.5,24,-0.237,-0.174,-0.331,78,46.2,-4.97,-0.7,3/7
H1,accel,NZDCAD,96,2.5,96,-0.291,-0.324,-0.231,59,47.5,-11.92,-0.87,1/7
H1,accel,CADJPY,12,1.5,24,-0.474,-0.693,-0.098,1094,50.9,-3.09,-1.47,3/7
H1,accel,CADJPY,12,1.5,96,-0.545,-0.853,-0.011,902,53.7,-4.87,-1.69,3/7
H1,accel,CADJPY,12,2.0,24,-0.415,-0.661,0.056,628,49.7,-3.69,-1.29,1/7
H1,accel,CADJPY,12,2.0,96,-0.402,-0.267,-0.648,498,55.0,-6.1,-1.26,2/7
H1,accel,CADJPY,12,2.5,24,-0.222,-0.654,0.702,262,46.9,-3.07,-0.68,2/7
H1,accel,CADJPY,12,2.5,96,0.214,-0.02,0.726,221,53.8,5.8,0.65,4/7
H1,accel,CADJPY,24,1.5,24,-0.209,-0.522,0.327,639,50.5,-1.89,-0.64,3/7
H1,accel,CADJPY,24,1.5,96,-0.264,-0.415,0.016,536,55.4,-3.74,-0.81,1/7
H1,accel,CADJPY,24,2.0,24,0.085,-0.059,0.339,366,50.5,1.06,0.26,3/7
H1,accel,CADJPY,24,2.0,96,0.302,0.385,0.147,328,55.5,6.24,0.92,4/7
H1,accel,CADJPY,24,2.5,24,0.278,0.21,0.417,184,52.2,4.84,0.85,5/7
H1,accel,CADJPY,24,2.5,96,0.058,0.179,-0.179,177,54.2,1.93,0.18,4/7
H1,accel,CADJPY,48,1.5,24,0.22,-0.019,0.689,501,49.9,2.23,0.67,3/7
H1,accel,CADJPY,48,1.5,96,0.383,0.23,0.684,324,55.2,8.14,1.17,5/7
H1,accel,CADJPY,48,2.0,24,0.367,0.407,0.297,257,47.9,5.56,1.12,6/7
H1,accel,CADJPY,48,2.0,96,0.408,0.645,0.039,204,54.9,10.63,1.25,5/7
H1,accel,CADJPY,48,2.5,24,0.26,0.028,0.633,121,47.9,5.57,0.79,5/7
H1,accel,CADJPY,48,2.5,96,0.085,-0.135,0.348,101,51.5,3.26,0.26,2/7
H1,accel,CADJPY,96,1.5,24,0.3,0.33,0.249,377,50.7,3.56,0.92,4/7
H1,accel,CADJPY,96,1.5,96,-0.036,0.135,-0.416,175,51.4,-1.13,-0.11,4/7
H1,accel,CADJPY,96,2.0,24,-0.065,0.154,-0.56,180,50.0,-1.08,-0.2,4/7
H1,accel,CADJPY,96,2.0,96,0.04,0.116,-0.107,114,52.6,1.63,0.12,4/7
H1,accel,CADJPY,96,2.5,24,0.145,0.093,0.291,71,54.9,4.12,0.42,3/7
H1,accel,CADJPY,96,2.5,96,0.253,0.1,0.537,52,55.8,15.89,0.74,4/7
H1,accel,EURUSD,12,1.5,24,0.224,0.461,-0.197,1434,53.1,0.81,0.69,3/7
H1,accel,EURUSD,12,1.5,96,0.39,0.608,-0.004,1161,54.4,1.97,1.18,4/7
H1,accel,EURUSD,12,2.0,24,-0.082,0.237,-0.662,777,52.6,-0.41,-0.26,4/7
H1,accel,EURUSD,12,2.0,96,0.521,0.713,0.164,635,56.9,4.3,1.58,5/7
H1,accel,EURUSD,12,2.5,24,-0.272,-0.118,-0.589,303,51.2,-2.36,-0.83,5/7
H1,accel,EURUSD,12,2.5,96,-0.128,0.132,-0.625,262,51.1,-2.11,-0.39,2/7
H1,accel,EURUSD,24,1.5,24,-0.524,-0.599,-0.395,845,48.9,-2.73,-1.62,1/7
H1,accel,EURUSD,24,1.5,96,-0.563,-0.78,-0.147,713,54.8,-4.7,-1.74,2/7
H1,accel,EURUSD,24,2.0,24,-0.307,-0.262,-0.388,480,46.5,-2.11,-0.94,3/7
H1,accel,EURUSD,24,2.0,96,-0.495,-0.509,-0.476,420,51.4,-6.36,-1.53,4/7
H1,accel,EURUSD,24,2.5,24,-0.18,-0.187,-0.168,235,48.9,-1.78,-0.55,2/7
H1,accel,EURUSD,24,2.5,96,-0.27,-0.431,0.024,225,48.9,-5.04,-0.83,3/7
H1,accel,EURUSD,48,1.5,24,-0.03,0.106,-0.263,639,48.5,-0.17,-0.09,3/7
H1,accel,EURUSD,48,1.5,96,-0.022,-0.246,0.401,426,55.2,-0.27,-0.07,4/7
H1,accel,EURUSD,48,2.0,24,0.26,0.294,0.203,320,48.1,2.34,0.8,4/7
H1,accel,EURUSD,48,2.0,96,0.135,0.02,0.346,250,55.6,2.51,0.41,4/7
H1,accel,EURUSD,48,2.5,24,0.11,0.131,0.076,139,46.8,1.46,0.33,4/7
H1,accel,EURUSD,48,2.5,96,-0.171,-0.378,0.211,124,50.0,-5.04,-0.52,3/7
H1,accel,EURUSD,96,1.5,24,-0.395,-0.569,-0.089,510,47.3,-2.84,-1.21,3/7
H1,accel,EURUSD,96,1.5,96,0.017,0.072,-0.088,238,53.4,0.32,0.05,3/7
H1,accel,EURUSD,96,2.0,24,-0.31,-0.522,0.069,246,47.2,-3.44,-0.95,3/7
H1,accel,EURUSD,96,2.0,96,0.06,-0.212,0.575,143,51.7,1.58,0.18,4/7
H1,accel,EURUSD,96,2.5,24,-0.582,-0.506,-0.717,94,40.4,-10.11,-1.79,1/7
H1,accel,EURUSD,96,2.5,96,-0.184,-0.064,-0.373,71,40.8,-6.64,-0.56,2/7
H1,accel,GBPUSD,12,1.5,24,-0.065,-0.102,0.015,1470,54.3,-0.27,-0.18,2/7
H1,accel,GBPUSD,12,1.5,96,-0.191,-0.231,-0.108,1192,54.1,-1.13,-0.59,2/7
H1,accel,GBPUSD,12,2.0,24,-0.068,-0.173,0.184,781,52.4,-0.44,-0.2,4/7
H1,accel,GBPUSD,12,2.0,96,-0.115,-0.294,0.317,605,53.6,-1.28,-0.35,4/7
H1,accel,GBPUSD,12,2.5,24,0.269,-0.077,0.931,312,53.2,2.59,0.83,4/7
H1,accel,GBPUSD,12,2.5,96,0.093,-0.233,0.8,263,55.9,1.77,0.28,4/7
H1,accel,GBPUSD,24,1.5,24,-0.813,-1.115,-0.19,840,47.3,-5.11,-2.54,1/7
H1,accel,GBPUSD,24,1.5,96,-0.576,-0.874,0.087,704,53.1,-5.49,-1.77,1/7
H1,accel,GBPUSD,24,2.0,24,-0.368,-0.517,-0.051,487,48.9,-2.93,-1.13,2/7
H1,accel,GBPUSD,24,2.0,96,-0.409,-0.536,-0.136,435,54.3,-5.74,-1.26,3/7
H1,accel,GBPUSD,24,2.5,24,-0.294,-0.569,0.398,240,44.6,-3.26,-0.9,2/7
H1,accel,GBPUSD,24,2.5,96,-0.596,-0.663,-0.49,232,49.1,-12.26,-1.83,3/7
H1,accel,GBPUSD,48,1.5,24,0.093,0.124,0.026,640,51.2,0.73,0.28,3/7
H1,accel,GBPUSD,48,1.5,96,0.026,0.046,-0.018,412,55.8,0.42,0.08,3/7
H1,accel,GBPUSD,48,2.0,24,0.396,0.443,0.311,315,51.4,4.42,1.22,5/7
H1,accel,GBPUSD,48,2.0,96,-0.224,-0.094,-0.517,256,51.6,-4.82,-0.68,3/7
H1,accel,GBPUSD,48,2.5,24,0.353,0.639,-0.333,123,52.0,5.44,1.07,3/7
H1,accel,GBPUSD,48,2.5,96,-0.262,-0.52,0.471,110,55.5,-10.59,-0.79,4/7
H1,accel,GBPUSD,96,1.5,24,-0.714,-0.606,-1.027,488,45.5,-6.3,-2.19,2/7
H1,accel,GBPUSD,96,1.5,96,-0.25,-0.183,-0.415,236,51.7,-6.1,-0.76,4/7
H1,accel,GBPUSD,96,2.0,24,-0.8,-0.725,-1.088,244,43.0,-10.95,-2.46,2/7
H1,accel,GBPUSD,96,2.0,96,-0.268,-0.046,-0.925,144,45.8,-9.93,-0.82,4/7
H1,accel,GBPUSD,96,2.5,24,-0.464,-0.57,-0.223,107,42.1,-9.41,-1.42,3/7
H1,accel,GBPUSD,96,2.5,96,-0.204,-0.141,-0.5,74,50.0,-13.12,-0.62,2/7
H1,accel,USDCHF,12,1.5,24,-0.38,-0.203,-0.662,1292,52.9,-1.65,-1.2,2/7
H1,accel,USDCHF,12,1.5,96,-0.375,-0.137,-0.755,1040,54.5,-2.32,-1.16,2/7
H1,accel,USDCHF,12,2.0,24,-0.198,-0.38,0.061,712,52.1,-1.19,-0.61,3/7
H1,accel,USDCHF,12,2.0,96,0.132,0.299,-0.11,571,55.7,1.45,0.41,5/7
H1,accel,USDCHF,12,2.5,24,-0.158,-0.437,0.193,298,54.4,-1.58,-0.48,3/7
H1,accel,USDCHF,12,2.5,96,0.204,0.61,-0.439,262,53.1,3.79,0.62,4/7
H1,accel,USDCHF,24,1.5,24,-0.358,-0.646,0.06,787,49.9,-2.16,-1.13,2/7
H1,accel,USDCHF,24,1.5,96,-0.538,-1.063,0.311,640,53.6,-5.23,-1.67,4/7
H1,accel,USDCHF,24,2.0,24,-0.439,-0.765,-0.014,450,48.4,-3.71,-1.35,3/7
H1,accel,USDCHF,24,2.0,96,-0.47,-0.671,-0.156,395,50.9,-6.51,-1.45,3/7
H1,accel,USDCHF,24,2.5,24,-0.619,-0.666,-0.555,212,46.2,-6.97,-1.91,3/7
H1,accel,USDCHF,24,2.5,96,-0.699,-0.677,-0.733,198,42.4,-15.47,-2.16,1/7
H1,accel,USDCHF,48,1.5,24,-0.48,-0.74,-0.038,571,48.5,-3.33,-1.47,3/7
H1,accel,USDCHF,48,1.5,96,-0.55,-0.872,0.004,360,50.8,-8.56,-1.7,3/7
H1,accel,USDCHF,48,2.0,24,-0.421,-0.78,0.206,300,47.0,-4.5,-1.29,3/7
H1,accel,USDCHF,48,2.0,96,-0.142,-0.546,0.526,228,50.9,-3.09,-0.43,5/7
H1,accel,USDCHF,48,2.5,24,-0.193,-0.135,-0.286,129,45.7,-3.12,-0.59,2/7
H1,accel,USDCHF,48,2.5,96,-0.324,-0.101,-0.73,115,50.4,-11.1,-0.99,2/7
H1,accel,USDCHF,96,1.5,24,-0.435,-0.488,-0.353,457,46.6,-3.93,-1.33,2/7
H1,accel,USDCHF,96,1.5,96,0.114,-0.113,0.458,215,53.5,2.62,0.35,5/7
H1,accel,USDCHF,96,2.0,24,-0.661,-0.638,-0.701,229,47.2,-8.42,-2.03,1/7
H1,accel,USDCHF,96,2.0,96,-0.21,-0.275,-0.092,136,48.5,-6.26,-0.64,2/7
H1,accel,USDCHF,96,2.5,24,-0.355,-0.584,0.258,96,53.1,-7.16,-1.08,3/7
H1,accel,USDCHF,96,2.5,96,-0.218,-0.346,0.017,70,55.7,-9.74,-0.66,2/7
H1,hl_range,EURGBP,10,1.5,24,-0.557,-0.277,-1.445,2491,40.5,-1.15,-1.68,1/7
H1,hl_range,EURGBP,10,1.5,96,-0.694,-0.445,-1.552,2343,40.1,-1.51,-2.07,1/7
H1,hl_range,EURGBP,10,2.0,24,-0.115,0.089,-0.719,995,44.2,-0.48,-0.35,3/7
H1,hl_range,EURGBP,10,2.0,96,-0.208,-0.015,-0.806,746,39.7,-1.3,-0.65,2/7
H1,hl_range,EURGBP,10,2.5,24,-0.182,-0.177,-0.207,433,49.7,-1.18,-0.55,1/7
H1,hl_range,EURGBP,10,2.5,96,-0.02,0.235,-0.649,325,46.2,-0.26,-0.06,2/7
H1,hl_range,EURGBP,20,1.5,24,-0.657,-0.546,-1.023,2248,41.5,-1.46,-1.96,1/7
H1,hl_range,EURGBP,20,1.5,96,-0.633,-0.469,-1.158,2028,40.9,-1.56,-1.86,1/7
H1,hl_range,EURGBP,20,2.0,24,-0.294,-0.026,-1.029,951,44.6,-1.19,-0.91,2/7
H1,hl_range,EURGBP,20,2.0,96,-0.372,-0.086,-1.234,711,39.5,-2.63,-1.14,2/7
H1,hl_range,EURGBP,20,2.5,24,-0.358,-0.034,-1.262,447,44.7,-2.55,-1.11,2/7
H1,hl_range,EURGBP,20,2.5,96,-0.497,-0.415,-0.716,335,39.4,-6.36,-1.53,2/7
H1,hl_range,EURGBP,40,1.5,24,-0.855,-0.605,-1.615,2251,40.9,-1.82,-2.45,1/7
H1,hl_range,EURGBP,40,1.5,96,-0.735,-0.584,-1.261,2026,40.5,-1.81,-2.11,1/7
H1,hl_range,EURGBP,40,2.0,24,-0.369,-0.278,-0.694,1001,43.2,-1.53,-1.15,1/7
H1,hl_range,EURGBP,40,2.0,96,-0.431,-0.364,-0.699,784,38.6,-2.75,-1.32,1/7
H1,hl_range,EURGBP,40,2.5,24,-0.581,-0.459,-0.956,500,44.8,-3.57,-1.84,2/7
H1,hl_range,EURGBP,40,2.5,96,-0.407,-0.297,-0.719,392,36.7,-4.58,-1.26,2/7
H1,hl_range,EURGBP,80,1.5,24,-0.63,-0.279,-1.644,2257,41.7,-1.26,-1.77,2/7
H1,hl_range,EURGBP,80,1.5,96,-0.543,-0.232,-1.483,2046,41.1,-1.24,-1.51,1/7
H1,hl_range,EURGBP,80,2.0,24,-0.577,-0.529,-0.77,1035,43.0,-2.15,-1.66,1/7
H1,hl_range,EURGBP,80,2.0,96,-0.614,-0.516,-0.968,830,38.3,-3.41,-1.76,1/7
H1,hl_range,EURGBP,80,2.5,24,-0.408,-0.263,-0.87,539,46.0,-2.55,-1.34,1/7
H1,hl_range,EURGBP,80,2.5,96,-0.392,-0.334,-0.633,429,37.8,-4.36,-1.26,1/7
H1,hl_range,EURAUD,10,1.5,24,-0.018,0.364,-0.892,1998,43.1,-0.06,-0.06,3/7
H1,hl_range,EURAUD,10,1.5,96,-0.081,0.194,-0.693,1776,42.0,-0.31,-0.24,3/7
H1,hl_range,EURAUD,10,2.0,24,0.029,0.356,-0.608,777,48.1,0.19,0.09,4/7
H1,hl_range,EURAUD,10,2.0,96,-0.112,0.202,-0.68,548,45.6,-1.33,-0.34,3/7
H1,hl_range,EURAUD,10,2.5,24,-0.311,0.106,-1.217,337,46.3,-3.13,-0.95,2/7
H1,hl_range,EURAUD,10,2.5,96,-0.774,-0.494,-1.232,264,43.6,-13.86,-2.41,2/7
H1,hl_range,EURAUD,20,1.5,24,-0.229,-0.123,-0.476,2004,42.5,-0.76,-0.69,1/7
H1,hl_range,EURAUD,20,1.5,96,-0.33,-0.167,-0.707,1765,41.0,-1.29,-0.97,1/7
H1,hl_range,EURAUD,20,2.0,24,-0.012,0.643,-1.472,915,45.2,-0.07,-0.04,3/7
H1,hl_range,EURAUD,20,2.0,96,-0.256,0.144,-0.953,651,43.9,-2.64,-0.78,2/7
H1,hl_range,EURAUD,20,2.5,24,-0.426,-0.234,-0.857,410,42.4,-4.16,-1.3,1/7
H1,hl_range,EURAUD,20,2.5,96,-0.472,-0.611,-0.228,318,42.8,-8.63,-1.46,2/7
H1,hl_range,EURAUD,40,1.5,24,-0.249,0.166,-1.129,2076,43.4,-0.76,-0.74,3/7
H1,hl_range,EURAUD,40,1.5,96,-0.34,0.068,-1.211,1841,41.7,-1.21,-0.99,3/7
H1,hl_range,EURAUD,40,2.0,24,-0.105,0.498,-1.333,929,45.3,-0.65,-0.33,3/7
H1,hl_range,EURAUD,40,2.0,96,-0.121,0.54,-1.467,704,41.3,-1.15,-0.36,3/7
H1,hl_range,EURAUD,40,2.5,24,-0.507,-0.482,-0.587,435,44.1,-4.74,-1.55,1/7
H1,hl_range,EURAUD,40,2.5,96,-0.45,-0.597,-0.19,340,43.8,-7.82,-1.38,2/7
H1,hl_range,EURAUD,80,1.5,24,-0.216,0.093,-0.828,2101,43.6,-0.62,-0.62,3/7
H1,hl_range,EURAUD,80,1.5,96,-0.321,-0.048,-0.886,1867,41.8,-1.1,-0.92,3/7
H1,hl_range,EURAUD,80,2.0,24,-0.181,0.498,-1.532,944,44.2,-1.03,-0.56,3/7
H1,hl_range,EURAUD,80,2.0,96,-0.159,0.501,-1.52,722,41.1,-1.52,-0.5,3/7
H1,hl_range,EURAUD,80,2.5,24,-0.668,-0.457,-1.256,456,43.0,-6.13,-2.01,1/7
H1,hl_range,EURAUD,80,2.5,96,-0.537,-0.455,-0.724,363,41.6,-8.59,-1.62,1/7
H1,hl_range,EURNZD,10,1.5,24,-0.421,-0.049,-1.263,2018,41.6,-1.29,-1.27,1/7
H1,hl_range,EURNZD,10,1.5,96,-0.395,-0.049,-1.105,1790,41.7,-1.34,-1.16,1/7
H1,hl_range,EURNZD,10,2.0,24,-0.609,-0.443,-0.974,763,44.0,-3.81,-1.89,2/7
H1,hl_range,EURNZD,10,2.0,96,-0.316,-0.13,-0.65,562,40.7,-3.4,-0.98,1/7
H1,hl_range,EURNZD,10,2.5,24,-0.163,0.128,-0.798,329,48.3,-1.61,-0.5,3/7
H1,hl_range,EURNZD,10,2.5,96,-0.505,-0.412,-0.654,257,44.4,-9.78,-1.56,2/7
H1,hl_range,EURNZD,20,1.5,24,-0.085,0.144,-0.606,1977,43.0,-0.27,-0.25,3/7
H1,hl_range,EURNZD,20,1.5,96,-0.082,0.104,-0.483,1729,41.5,-0.3,-0.24,3/7
H1,hl_range,EURNZD,20,2.0,24,-0.596,0.054,-2.029,867,41.8,-3.42,-1.84,2/7
H1,hl_range,EURNZD,20,2.0,96,-0.717,-0.392,-1.317,642,38.6,-7.31,-2.24,1/7
H1,hl_range,EURNZD,20,2.5,24,-0.413,-0.048,-1.188,400,44.2,-3.73,-1.28,2/7
H1,hl_range,EURNZD,20,2.5,96,-0.632,-0.624,-0.647,314,40.8,-10.96,-1.98,1/7
H1,hl_range,EURNZD,40,1.5,24,-0.213,0.173,-1.169,2002,42.8,-0.68,-0.65,4/7
H1,hl_range,EURNZD,40,1.5,96,-0.18,0.115,-0.868,1757,41.3,-0.67,-0.54,4/7
H1,hl_range,EURNZD,40,2.0,24,-0.403,0.028,-1.316,894,44.5,-2.24,-1.18,1/7
H1,hl_range,EURNZD,40,2.0,96,-0.34,-0.165,-0.714,682,42.5,-2.97,-1.0,3/7
H1,hl_range,EURNZD,40,2.5,24,-0.418,0.125,-1.621,443,45.6,-3.61,-1.29,2/7
H1,hl_range,EURNZD,40,2.5,96,-0.51,-0.172,-1.083,359,39.6,-8.15,-1.59,1/7
H1,hl_range,EURNZD,80,1.5,24,-0.146,0.307,-1.212,2053,43.9,-0.44,-0.43,5/7
H1,hl_range,EURNZD,80,1.5,96,-0.219,0.182,-1.205,1814,42.1,-0.79,-0.65,3/7
H1,hl_range,EURNZD,80,2.0,24,-0.652,-0.111,-1.91,928,42.9,-3.44,-1.88,2/7
H1,hl_range,EURNZD,80,2.0,96,-0.64,-0.402,-1.124,722,39.2,-5.24,-1.86,2/7
H1,hl_range,EURNZD,80,2.5,24,-0.535,-0.162,-1.303,460,44.3,-4.64,-1.68,1/7
H1,hl_range,EURNZD,80,2.5,96,-0.597,-0.445,-0.942,382,39.5,-10.74,-2.01,1/7
H1,hl_range,GBPAUD,10,1.5,24,-0.072,0.121,-0.496,1967,42.7,-0.22,-0.22,4/7
H1,hl_range,GBPAUD,10,1.5,96,-0.168,-0.057,-0.411,1759,41.9,-0.57,-0.5,4/7
H1,hl_range,GBPAUD,10,2.0,24,-0.381,-0.447,-0.25,742,46.5,-2.52,-1.21,2/7
H1,hl_range,GBPAUD,10,2.0,96,-0.23,-0.136,-0.434,542,44.8,-2.52,-0.72,3/7
H1,hl_range,GBPAUD,10,2.5,24,-0.899,-0.863,-1.062,312,43.3,-9.32,-2.79,1/7
H1,hl_range,GBPAUD,10,2.5,96,-0.676,-0.806,-0.474,241,39.4,-11.68,-2.12,2/7
H1,hl_range,GBPAUD,20,1.5,24,-0.031,0.093,-0.317,1979,43.8,-0.1,-0.1,4/7
H1,hl_range,GBPAUD,20,1.5,96,-0.183,-0.05,-0.495,1739,42.3,-0.66,-0.55,4/7
H1,hl_range,GBPAUD,20,2.0,24,-0.412,-0.429,-0.391,834,45.2,-2.48,-1.28,1/7
H1,hl_range,GBPAUD,20,2.0,96,-0.297,-0.347,-0.199,597,43.4,-2.95,-0.91,3/7
H1,hl_range,GBPAUD,20,2.5,24,-0.976,-0.996,-1.013,387,42.6,-10.35,-3.15,0/7
H1,hl_range,GBPAUD,20,2.5,96,-0.946,-1.164,-0.55,299,41.1,-17.15,-3.01,1/7
H1,hl_range,GBPAUD,40,1.5,24,-0.025,0.036,-0.159,1993,45.1,-0.08,-0.08,5/7
H1,hl_range,GBPAUD,40,1.5,96,-0.065,-0.012,-0.176,1751,43.1,-0.23,-0.2,5/7
H1,hl_range,GBPAUD,40,2.0,24,-0.185,-0.135,-0.31,840,47.1,-1.13,-0.59,4/7
H1,hl_range,GBPAUD,40,2.0,96,-0.153,-0.022,-0.442,627,44.8,-1.48,-0.48,2/7
H1,hl_range,GBPAUD,40,2.5,24,-0.609,-0.568,-0.721,422,43.6,-5.21,-1.88,1/7
H1,hl_range,GBPAUD,40,2.5,96,-0.799,-0.886,-0.643,335,42.4,-12.76,-2.48,2/7
H1,hl_range,GBPAUD,80,1.5,24,-0.103,-0.243,0.192,2020,45.4,-0.31,-0.32,4/7
H1,hl_range,GBPAUD,80,1.5,96,-0.157,-0.34,0.212,1783,43.8,-0.54,-0.47,4/7
H1,hl_range,GBPAUD,80,2.0,24,-0.292,-0.193,-0.542,887,45.0,-1.66,-0.92,1/7
H1,hl_range,GBPAUD,80,2.0,96,-0.042,0.016,-0.168,666,44.4,-0.39,-0.13,3/7
H1,hl_range,GBPAUD,80,2.5,24,-0.699,-0.675,-0.8,443,42.9,-6.28,-2.25,1/7
H1,hl_range,GBPAUD,80,2.5,96,-0.804,-0.782,-0.892,354,43.5,-12.3,-2.56,1/7
H1,hl_range,GBPNZD,10,1.5,24,-0.705,-0.738,-0.671,2031,41.7,-2.2,-2.21,2/7
H1,hl_range,GBPNZD,10,1.5,96,-0.657,-0.831,-0.289,1817,40.8,-2.25,-2.03,2/7
H1,hl_range,GBPNZD,10,2.0,24,-0.952,-0.933,-1.046,726,41.9,-6.06,-2.96,2/7
H1,hl_range,GBPNZD,10,2.0,96,-0.832,-0.843,-0.848,519,39.9,-9.28,-2.58,0/7
H1,hl_range,GBPNZD,10,2.5,24,-0.879,-1.063,-0.491,318,42.1,-9.33,-2.73,2/7
H1,hl_range,GBPNZD,10,2.5,96,-0.804,-1.074,-0.267,250,40.4,-14.86,-2.5,1/7
H1,hl_range,GBPNZD,20,1.5,24,-0.479,-0.626,-0.147,2021,42.3,-1.46,-1.51,2/7
H1,hl_range,GBPNZD,20,1.5,96,-0.345,-0.571,0.147,1775,40.8,-1.22,-1.05,4/7
H1,hl_range,GBPNZD,20,2.0,24,-0.994,-0.806,-1.595,843,41.6,-5.71,-3.13,0/7
H1,hl_range,GBPNZD,20,2.0,96,-0.731,-0.884,-0.416,620,40.3,-7.04,-2.3,0/7
H1,hl_range,GBPNZD,20,2.5,24,-0.508,-0.508,-0.578,379,44.6,-5.28,-1.58,2/7
H1,hl_range,GBPNZD,20,2.5,96,-0.809,-0.867,-0.72,292,39.7,-14.36,-2.53,1/7
H1,hl_range,GBPNZD,40,1.5,24,-0.585,-0.735,-0.265,2023,41.5,-1.77,-1.82,2/7
H1,hl_range,GBPNZD,40,1.5,96,-0.582,-0.858,0.011,1801,40.1,-2.07,-1.79,2/7
H1,hl_range,GBPNZD,40,2.0,24,-0.648,-0.49,-1.11,868,42.1,-3.76,-2.05,2/7
H1,hl_range,GBPNZD,40,2.0,96,-0.889,-0.994,-0.695,661,37.2,-8.21,-2.81,1/7
H1,hl_range,GBPNZD,40,2.5,24,-0.462,-0.305,-0.935,414,44.9,-4.27,-1.45,1/7
H1,hl_range,GBPNZD,40,2.5,96,-0.905,-1.028,-0.672,335,37.9,-14.36,-2.84,2/7
H1,hl_range,GBPNZD,80,1.5,24,-0.541,-0.77,-0.027,2010,41.8,-1.6,-1.61,2/7
H1,hl_range,GBPNZD,80,1.5,96,-0.651,-0.925,-0.081,1796,39.9,-2.21,-1.91,2/7
H1,hl_range,GBPNZD,80,2.0,24,-0.505,-0.36,-0.893,879,42.7,-2.9,-1.6,2/7
H1,hl_range,GBPNZD,80,2.0,96,-0.46,-0.624,-0.104,683,40.8,-4.18,-1.47,2/7
H1,hl_range,GBPNZD,80,2.5,24,-0.528,-0.478,-0.731,434,44.0,-5.07,-1.75,2/7
H1,hl_range,GBPNZD,80,2.5,96,-0.658,-0.683,-0.645,352,40.1,-10.58,-2.15,1/7
H1,hl_range,AUDNZD,10,1.5,24,-0.846,-0.514,-1.527,1834,42.6,-1.75,-2.63,2/7
H1,hl_range,AUDNZD,10,1.5,96,-0.651,-0.323,-1.338,1579,42.5,-1.63,-2.02,3/7
H1,hl_range,AUDNZD,10,2.0,24,-0.359,-0.926,0.78,644,45.8,-1.51,-1.1,2/7
H1,hl_range,AUDNZD,10,2.0,96,-0.455,-1.012,0.723,473,46.7,-3.42,-1.4,3/7
H1,hl_range,AUDNZD,10,2.5,24,-0.511,-0.892,0.229,284,46.5,-3.4,-1.56,3/7
H1,hl_range,AUDNZD,10,2.5,96,-0.631,-0.863,-0.25,222,42.3,-7.84,-1.94,2/7
H1,hl_range,AUDNZD,20,1.5,24,-0.772,-0.518,-1.264,1838,42.2,-1.54,-2.38,1/7
H1,hl_range,AUDNZD,20,1.5,96,-0.692,-0.49,-1.103,1568,42.5,-1.68,-2.09,1/7
H1,hl_range,AUDNZD,20,2.0,24,-0.542,-0.814,-0.031,769,44.2,-2.0,-1.69,2/7
H1,hl_range,AUDNZD,20,2.0,96,-0.862,-1.073,-0.462,553,44.1,-5.87,-2.69,2/7
H1,hl_range,AUDNZD,20,2.5,24,-0.471,-1.039,0.566,348,46.0,-2.74,-1.44,4/7
H1,hl_range,AUDNZD,20,2.5,96,-0.46,-0.878,0.304,270,44.4,-5.02,-1.41,4/7
H1,hl_range,AUDNZD,40,1.5,24,-0.638,-0.523,-0.878,1900,42.3,-1.22,-1.96,2/7
H1,hl_range,AUDNZD,40,1.5,96,-0.747,-0.628,-1.024,1646,41.8,-1.74,-2.23,1/7
H1,hl_range,AUDNZD,40,2.0,24,-0.691,-1.027,-0.042,784,43.6,-2.47,-2.15,2/7
H1,hl_range,AUDNZD,40,2.0,96,-0.907,-1.173,-0.392,593,43.7,-5.5,-2.79,2/7
H1,hl_range,AUDNZD,40,2.5,24,-0.233,-0.55,0.362,389,47.3,-1.26,-0.72,4/7
H1,hl_range,AUDNZD,40,2.5,96,-0.408,-0.714,0.174,310,43.9,-4.01,-1.25,4/7
H1,hl_range,AUDNZD,80,1.5,24,-0.724,-0.629,-0.925,1925,42.0,-1.38,-2.23,1/7
H1,hl_range,AUDNZD,80,1.5,96,-0.707,-0.541,-1.065,1677,41.6,-1.67,-2.16,2/7
H1,hl_range,AUDNZD,80,2.0,24,-0.652,-0.998,0.022,819,44.3,-2.23,-2.04,2/7
H1,hl_range,AUDNZD,80,2.0,96,-0.713,-1.022,-0.114,636,43.9,-4.06,-2.17,2/7
H1,hl_range,AUDNZD,80,2.5,24,-0.302,-0.685,0.41,411,45.7,-1.59,-0.93,3/7
H1,hl_range,AUDNZD,80,2.5,96,-0.501,-0.856,0.141,330,43.3,-4.58,-1.53,3/7
H1,hl_range,EURCHF,10,1.5,24,-1.153,-1.118,-1.218,2502,40.1,-1.91,-3.45,0/7
H1,hl_range,EURCHF,10,1.5,96,-1.154,-1.153,-1.156,2350,39.1,-2.01,-3.36,0/7
H1,hl_range,EURCHF,10,2.0,24,-0.483,-0.142,-1.071,976,43.9,-1.68,-1.49,2/7
H1,hl_range,EURCHF,10,2.0,96,-0.399,-0.22,-0.704,744,42.3,-2.11,-1.21,3/7
H1,hl_range,EURCHF,10,2.5,24,-0.181,0.185,-0.843,412,45.1,-1.1,-0.55,2/7
H1,hl_range,EURCHF,10,2.5,96,-0.219,-0.143,-0.336,307,42.7,-2.53,-0.67,2/7
H1,hl_range,EURCHF,20,1.5,24,-0.796,-0.563,-1.196,2234,40.6,-1.4,-2.31,1/7
H1,hl_range,EURCHF,20,1.5,96,-0.733,-0.576,-0.994,2014,39.1,-1.41,-2.07,1/7
H1,hl_range,EURCHF,20,2.0,24,-0.549,-0.321,-0.948,957,42.6,-1.96,-1.7,1/7
H1,hl_range,EURCHF,20,2.0,96,-0.576,-0.648,-0.455,717,41.6,-3.15,-1.76,1/7
H1,hl_range,EURCHF,20,2.5,24,-0.373,-0.066,-0.872,447,43.2,-2.18,-1.14,3/7
H1,hl_range,EURCHF,20,2.5,96,-0.594,-0.379,-0.958,340,39.7,-6.34,-1.83,3/7
H1,hl_range,EURCHF,40,1.5,24,-1.143,-1.087,-1.238,2264,40.1,-1.98,-3.3,0/7
H1,hl_range,EURCHF,40,1.5,96,-1.051,-1.007,-1.124,2047,39.1,-2.02,-2.98,1/7
H1,hl_range,EURCHF,40,2.0,24,-0.485,-0.409,-0.615,994,40.3,-1.63,-1.48,2/7
H1,hl_range,EURCHF,40,2.0,96,-0.531,-0.603,-0.406,776,38.4,-2.74,-1.64,2/7
H1,hl_range,EURCHF,40,2.5,24,-0.071,-0.039,-0.124,481,45.7,-0.4,-0.22,4/7
H1,hl_range,EURCHF,40,2.5,96,-0.373,-0.47,-0.211,371,42.0,-3.61,-1.15,3/7
H1,hl_range,EURCHF,80,1.5,24,-0.811,-0.771,-0.877,2297,41.4,-1.34,-2.31,2/7
H1,hl_range,EURCHF,80,1.5,96,-0.816,-0.736,-0.945,2096,39.6,-1.53,-2.28,2/7
H1,hl_range,EURCHF,80,2.0,24,-0.418,-0.224,-0.753,1018,40.7,-1.36,-1.27,1/7
H1,hl_range,EURCHF,80,2.0,96,-0.272,-0.323,-0.184,797,38.9,-1.34,-0.83,3/7
H1,hl_range,EURCHF,80,2.5,24,-0.247,-0.311,-0.145,510,45.1,-1.35,-0.76,3/7
H1,hl_range,EURCHF,80,2.5,96,-0.506,-0.624,-0.297,392,39.8,-5.09,-1.59,1/7
H1,hl_range,GBPCHF,10,1.5,24,-0.159,0.107,-0.749,2481,42.3,-0.4,-0.49,3/7
H1,hl_range,GBPCHF,10,1.5,96,-0.088,0.132,-0.551,2313,42.5,-0.24,-0.27,3/7
H1,hl_range,GBPCHF,10,2.0,24,0.047,0.427,-0.781,1035,45.5,0.25,0.15,3/7
H1,hl_range,GBPCHF,10,2.0,96,0.197,0.367,-0.153,776,43.2,1.53,0.61,4/7
H1,hl_range,GBPCHF,10,2.5,24,-0.427,-0.218,-0.828,430,45.3,-3.49,-1.31,2/7
H1,hl_range,GBPCHF,10,2.5,96,-0.452,-0.63,-0.161,321,43.6,-7.08,-1.39,1/7
H1,hl_range,GBPCHF,20,1.5,24,-0.143,-0.031,-0.398,2241,41.9,-0.37,-0.42,2/7
H1,hl_range,GBPCHF,20,1.5,96,-0.02,0.056,-0.193,2016,41.4,-0.06,-0.06,3/7
H1,hl_range,GBPCHF,20,2.0,24,0.227,0.583,-0.558,949,46.6,1.2,0.7,5/7
H1,hl_range,GBPCHF,20,2.0,96,0.29,0.449,-0.028,703,43.7,2.59,0.89,4/7
H1,hl_range,GBPCHF,20,2.5,24,-0.342,0.12,-1.318,439,43.3,-3.12,-1.05,3/7
H1,hl_range,GBPCHF,20,2.5,96,-0.265,-0.133,-0.474,322,43.2,-4.37,-0.82,4/7
H1,hl_range,GBPCHF,40,1.5,24,0.139,0.581,-0.819,2265,43.1,0.37,0.42,4/7
H1,hl_range,GBPCHF,40,1.5,96,0.138,0.536,-0.726,2055,42.1,0.43,0.41,3/7
H1,hl_range,GBPCHF,40,2.0,24,0.454,0.718,-0.11,985,46.7,2.31,1.43,5/7
H1,hl_range,GBPCHF,40,2.0,96,0.451,0.585,0.191,754,44.7,3.77,1.39,5/7
H1,hl_range,GBPCHF,40,2.5,24,-0.201,0.179,-0.972,477,46.5,-1.69,-0.62,3/7
H1,hl_range,GBPCHF,40,2.5,96,-0.157,-0.159,-0.153,355,42.8,-2.4,-0.48,5/7
H1,hl_range,GBPCHF,80,1.5,24,-0.125,0.011,-0.455,2303,42.2,-0.32,-0.36,2/7
H1,hl_range,GBPCHF,80,1.5,96,-0.087,0.01,-0.307,2093,41.4,-0.24,-0.24,3/7
H1,hl_range,GBPCHF,80,2.0,24,0.063,0.486,-0.879,1013,46.0,0.31,0.19,4/7
H1,hl_range,GBPCHF,80,2.0,96,0.153,0.538,-0.704,804,43.0,1.18,0.48,5/7
H1,hl_range,GBPCHF,80,2.5,24,-0.016,0.199,-0.449,500,46.6,-0.14,-0.05,5/7
H1,hl_range,GBPCHF,80,2.5,96,0.297,0.299,0.295,382,44.0,4.63,0.95,5/7
H1,hl_range,EURCAD,10,1.5,24,-0.517,-0.313,-0.93,2386,42.2,-1.11,-1.52,2/7
H1,hl_range,EURCAD,10,1.5,96,-0.502,-0.336,-0.834,2201,41.2,-1.16,-1.45,2/7
H1,hl_range,EURCAD,10,2.0,24,-0.601,-0.244,-1.298,980,42.0,-2.74,-1.87,3/7
H1,hl_range,EURCAD,10,2.0,96,-0.767,-0.681,-0.95,748,39.6,-5.25,-2.37,1/7
H1,hl_range,EURCAD,10,2.5,24,-0.268,-0.261,-0.289,426,47.4,-2.04,-0.83,3/7
H1,hl_range,EURCAD,10,2.5,96,-0.341,-0.132,-0.77,324,42.9,-4.49,-1.05,2/7
H1,hl_range,EURCAD,20,1.5,24,-0.465,-0.157,-1.128,2187,42.7,-1.08,-1.36,1/7
H1,hl_range,EURCAD,20,1.5,96,-0.392,-0.172,-0.88,1957,41.5,-1.03,-1.14,2/7
H1,hl_range,EURCAD,20,2.0,24,-0.497,-0.248,-1.057,975,42.9,-2.21,-1.54,3/7
H1,hl_range,EURCAD,20,2.0,96,-0.526,-0.413,-0.747,727,39.9,-3.51,-1.62,2/7
H1,hl_range,EURCAD,20,2.5,24,-0.523,-0.316,-0.909,489,45.4,-3.51,-1.61,2/7
H1,hl_range,EURCAD,20,2.5,96,-0.303,-0.051,-0.778,365,40.5,-3.81,-0.94,3/7
H1,hl_range,EURCAD,40,1.5,24,-0.09,0.247,-0.736,2197,43.0,-0.2,-0.26,5/7
H1,hl_range,EURCAD,40,1.5,96,-0.161,0.173,-0.832,1980,41.7,-0.41,-0.46,4/7
H1,hl_range,EURCAD,40,2.0,24,-0.489,-0.197,-1.09,1012,43.2,-2.09,-1.5,1/7
H1,hl_range,EURCAD,40,2.0,96,-0.659,-0.473,-1.078,804,39.2,-4.09,-2.01,1/7
H1,hl_range,EURCAD,40,2.5,24,-0.285,-0.136,-0.616,541,46.4,-1.86,-0.89,2/7
H1,hl_range,EURCAD,40,2.5,96,-0.075,0.088,-0.382,411,42.6,-0.84,-0.23,4/7
H1,hl_range,EURCAD,80,1.5,24,-0.549,-0.28,-1.081,2188,43.2,-1.24,-1.57,1/7
H1,hl_range,EURCAD,80,1.5,96,-0.523,-0.228,-1.116,1965,42.1,-1.38,-1.51,1/7
H1,hl_range,EURCAD,80,2.0,24,-0.743,-0.428,-1.403,1063,42.1,-3.01,-2.29,1/7
H1,hl_range,EURCAD,80,2.0,96,-0.867,-0.639,-1.398,866,38.9,-5.11,-2.66,1/7
H1,hl_range,EURCAD,80,2.5,24,-0.67,-0.369,-1.283,568,43.5,-4.25,-2.06,2/7
H1,hl_range,EURCAD,80,2.5,96,-0.798,-0.505,-1.356,435,38.4,-8.58,-2.45,1/7
H1,hl_range,GBPCAD,10,1.5,24,-0.229,-0.233,-0.231,2396,41.9,-0.53,-0.66,3/7
H1,hl_range,GBPCAD,10,1.5,96,-0.261,-0.262,-0.271,2214,41.0,-0.67,-0.75,3/7
H1,hl_range,GBPCAD,10,2.0,24,-0.189,-0.196,-0.187,1005,45.7,-0.93,-0.59,3/7
H1,hl_range,GBPCAD,10,2.0,96,-0.034,0.041,-0.196,752,41.5,-0.25,-0.1,3/7
H1,hl_range,GBPCAD,10,2.5,24,-0.693,-0.649,-0.808,422,42.4,-5.16,-2.14,0/7
H1,hl_range,GBPCAD,10,2.5,96,-0.862,-0.661,-1.249,318,38.7,-12.6,-2.69,1/7
H1,hl_range,GBPCAD,20,1.5,24,-0.404,-0.352,-0.566,2185,42.1,-1.04,-1.21,1/7
H1,hl_range,GBPCAD,20,1.5,96,-0.485,-0.503,-0.48,1960,40.4,-1.44,-1.43,0/7
H1,hl_range,GBPCAD,20,2.0,24,-0.764,-0.722,-0.929,981,42.4,-3.83,-2.4,1/7
H1,hl_range,GBPCAD,20,2.0,96,-0.874,-0.801,-1.069,733,38.2,-7.13,-2.71,1/7
H1,hl_range,GBPCAD,20,2.5,24,-0.35,-0.215,-0.719,464,43.3,-2.93,-1.08,2/7
H1,hl_range,GBPCAD,20,2.5,96,-0.224,0.093,-0.854,334,42.5,-3.42,-0.69,3/7
H1,hl_range,GBPCAD,40,1.5,24,-0.215,0.08,-0.909,2226,43.3,-0.54,-0.64,2/7
H1,hl_range,GBPCAD,40,1.5,96,-0.254,0.006,-0.865,2015,42.0,-0.74,-0.75,2/7
H1,hl_range,GBPCAD,40,2.0,24,-0.465,-0.523,-0.356,1008,42.3,-2.22,-1.43,1/7
H1,hl_range,GBPCAD,40,2.0,96,-0.349,-0.523,0.018,776,38.9,-2.58,-1.05,2/7
H1,hl_range,GBPCAD,40,2.5,24,-0.512,-0.358,-0.919,513,41.7,-3.88,-1.6,2/7
H1,hl_range,GBPCAD,40,2.5,96,-0.432,-0.133,-1.071,390,39.2,-5.64,-1.31,2/7
H1,hl_range,GBPCAD,80,1.5,24,-0.608,-0.555,-0.777,2225,41.5,-1.57,-1.81,2/7
H1,hl_range,GBPCAD,80,1.5,96,-0.645,-0.501,-1.01,2027,40.4,-1.87,-1.92,1/7
H1,hl_range,GBPCAD,80,2.0,24,-0.553,-0.424,-0.876,1044,43.0,-2.4,-1.64,1/7
H1,hl_range,GBPCAD,80,2.0,96,-0.492,-0.578,-0.325,819,40.7,-3.16,-1.4,2/7
H1,hl_range,GBPCAD,80,2.5,24,-0.517,-0.361,-0.961,525,42.5,-3.89,-1.69,1/7
H1,hl_range,GBPCAD,80,2.5,96,-0.234,-0.026,-0.671,397,39.8,-3.29,-0.74,3/7
H1,hl_range,AUDCAD,10,1.5,24,-0.748,-0.635,-0.987,2010,40.8,-2.12,-2.29,2/7
H1,hl_range,AUDCAD,10,1.5,96,-0.839,-0.733,-1.062,1793,39.4,-2.58,-2.49,1/7
H1,hl_range,AUDCAD,10,2.0,24,-0.753,-0.512,-1.18,816,42.8,-4.26,-2.3,1/7
H1,hl_range,AUDCAD,10,2.0,96,-0.761,-0.47,-1.357,601,39.8,-6.86,-2.35,1/7
H1,hl_range,AUDCAD,10,2.5,24,-1.031,-0.812,-1.47,355,42.0,-9.86,-3.21,0/7
H1,hl_range,AUDCAD,10,2.5,96,-0.43,-0.56,-0.211,274,40.9,-7.47,-1.32,2/7
H1,hl_range,AUDCAD,20,1.5,24,-0.639,-0.688,-0.556,1996,42.1,-1.8,-1.92,1/7
H1,hl_range,AUDCAD,20,1.5,96,-0.711,-0.746,-0.656,1759,40.8,-2.25,-2.08,1/7
H1,hl_range,AUDCAD,20,2.0,24,-0.706,-0.556,-0.984,894,43.7,-3.78,-2.2,1/7
H1,hl_range,AUDCAD,20,2.0,96,-0.398,-0.254,-0.699,655,40.2,-3.28,-1.19,2/7
H1,hl_range,AUDCAD,20,2.5,24,-0.882,-0.683,-1.324,439,42.8,-7.34,-2.72,1/7
H1,hl_range,AUDCAD,20,2.5,96,-0.385,-0.258,-0.61,328,40.9,-5.82,-1.18,3/7
H1,hl_range,AUDCAD,40,1.5,24,-0.828,-0.763,-0.944,2045,41.7,-2.31,-2.44,1/7
H1,hl_range,AUDCAD,40,1.5,96,-0.882,-0.81,-1.006,1827,40.5,-2.72,-2.53,1/7
H1,hl_range,AUDCAD,40,2.0,24,-0.857,-0.611,-1.311,912,42.4,-4.49,-2.66,0/7
H1,hl_range,AUDCAD,40,2.0,96,-0.562,-0.194,-1.286,689,41.1,-4.29,-1.7,3/7
H1,hl_range,AUDCAD,40,2.5,24,-0.815,-0.676,-1.123,473,43.6,-6.2,-2.52,1/7
H1,hl_range,AUDCAD,40,2.5,96,-0.719,-0.821,-0.539,366,39.3,-10.32,-2.2,2/7
H1,hl_range,AUDCAD,80,1.5,24,-0.566,-0.665,-0.391,2080,42.4,-1.47,-1.64,3/7
H1,hl_range,AUDCAD,80,1.5,96,-0.572,-0.623,-0.485,1863,40.6,-1.7,-1.64,3/7
H1,hl_range,AUDCAD,80,2.0,24,-0.474,-0.387,-0.619,944,43.6,-2.46,-1.44,1/7
H1,hl_range,AUDCAD,80,2.0,96,-0.59,-0.374,-0.971,734,39.2,-4.45,-1.77,2/7
H1,hl_range,AUDCAD,80,2.5,24,-0.917,-0.547,-1.614,493,40.6,-7.02,-2.76,1/7
H1,hl_range,AUDCAD,80,2.5,96,-0.754,-0.598,-1.112,386,40.9,-10.03,-2.29,1/7
H1,hl_range,NZDCAD,10,1.5,24,-0.815,-0.879,-0.703,2018,40.4,-2.37,-2.45,0/7
H1,hl_range,NZDCAD,10,1.5,96,-0.833,-0.823,-0.862,1791,39.5,-2.7,-2.46,0/7
H1,hl_range,NZDCAD,10,2.0,24,-0.535,-0.27,-1.067,811,45.4,-3.02,-1.66,2/7
H1,hl_range,NZDCAD,10,2.0,96,-0.417,-0.426,-0.404,584,39.2,-4.09,-1.28,1/7
H1,hl_range,NZDCAD,10,2.5,24,-0.527,-0.552,-0.488,338,43.5,-5.07,-1.63,3/7
H1,hl_range,NZDCAD,10,2.5,96,-0.465,-0.709,-0.017,257,41.6,-9.22,-1.41,2/7
H1,hl_range,NZDCAD,20,1.5,24,-0.711,-0.802,-0.538,2023,40.3,-2.05,-2.11,1/7
H1,hl_range,NZDCAD,20,1.5,96,-0.592,-0.628,-0.531,1773,40.1,-2.02,-1.74,1/7
H1,hl_range,NZDCAD,20,2.0,24,-0.744,-0.51,-1.265,875,43.2,-4.08,-2.33,1/7
H1,hl_range,NZDCAD,20,2.0,96,-0.508,-0.655,-0.243,649,38.1,-4.42,-1.57,2/7
H1,hl_range,NZDCAD,20,2.5,24,-0.371,-0.286,-0.539,404,43.8,-3.29,-1.14,1/7
H1,hl_range,NZDCAD,20,2.5,96,-0.336,-0.651,0.19,303,39.6,-5.69,-1.04,3/7
H1,hl_range,NZDCAD,40,1.5,24,-0.995,-1.195,-0.622,2039,38.9,-2.9,-2.97,1/7
H1,hl_range,NZDCAD,40,1.5,96,-0.962,-1.205,-0.507,1811,38.3,-3.2,-2.78,2/7
H1,hl_range,NZDCAD,40,2.0,24,-0.519,-0.126,-1.277,904,42.8,-2.78,-1.57,2/7
H1,hl_range,NZDCAD,40,2.0,96,-0.021,0.226,-0.455,682,39.6,-0.17,-0.06,2/7
H1,hl_range,NZDCAD,40,2.5,24,-0.378,-0.256,-0.632,457,44.0,-3.01,-1.18,3/7
H1,hl_range,NZDCAD,40,2.5,96,-0.475,-0.57,-0.31,357,37.8,-7.1,-1.48,2/7
H1,hl_range,NZDCAD,80,1.5,24,-0.898,-1.189,-0.335,2112,40.5,-2.45,-2.66,2/7
H1,hl_range,NZDCAD,80,1.5,96,-0.769,-1.074,-0.2,1888,39.7,-2.49,-2.28,2/7
H1,hl_range,NZDCAD,80,2.0,24,-0.599,-0.321,-1.121,929,42.0,-3.08,-1.81,2/7
H1,hl_range,NZDCAD,80,2.0,96,-0.16,0.092,-0.603,723,38.9,-1.22,-0.48,3/7
H1,hl_range,NZDCAD,80,2.5,24,-0.343,-0.322,-0.388,482,45.2,-2.73,-1.03,3/7
H1,hl_range,NZDCAD,80,2.5,96,-0.299,-0.553,0.188,384,39.3,-4.28,-0.92,2/7
H1,hl_range,CADJPY,10,1.5,24,0.54,1.023,-0.308,2048,42.8,2.03,1.61,5/7
H1,hl_range,CADJPY,10,1.5,96,0.629,1.158,-0.274,1820,43.1,2.76,1.87,5/7
H1,hl_range,CADJPY,10,2.0,24,0.112,0.509,-0.646,937,46.1,0.78,0.35,2/7
H1,hl_range,CADJPY,10,2.0,96,0.209,0.295,0.045,686,42.6,2.31,0.65,4/7
H1,hl_range,CADJPY,10,2.5,24,0.091,0.686,-1.013,417,49.6,1.08,0.28,5/7
H1,hl_range,CADJPY,10,2.5,96,-0.434,0.069,-1.266,313,41.2,-9.38,-1.35,2/7
H1,hl_range,CADJPY,20,1.5,24,0.243,0.336,0.068,2042,42.9,0.91,0.71,4/7
H1,hl_range,CADJPY,20,1.5,96,0.101,0.186,-0.053,1818,42.6,0.44,0.29,4/7
H1,hl_range,CADJPY,20,2.0,24,0.134,0.47,-0.505,997,45.9,0.89,0.41,4/7
H1,hl_range,CADJPY,20,2.0,96,0.037,0.079,-0.035,744,42.2,0.39,0.11,4/7
H1,hl_range,CADJPY,20,2.5,24,0.234,0.776,-0.802,516,49.2,2.43,0.72,3/7
H1,hl_range,CADJPY,20,2.5,96,-0.084,0.209,-0.594,381,41.7,-1.57,-0.26,4/7
H1,hl_range,CADJPY,40,1.5,24,0.235,0.545,-0.345,2107,42.9,0.84,0.68,4/7
H1,hl_range,CADJPY,40,1.5,96,0.008,0.485,-0.868,1881,41.6,0.03,0.02,4/7
H1,hl_range,CADJPY,40,2.0,24,0.061,0.331,-0.478,1020,45.7,0.4,0.19,4/7
H1,hl_range,CADJPY,40,2.0,96,0.06,0.007,0.165,762,42.1,0.62,0.18,3/7
H1,hl_range,CADJPY,40,2.5,24,0.209,0.775,-0.842,549,48.3,2.01,0.65,4/7
H1,hl_range,CADJPY,40,2.5,96,0.118,0.511,-0.562,409,40.8,2.12,0.37,2/7
H1,hl_range,CADJPY,80,1.5,24,0.24,0.54,-0.347,2130,43.1,0.86,0.7,4/7
H1,hl_range,CADJPY,80,1.5,96,0.205,0.529,-0.413,1893,42.3,0.83,0.59,4/7
H1,hl_range,CADJPY,80,2.0,24,0.209,0.489,-0.396,1048,46.5,1.33,0.62,4/7
H1,hl_range,CADJPY,80,2.0,96,0.093,-0.074,0.466,813,42.6,0.93,0.28,4/7
H1,hl_range,CADJPY,80,2.5,24,0.079,0.495,-0.649,567,48.0,0.75,0.24,3/7
H1,hl_range,CADJPY,80,2.5,96,0.277,0.456,-0.015,429,44.5,4.62,0.84,6/7
H1,hl_range,EURUSD,10,1.5,24,-0.521,-0.715,-0.193,3155,40.9,-0.97,-1.53,1/7
H1,hl_range,EURUSD,10,1.5,96,-0.65,-0.829,-0.339,2961,40.0,-1.27,-1.86,1/7
H1,hl_range,EURUSD,10,2.0,24,-0.173,-0.401,0.248,1402,46.1,-0.64,-0.53,2/7
H1,hl_range,EURUSD,10,2.0,96,-0.139,-0.294,0.158,1075,41.4,-0.76,-0.42,2/7
H1,hl_range,EURUSD,10,2.5,24,0.1,0.179,-0.049,646,50.6,0.61,0.31,4/7
H1,hl_range,EURUSD,10,2.5,96,0.117,0.558,-0.766,472,45.6,1.32,0.36,5/7
H1,hl_range,EURUSD,20,1.5,24,-0.628,-0.76,-0.38,3037,42.0,-1.19,-1.84,3/7
H1,hl_range,EURUSD,20,1.5,96,-0.614,-0.816,-0.242,2793,41.3,-1.26,-1.77,3/7
H1,hl_range,EURUSD,20,2.0,24,-0.045,0.12,-0.339,1463,46.7,-0.15,-0.13,4/7
H1,hl_range,EURUSD,20,2.0,96,-0.174,-0.225,-0.081,1149,42.5,-0.88,-0.52,4/7
H1,hl_range,EURUSD,20,2.5,24,-0.037,-0.109,0.101,778,46.1,-0.2,-0.11,4/7
H1,hl_range,EURUSD,20,2.5,96,-0.018,-0.118,0.192,588,42.3,-0.18,-0.06,2/7
H1,hl_range,EURUSD,40,1.5,24,-0.622,-0.553,-0.756,2989,42.6,-1.19,-1.81,2/7
H1,hl_range,EURUSD,40,1.5,96,-0.682,-0.645,-0.756,2749,40.9,-1.43,-1.95,1/7
H1,hl_range,EURUSD,40,2.0,24,-0.349,-0.246,-0.567,1456,44.4,-1.15,-1.04,2/7
H1,hl_range,EURUSD,40,2.0,96,-0.258,-0.154,-0.459,1152,40.5,-1.32,-0.77,3/7
H1,hl_range,EURUSD,40,2.5,24,-0.463,-0.458,-0.475,821,43.4,-2.34,-1.42,2/7
H1,hl_range,EURUSD,40,2.5,96,-0.167,-0.253,-0.004,641,40.4,-1.45,-0.52,1/7
H1,hl_range,EURUSD,80,1.5,24,-0.565,-0.573,-0.557,2892,42.6,-1.08,-1.64,1/7
H1,hl_range,EURUSD,80,1.5,96,-0.542,-0.654,-0.334,2644,40.6,-1.18,-1.54,0/7
H1,hl_range,EURUSD,80,2.0,24,-0.317,-0.473,-0.027,1427,44.3,-1.06,-0.95,4/7
H1,hl_range,EURUSD,80,2.0,96,-0.206,-0.36,0.081,1151,40.1,-1.07,-0.62,3/7
H1,hl_range,EURUSD,80,2.5,24,-0.71,-0.497,-1.134,809,43.1,-3.54,-2.15,1/7
H1,hl_range,EURUSD,80,2.5,96,-0.584,-0.504,-0.755,643,38.1,-5.16,-1.79,2/7
H1,hl_range,GBPUSD,10,1.5,24,-0.729,-0.76,-0.697,3363,40.7,-1.52,-2.08,2/7
H1,hl_range,GBPUSD,10,1.5,96,-0.743,-0.797,-0.659,3191,40.4,-1.63,-2.08,2/7
H1,hl_range,GBPUSD,10,2.0,24,-0.209,-0.107,-0.467,1433,44.1,-0.92,-0.64,4/7
H1,hl_range,GBPUSD,10,2.0,96,-0.228,-0.151,-0.422,1124,40.5,-1.44,-0.7,3/7
H1,hl_range,GBPUSD,10,2.5,24,0.031,0.271,-0.58,652,47.1,0.23,0.1,3/7
H1,hl_range,GBPUSD,10,2.5,96,0.032,0.357,-0.604,480,42.5,0.4,0.1,4/7
H1,hl_range,GBPUSD,20,1.5,24,-0.729,-0.726,-0.766,3267,40.4,-1.59,-2.16,2/7
H1,hl_range,GBPUSD,20,1.5,96,-0.68,-0.615,-0.876,3040,39.2,-1.66,-1.96,0/7
H1,hl_range,GBPUSD,20,2.0,24,-0.268,-0.199,-0.459,1470,43.9,-1.13,-0.81,2/7
H1,hl_range,GBPUSD,20,2.0,96,-0.181,-0.178,-0.196,1128,41.6,-1.13,-0.54,2/7
H1,hl_range,GBPUSD,20,2.5,24,-0.394,-0.366,-0.521,774,45.1,-2.65,-1.22,3/7
H1,hl_range,GBPUSD,20,2.5,96,-0.302,-0.221,-0.52,579,42.0,-3.54,-0.95,2/7
H1,hl_range,GBPUSD,40,1.5,24,-1.05,-1.001,-1.179,3183,40.0,-2.21,-2.9,1/7
H1,hl_range,GBPUSD,40,1.5,96,-0.922,-0.784,-1.253,2947,39.2,-2.21,-2.58,1/7
H1,hl_range,GBPUSD,40,2.0,24,-0.081,-0.001,-0.272,1460,43.6,-0.33,-0.23,4/7
H1,hl_range,GBPUSD,40,2.0,96,-0.087,-0.033,-0.206,1154,40.6,-0.51,-0.24,3/7
H1,hl_range,GBPUSD,40,2.5,24,-0.067,-0.042,-0.135,773,45.5,-0.43,-0.21,4/7
H1,hl_range,GBPUSD,40,2.5,96,-0.244,-0.389,0.067,584,42.6,-2.74,-0.74,3/7
H1,hl_range,GBPUSD,80,1.5,24,-0.849,-0.83,-0.917,3092,40.2,-1.87,-2.43,0/7
H1,hl_range,GBPUSD,80,1.5,96,-0.724,-0.675,-0.847,2843,39.3,-1.78,-2.03,0/7
H1,hl_range,GBPUSD,80,2.0,24,-0.423,-0.354,-0.593,1401,43.5,-1.77,-1.25,3/7
H1,hl_range,GBPUSD,80,2.0,96,-0.473,-0.491,-0.453,1137,40.3,-2.91,-1.37,2/7
H1,hl_range,GBPUSD,80,2.5,24,-0.219,-0.298,-0.04,757,46.0,-1.44,-0.65,4/7
H1,hl_range,GBPUSD,80,2.5,96,-0.068,-0.004,-0.21,585,44.1,-0.75,-0.2,4/7
H1,hl_range,USDCHF,10,1.5,24,-0.866,-0.813,-0.949,2932,40.0,-1.84,-2.52,2/7
H1,hl_range,USDCHF,10,1.5,96,-0.833,-0.799,-0.887,2757,39.5,-1.85,-2.33,2/7
H1,hl_range,USDCHF,10,2.0,24,0.011,-0.192,0.351,1279,45.2,0.05,0.03,5/7
H1,hl_range,USDCHF,10,2.0,96,0.074,-0.158,0.467,989,44.0,0.45,0.22,4/7
H1,hl_range,USDCHF,10,2.5,24,0.676,0.819,0.426,563,53.1,5.16,2.09,7/7
H1,hl_range,USDCHF,10,2.5,96,0.543,0.496,0.625,423,49.9,7.18,1.68,7/7
H1,hl_range,USDCHF,20,1.5,24,-1.384,-1.324,-1.474,2780,38.7,-3.09,-4.12,0/7
H1,hl_range,USDCHF,20,1.5,96,-1.25,-1.136,-1.417,2574,38.0,-3.04,-3.66,0/7
H1,hl_range,USDCHF,20,2.0,24,-0.285,-0.246,-0.345,1302,43.2,-1.22,-0.87,1/7
H1,hl_range,USDCHF,20,2.0,96,-0.068,-0.186,0.118,1006,40.2,-0.41,-0.2,4/7
H1,hl_range,USDCHF,20,2.5,24,0.105,0.45,-0.422,631,48.3,0.73,0.32,5/7
H1,hl_range,USDCHF,20,2.5,96,0.081,0.245,-0.176,476,46.6,0.96,0.25,4/7
H1,hl_range,USDCHF,40,1.5,24,-1.457,-1.25,-1.772,2739,39.0,-3.26,-4.31,0/7
H1,hl_range,USDCHF,40,1.5,96,-1.312,-1.174,-1.515,2515,38.1,-3.2,-3.79,0/7
H1,hl_range,USDCHF,40,2.0,24,-0.404,-0.013,-1.019,1281,43.2,-1.7,-1.23,3/7
H1,hl_range,USDCHF,40,2.0,96,0.016,0.163,-0.197,1013,40.8,0.1,0.05,3/7
H1,hl_range,USDCHF,40,2.5,24,0.129,0.36,-0.24,658,48.9,0.88,0.4,4/7
H1,hl_range,USDCHF,40,2.5,96,-0.008,0.208,-0.349,510,44.3,-0.09,-0.02,3/7
H1,hl_range,USDCHF,80,1.5,24,-1.692,-1.472,-2.03,2754,40.0,-3.64,-4.92,0/7
H1,hl_range,USDCHF,80,1.5,96,-1.565,-1.354,-1.888,2548,39.0,-3.72,-4.45,0/7
H1,hl_range,USDCHF,80,2.0,24,-0.681,-0.577,-0.839,1309,42.0,-2.73,-2.08,0/7
H1,hl_range,USDCHF,80,2.0,96,-0.354,-0.302,-0.428,1061,38.7,-2.12,-1.07,1/7
H1,hl_range,USDCHF,80,2.5,24,0.196,0.389,-0.098,674,47.6,1.31,0.6,4/7
H1,hl_range,USDCHF,80,2.5,96,0.168,0.148,0.199,532,44.5,1.82,0.51,4/7
M30,gap_fade,EURGBP,14,0.3,48,-0.248,-0.187,-0.425,641,49.6,-1.14,-0.76,2/7
M30,gap_fade,EURGBP,14,0.3,192,0.392,0.569,-0.003,511,54.6,3.22,1.21,4/7
M30,gap_fade,EURGBP,14,0.5,48,0.046,-0.193,0.581,232,49.6,0.4,0.14,4/7
M30,gap_fade,EURGBP,14,0.5,192,0.192,0.233,0.11,197,49.7,3.19,0.59,4/7
M30,gap_fade,EURGBP,14,0.8,48,-0.195,-0.388,0.178,73,52.1,-2.78,-0.6,4/7
M30,gap_fade,EURGBP,14,0.8,192,-0.446,-0.482,-0.385,64,43.8,-14.07,-1.38,2/7
M30,gap_fade,EURGBP,24,0.3,48,-0.242,-0.106,-0.602,606,50.3,-1.14,-0.74,2/7
M30,gap_fade,EURGBP,24,0.3,192,0.277,0.5,-0.199,486,53.9,2.33,0.85,4/7
M30,gap_fade,EURGBP,24,0.5,48,-0.052,-0.325,0.554,223,48.9,-0.46,-0.16,4/7
M30,gap_fade,EURGBP,24,0.5,192,0.112,0.069,0.213,190,49.5,1.97,0.34,5/7
M30,gap_fade,EURGBP,24,0.8,48,-0.27,-0.493,0.155,74,50.0,-3.77,-0.84,4/7
M30,gap_fade,EURGBP,24,0.8,192,-0.593,-0.551,-0.717,63,41.3,-18.69,-1.86,0/7
M30,gap_fade,EURGBP,48,0.3,48,-0.151,0.047,-0.659,587,50.8,-0.73,-0.47,2/7
M30,gap_fade,EURGBP,48,0.3,192,0.251,0.551,-0.388,468,53.4,2.17,0.77,4/7
M30,gap_fade,EURGBP,48,0.5,48,-0.099,-0.407,0.581,216,48.6,-0.89,-0.3,4/7
M30,gap_fade,EURGBP,48,0.5,192,0.103,0.052,0.219,185,51.4,1.84,0.32,5/7
M30,gap_fade,EURGBP,48,0.8,48,-0.096,-0.337,0.323,71,52.1,-1.34,-0.29,5/7
M30,gap_fade,EURGBP,48,0.8,192,-0.504,-0.485,-0.564,64,43.8,-15.33,-1.57,0/7
M30,gap_fade,EURAUD,14,0.3,48,-0.061,0.014,-0.231,1038,52.4,-0.28,-0.18,4/7
M30,gap_fade,EURAUD,14,0.3,192,-0.081,-0.015,-0.205,839,53.6,-0.62,-0.25,4/7
M30,gap_fade,EURAUD,14,0.5,48,0.235,0.559,-0.429,469,51.0,1.82,0.72,3/7
M30,gap_fade,EURAUD,14,0.5,192,-0.06,0.378,-0.89,367,52.0,-0.99,-0.18,4/7
M30,gap_fade,EURAUD,14,0.8,48,0.331,0.139,0.591,174,51.1,4.14,1.02,5/7
M30,gap_fade,EURAUD,14,0.8,192,-0.248,-0.41,-0.06,150,57.3,-6.98,-0.76,3/7
M30,gap_fade,EURAUD,24,0.3,48,0.016,0.204,-0.412,994,52.1,0.08,0.05,3/7
M30,gap_fade,EURAUD,24,0.3,192,-0.017,0.106,-0.242,805,54.5,-0.13,-0.05,4/7
M30,gap_fade,EURAUD,24,0.5,48,0.408,0.756,-0.308,440,51.8,3.29,1.26,3/7
M30,gap_fade,EURAUD,24,0.5,192,-0.009,0.371,-0.73,348,53.2,-0.16,-0.03,4/7
M30,gap_fade,EURAUD,24,0.8,48,0.378,0.131,0.716,164,51.8,5.03,1.17,5/7
M30,gap_fade,EURAUD,24,0.8,192,0.031,-0.018,0.116,139,57.6,1.18,0.1,4/7
M30,gap_fade,EURAUD,48,0.3,48,0.028,0.146,-0.245,974,51.6,0.14,0.09,4/7
M30,gap_fade,EURAUD,48,0.3,192,-0.029,0.031,-0.141,781,54.3,-0.24,-0.09,4/7
M30,gap_fade,EURAUD,48,0.5,48,0.096,0.343,-0.398,428,50.2,0.77,0.3,3/7
M30,gap_fade,EURAUD,48,0.5,192,-0.136,0.197,-0.747,343,53.6,-2.37,-0.42,4/7
M30,gap_fade,EURAUD,48,0.8,48,0.337,0.113,0.667,159,52.2,4.49,1.04,5/7
M30,gap_fade,EURAUD,48,0.8,192,-0.018,0.003,-0.055,133,57.9,-0.73,-0.06,4/7
M30,gap_fade,EURNZD,14,0.3,48,-0.106,0.266,-0.821,1139,52.1,-0.46,-0.33,2/7
M30,gap_fade,EURNZD,14,0.3,192,-0.56,-0.171,-1.274,925,51.5,-3.6,-1.73,2/7
M30,gap_fade,EURNZD,14,0.5,48,0.152,0.162,0.134,554,51.4,1.03,0.47,4/7
M30,gap_fade,EURNZD,14,0.5,192,-0.435,-0.399,-0.498,414,51.7,-5.54,-1.35,2/7
M30,gap_fade,EURNZD,14,0.8,48,0.081,-0.09,0.33,216,48.1,0.89,0.25,4/7
M30,gap_fade,EURNZD,14,0.8,192,0.028,0.012,0.06,180,50.0,0.72,0.09,3/7
M30,gap_fade,EURNZD,24,0.3,48,0.022,0.306,-0.538,1109,52.3,0.1,0.07,4/7
M30,gap_fade,EURNZD,24,0.3,192,-0.458,-0.144,-1.049,900,52.0,-3.01,-1.43,2/7
M30,gap_fade,EURNZD,24,0.5,48,0.098,0.032,0.229,536,51.1,0.7,0.3,4/7
M30,gap_fade,EURNZD,24,0.5,192,-0.355,-0.331,-0.397,402,51.7,-4.6,-1.1,2/7
M30,gap_fade,EURNZD,24,0.8,48,0.082,0.002,0.193,211,49.3,0.89,0.26,4/7
M30,gap_fade,EURNZD,24,0.8,192,-0.11,0.083,-0.471,177,50.3,-3.0,-0.34,3/7
M30,gap_fade,EURNZD,48,0.3,48,-0.138,0.122,-0.665,1082,52.1,-0.61,-0.43,4/7
M30,gap_fade,EURNZD,48,0.3,192,-0.555,-0.251,-1.123,870,52.6,-3.69,-1.72,2/7
M30,gap_fade,EURNZD,48,0.5,48,0.022,-0.058,0.18,518,50.2,0.16,0.07,3/7
M30,gap_fade,EURNZD,48,0.5,192,-0.36,-0.253,-0.574,388,51.5,-5.32,-1.12,1/7
M30,gap_fade,EURNZD,48,0.8,48,0.219,0.108,0.376,204,48.5,2.4,0.68,4/7
M30,gap_fade,EURNZD,48,0.8,192,-0.234,-0.113,-0.472,168,48.2,-6.48,-0.72,3/7
M30,gap_fade,GBPAUD,14,0.3,48,-0.349,-0.497,-0.042,968,50.9,-1.5,-1.08,1/7
M30,gap_fade,GBPAUD,14,0.3,192,-0.146,-0.179,-0.084,790,52.8,-0.98,-0.45,3/7
M30,gap_fade,GBPAUD,14,0.5,48,-0.336,-0.401,-0.218,407,49.9,-2.71,-1.04,2/7
M30,gap_fade,GBPAUD,14,0.5,192,-0.381,-0.151,-0.783,330,52.4,-5.01,-1.17,2/7
M30,gap_fade,GBPAUD,14,0.8,48,-0.129,-0.476,0.386,141,49.6,-1.92,-0.4,4/7
M30,gap_fade,GBPAUD,14,0.8,192,-0.234,-0.775,0.348,128,51.6,-5.3,-0.72,3/7
M30,gap_fade,GBPAUD,24,0.3,48,-0.456,-0.598,-0.164,923,50.4,-2.02,-1.41,1/7
M30,gap_fade,GBPAUD,24,0.3,192,-0.084,-0.051,-0.148,748,52.9,-0.59,-0.26,4/7
M30,gap_fade,GBPAUD,24,0.5,48,-0.36,-0.468,-0.166,386,50.5,-2.97,-1.11,1/7
M30,gap_fade,GBPAUD,24,0.5,192,-0.244,0.029,-0.718,311,53.4,-3.38,-0.75,2/7
M30,gap_fade,GBPAUD,24,0.8,48,-0.1,-0.319,0.236,137,49.6,-1.5,-0.31,4/7
M30,gap_fade,GBPAUD,24,0.8,192,-0.271,-0.549,0.018,122,51.6,-6.28,-0.83,3/7
M30,gap_fade,GBPAUD,48,0.3,48,-0.303,-0.466,0.034,896,51.1,-1.38,-0.93,2/7
M30,gap_fade,GBPAUD,48,0.3,192,-0.027,0.084,-0.252,725,53.5,-0.2,-0.08,5/7
M30,gap_fade,GBPAUD,48,0.5,48,-0.244,-0.287,-0.169,376,50.8,-2.02,-0.75,4/7
M30,gap_fade,GBPAUD,48,0.5,192,-0.173,0.116,-0.661,302,53.3,-2.41,-0.53,2/7
M30,gap_fade,GBPAUD,48,0.8,48,-0.222,-0.616,0.348,132,50.8,-3.3,-0.68,3/7
M30,gap_fade,GBPAUD,48,0.8,192,-0.088,-0.33,0.201,117,53.8,-2.22,-0.27,4/7
M30,gap_fade,GBPNZD,14,0.3,48,-0.599,-0.931,0.023,1093,50.1,-2.42,-1.85,1/7
M30,gap_fade,GBPNZD,14,0.3,192,-0.691,-0.861,-0.369,866,49.0,-4.14,-2.16,1/7
M30,gap_fade,GBPNZD,14,0.5,48,-0.146,-0.12,-0.191,530,49.6,-0.95,-0.45,4/7
M30,gap_fade,GBPNZD,14,0.5,192,-0.028,0.164,-0.343,407,51.4,-0.32,-0.09,4/7
M30,gap_fade,GBPNZD,14,0.8,48,-0.12,-0.175,-0.049,194,53.6,-1.31,-0.37,3/7
M30,gap_fade,GBPNZD,14,0.8,192,0.015,0.247,-0.383,169,54.4,0.3,0.05,3/7
M30,gap_fade,GBPNZD,24,0.3,48,-0.455,-0.683,-0.037,1051,50.9,-1.89,-1.4,1/7
M30,gap_fade,GBPNZD,24,0.3,192,-0.463,-0.501,-0.396,830,49.3,-2.92,-1.45,2/7
M30,gap_fade,GBPNZD,24,0.5,48,-0.218,-0.163,-0.314,509,49.1,-1.45,-0.67,4/7
M30,gap_fade,GBPNZD,24,0.5,192,0.081,0.305,-0.279,395,51.9,0.92,0.25,5/7
M30,gap_fade,GBPNZD,24,0.8,48,-0.161,-0.245,-0.054,184,53.8,-1.86,-0.49,3/7
M30,gap_fade,GBPNZD,24,0.8,192,0.01,0.312,-0.5,161,55.9,0.2,0.03,4/7
M30,gap_fade,GBPNZD,48,0.3,48,-0.594,-0.707,-0.392,1038,49.8,-2.47,-1.83,1/7
M30,gap_fade,GBPNZD,48,0.3,192,-0.475,-0.416,-0.606,815,49.2,-3.05,-1.49,2/7
M30,gap_fade,GBPNZD,48,0.5,48,-0.453,-0.41,-0.527,491,47.3,-3.08,-1.39,2/7
M30,gap_fade,GBPNZD,48,0.5,192,-0.018,0.152,-0.294,383,52.2,-0.21,-0.06,5/7
M30,gap_fade,GBPNZD,48,0.8,48,-0.211,-0.045,-0.44,172,53.5,-2.6,-0.65,2/7
M30,gap_fade,GBPNZD,48,0.8,192,-0.148,0.22,-0.695,152,54.6,-3.01,-0.45,2/7
M30,gap_fade,AUDNZD,14,0.3,48,-0.517,-0.183,-1.113,774,49.5,-1.86,-1.59,2/7
M30,gap_fade,AUDNZD,14,0.3,192,-0.597,-0.462,-0.848,585,51.6,-3.49,-1.83,1/7
M30,gap_fade,AUDNZD,14,0.5,48,-0.221,-0.092,-0.416,308,48.7,-1.37,-0.68,2/7
M30,gap_fade,AUDNZD,14,0.5,192,-0.129,-0.277,0.089,253,50.6,-1.48,-0.4,2/7
M30,gap_fade,AUDNZD,14,0.8,48,0.161,-0.116,0.441,107,48.6,1.87,0.49,5/7
M30,gap_fade,AUDNZD,14,0.8,192,-0.283,-0.597,0.172,95,52.6,-5.49,-0.87,3/7
M30,gap_fade,AUDNZD,24,0.3,48,-0.589,-0.317,-1.091,749,49.4,-2.13,-1.81,1/7
M30,gap_fade,AUDNZD,24,0.3,192,-0.656,-0.51,-0.927,573,50.3,-3.9,-2.02,1/7
M30,gap_fade,AUDNZD,24,0.5,48,-0.201,0.08,-0.642,286,48.6,-1.36,-0.62,2/7
M30,gap_fade,AUDNZD,24,0.5,192,-0.183,-0.218,-0.134,236,50.8,-2.21,-0.56,2/7
M30,gap_fade,AUDNZD,24,0.8,48,0.291,0.244,0.351,104,50.0,3.5,0.89,5/7
M30,gap_fade,AUDNZD,24,0.8,192,-0.255,-0.427,-0.033,95,51.6,-4.93,-0.78,3/7
M30,gap_fade,AUDNZD,48,0.3,48,-0.691,-0.498,-1.051,730,49.0,-2.51,-2.12,2/7
M30,gap_fade,AUDNZD,48,0.3,192,-0.705,-0.631,-0.833,552,50.7,-4.33,-2.16,1/7
M30,gap_fade,AUDNZD,48,0.5,48,-0.202,0.093,-0.671,276,48.6,-1.39,-0.62,2/7
M30,gap_fade,AUDNZD,48,0.5,192,-0.323,-0.324,-0.322,224,50.4,-3.99,-1.0,2/7
M30,gap_fade,AUDNZD,48,0.8,48,0.303,0.264,0.357,102,50.0,3.72,0.93,5/7
M30,gap_fade,AUDNZD,48,0.8,192,-0.25,-0.409,-0.045,93,51.6,-4.94,-0.76,3/7
M30,gap_fade,EURCHF,14,0.3,48,0.086,0.411,-0.372,655,52.2,0.32,0.27,3/7
M30,gap_fade,EURCHF,14,0.3,192,-0.063,0.191,-0.418,511,55.8,-0.43,-0.19,3/7
M30,gap_fade,EURCHF,14,0.5,48,-0.133,-0.351,0.088,229,50.7,-0.85,-0.41,4/7
M30,gap_fade,EURCHF,14,0.5,192,-0.763,-0.81,-0.74,192,47.9,-10.89,-2.37,0/7
M30,gap_fade,EURCHF,14,0.8,48,0.166,-0.419,0.568,67,50.7,2.2,0.49,2/7
M30,gap_fade,EURCHF,14,0.8,192,-0.568,-0.898,-0.288,64,40.6,-15.29,-1.7,1/7
M30,gap_fade,EURCHF,24,0.3,48,0.082,0.305,-0.234,632,51.9,0.31,0.25,4/7
M30,gap_fade,EURCHF,24,0.3,192,0.003,0.218,-0.292,495,55.8,0.02,0.01,3/7
M30,gap_fade,EURCHF,24,0.5,48,-0.288,-0.554,-0.037,216,50.0,-1.82,-0.88,2/7
M30,gap_fade,EURCHF,24,0.5,192,-0.981,-1.046,-0.934,180,48.3,-14.38,-3.09,0/7
M30,gap_fade,EURCHF,24,0.8,48,0.156,-0.606,0.699,71,52.1,2.0,0.44,4/7
M30,gap_fade,EURCHF,24,0.8,192,-0.522,-0.976,-0.121,67,46.3,-13.72,-1.51,1/7
M30,gap_fade,EURCHF,48,0.3,48,0.193,0.357,-0.034,618,52.8,0.75,0.59,5/7
M30,gap_fade,EURCHF,48,0.3,192,0.131,0.342,-0.15,479,55.9,0.94,0.4,3/7
M30,gap_fade,EURCHF,48,0.5,48,-0.252,-0.551,0.022,211,49.8,-1.64,-0.78,2/7
M30,gap_fade,EURCHF,48,0.5,192,-0.921,-0.956,-0.905,172,48.3,-14.18,-2.89,0/7
M30,gap_fade,EURCHF,48,0.8,48,0.137,-0.598,0.672,70,52.9,1.76,0.39,4/7
M30,gap_fade,EURCHF,48,0.8,192,-0.521,-0.963,-0.14,67,46.3,-13.84,-1.51,1/7
M30,gap_fade,GBPCHF,14,0.3,48,-0.246,-0.338,-0.086,832,52.2,-1.13,-0.76,3/7
M30,gap_fade,GBPCHF,14,0.3,192,-0.061,0.013,-0.204,664,51.7,-0.48,-0.19,3/7
M30,gap_fade,GBPCHF,14,0.5,48,-0.724,-0.779,-0.628,350,48.9,-5.57,-2.23,1/7
M30,gap_fade,GBPCHF,14,0.5,192,-0.638,-0.31,-1.261,283,46.3,-9.98,-1.98,2/7
M30,gap_fade,GBPCHF,14,0.8,48,-0.456,-0.949,0.422,107,44.9,-6.73,-1.41,2/7
M30,gap_fade,GBPCHF,14,0.8,192,-0.695,-0.811,-0.503,98,43.9,-21.76,-2.18,1/7
M30,gap_fade,GBPCHF,24,0.3,48,-0.173,-0.237,-0.067,797,53.3,-0.81,-0.54,4/7
M30,gap_fade,GBPCHF,24,0.3,192,0.0,0.225,-0.426,630,51.6,0.0,0.0,4/7
M30,gap_fade,GBPCHF,24,0.5,48,-0.548,-0.662,-0.331,324,50.3,-4.52,-1.69,1/7
M30,gap_fade,GBPCHF,24,0.5,192,-0.633,-0.262,-1.367,266,47.4,-10.48,-1.96,3/7
M30,gap_fade,GBPCHF,24,0.8,48,-0.387,-0.8,0.273,105,48.6,-5.75,-1.19,3/7
M30,gap_fade,GBPCHF,24,0.8,192,-0.703,-0.806,-0.545,97,44.3,-20.75,-2.21,1/7
M30,gap_fade,GBPCHF,48,0.3,48,-0.289,-0.336,-0.211,784,52.7,-1.39,-0.89,3/7
M30,gap_fade,GBPCHF,48,0.3,192,-0.101,0.237,-0.675,618,51.6,-0.89,-0.31,4/7
M30,gap_fade,GBPCHF,48,0.5,48,-0.515,-0.684,-0.23,309,50.8,-4.61,-1.58,1/7
M30,gap_fade,GBPCHF,48,0.5,192,-0.47,-0.175,-1.061,258,48.8,-8.05,-1.45,4/7
M30,gap_fade,GBPCHF,48,0.8,48,-0.219,-0.738,0.585,107,50.5,-3.17,-0.67,3/7
M30,gap_fade,GBPCHF,48,0.8,192,-0.541,-0.726,-0.269,97,46.4,-16.21,-1.68,2/7
M30,gap_fade,AUDCHF,14,0.3,48,0.451,0.416,0.538,1137,54.3,2.14,1.38,4/7
M30,gap_fade,AUDCHF,14,0.3,192,0.384,0.64,-0.065,943,53.4,2.89,1.18,5/7
M30,gap_fade,AUDCHF,14,0.5,48,0.34,0.212,0.583,555,53.7,2.6,1.04,6/7
M30,gap_fade,AUDCHF,14,0.5,192,0.043,0.182,-0.154,449,51.9,0.61,0.13,3/7
M30,gap_fade,AUDCHF,14,0.8,48,0.276,0.116,0.493,208,54.3,3.55,0.85,5/7
M30,gap_fade,AUDCHF,14,0.8,192,0.238,0.442,0.023,184,56.5,6.91,0.73,5/7
M30,gap_fade,AUDCHF,24,0.3,48,0.513,0.496,0.566,1110,54.4,2.46,1.57,4/7
M30,gap_fade,AUDCHF,24,0.3,192,0.372,0.546,0.067,923,54.2,2.85,1.14,5/7
M30,gap_fade,AUDCHF,24,0.5,48,0.437,0.289,0.706,519,54.3,3.52,1.34,6/7
M30,gap_fade,AUDCHF,24,0.5,192,0.345,0.51,0.089,419,53.7,5.63,1.06,5/7
M30,gap_fade,AUDCHF,24,0.8,48,0.301,0.221,0.411,200,56.0,3.95,0.92,6/7
M30,gap_fade,AUDCHF,24,0.8,192,0.251,0.559,-0.213,176,58.0,8.32,0.77,4/7
M30,gap_fade,AUDCHF,48,0.3,48,0.649,0.659,0.648,1075,54.6,3.21,1.98,4/7
M30,gap_fade,AUDCHF,48,0.3,192,0.367,0.53,0.088,895,53.7,2.9,1.13,5/7
M30,gap_fade,AUDCHF,48,0.5,48,0.365,0.279,0.528,496,54.0,3.04,1.12,6/7
M30,gap_fade,AUDCHF,48,0.5,192,0.222,0.432,-0.117,404,52.2,3.79,0.68,4/7
M30,gap_fade,AUDCHF,48,0.8,48,0.333,0.215,0.493,191,54.5,4.41,1.02,6/7
M30,gap_fade,AUDCHF,48,0.8,192,0.242,0.485,-0.119,169,58.6,8.26,0.74,4/7
M30,gap_fade,EURCAD,14,0.3,48,-0.216,-0.192,-0.27,903,51.8,-0.82,-0.66,3/7
M30,gap_fade,EURCAD,14,0.3,192,-0.201,-0.294,-0.004,721,52.7,-1.28,-0.62,2/7
M30,gap_fade,EURCAD,14,0.5,48,-0.319,-0.217,-0.485,363,49.9,-2.08,-0.97,3/7
M30,gap_fade,EURCAD,14,0.5,192,-0.237,-0.141,-0.405,289,50.5,-2.99,-0.72,2/7
M30,gap_fade,EURCAD,14,0.8,48,-0.071,-0.283,0.131,128,46.9,-0.86,-0.22,3/7
M30,gap_fade,EURCAD,14,0.8,192,0.131,-0.225,0.692,117,53.8,2.74,0.4,3/7
M30,gap_fade,EURCAD,24,0.3,48,-0.249,-0.252,-0.248,868,50.9,-0.98,-0.76,3/7
M30,gap_fade,EURCAD,24,0.3,192,-0.067,-0.13,0.067,693,52.5,-0.44,-0.21,2/7
M30,gap_fade,EURCAD,24,0.5,48,-0.239,-0.21,-0.284,358,50.3,-1.57,-0.72,2/7
M30,gap_fade,EURCAD,24,0.5,192,-0.224,-0.18,-0.299,286,50.3,-2.78,-0.68,2/7
M30,gap_fade,EURCAD,24,0.8,48,0.132,-0.222,0.478,124,48.4,1.62,0.4,3/7
M30,gap_fade,EURCAD,24,0.8,192,0.128,-0.204,0.619,116,54.3,2.71,0.39,4/7
M30,gap_fade,EURCAD,48,0.3,48,-0.196,-0.141,-0.319,858,51.6,-0.81,-0.6,3/7
M30,gap_fade,EURCAD,48,0.3,192,-0.042,0.109,-0.372,684,53.2,-0.29,-0.13,2/7
M30,gap_fade,EURCAD,48,0.5,48,-0.224,-0.234,-0.208,352,50.0,-1.49,-0.68,1/7
M30,gap_fade,EURCAD,48,0.5,192,-0.237,-0.219,-0.269,281,51.2,-3.01,-0.72,3/7
M30,gap_fade,EURCAD,48,0.8,48,0.097,-0.141,0.337,122,48.4,1.21,0.29,3/7
M30,gap_fade,EURCAD,48,0.8,192,0.249,0.069,0.513,112,54.5,5.4,0.76,4/7
M30,gap_fade,GBPCAD,14,0.3,48,-0.282,-0.443,0.029,861,50.2,-1.13,-0.86,2/7
M30,gap_fade,GBPCAD,14,0.3,192,0.071,0.028,0.164,693,52.8,0.51,0.22,4/7
M30,gap_fade,GBPCAD,14,0.5,48,-0.12,-0.146,-0.072,368,49.2,-0.85,-0.36,3/7
M30,gap_fade,GBPCAD,14,0.5,192,0.264,0.071,0.608,288,51.7,3.59,0.81,5/7
M30,gap_fade,GBPCAD,14,0.8,48,0.047,-0.246,0.357,124,50.8,0.57,0.14,3/7
M30,gap_fade,GBPCAD,14,0.8,192,0.041,-0.044,0.15,108,48.1,0.83,0.12,4/7
M30,gap_fade,GBPCAD,24,0.3,48,-0.218,-0.244,-0.17,836,50.6,-0.9,-0.67,3/7
M30,gap_fade,GBPCAD,24,0.3,192,0.131,0.145,0.105,675,53.6,0.96,0.4,5/7
M30,gap_fade,GBPCAD,24,0.5,48,-0.098,-0.207,0.098,356,50.0,-0.72,-0.3,3/7
M30,gap_fade,GBPCAD,24,0.5,192,0.307,0.079,0.766,281,52.7,4.46,0.94,5/7
M30,gap_fade,GBPCAD,24,0.8,48,0.133,-0.189,0.462,122,51.6,1.64,0.39,4/7
M30,gap_fade,GBPCAD,24,0.8,192,0.143,-0.016,0.347,108,50.0,2.85,0.43,5/7
M30,gap_fade,GBPCAD,48,0.3,48,-0.211,-0.127,-0.382,817,50.4,-0.9,-0.64,3/7
M30,gap_fade,GBPCAD,48,0.3,192,0.089,0.177,-0.094,653,52.7,0.69,0.27,4/7
M30,gap_fade,GBPCAD,48,0.5,48,-0.175,-0.254,-0.032,362,47.5,-1.27,-0.53,2/7
M30,gap_fade,GBPCAD,48,0.5,192,0.141,-0.097,0.626,287,50.5,2.01,0.43,3/7
M30,gap_fade,GBPCAD,48,0.8,48,-0.072,-0.521,0.393,120,50.0,-0.93,-0.21,5/7
M30,gap_fade,GBPCAD,48,0.8,192,0.084,0.015,0.171,108,50.0,1.74,0.25,4/7
M30,gap_fade,AUDCAD,14,0.3,48,0.348,0.406,0.252,1032,51.9,1.5,1.07,5/7
M30,gap_fade,AUDCAD,14,0.3,192,0.366,0.263,0.546,828,52.9,2.22,1.12,4/7
M30,gap_fade,AUDCAD,14,0.5,48,0.303,0.322,0.277,452,51.3,2.35,0.94,5/7
M30,gap_fade,AUDCAD,14,0.5,192,0.105,-0.352,0.735,351,52.7,1.23,0.32,3/7
M30,gap_fade,AUDCAD,14,0.8,48,0.263,0.1,0.446,164,53.0,3.03,0.8,5/7
M30,gap_fade,AUDCAD,14,0.8,192,0.133,0.295,-0.076,148,55.4,3.0,0.41,4/7
M30,gap_fade,AUDCAD,24,0.3,48,0.497,0.63,0.276,1009,52.4,2.18,1.52,5/7
M30,gap_fade,AUDCAD,24,0.3,192,0.405,0.272,0.634,809,53.4,2.49,1.24,4/7
M30,gap_fade,AUDCAD,24,0.5,48,0.219,0.406,-0.099,433,50.8,1.62,0.68,5/7
M30,gap_fade,AUDCAD,24,0.5,192,-0.105,-0.177,-0.011,333,51.4,-1.31,-0.32,2/7
M30,gap_fade,AUDCAD,24,0.8,48,0.192,0.041,0.361,158,52.5,2.28,0.58,4/7
M30,gap_fade,AUDCAD,24,0.8,192,0.11,0.209,-0.029,143,54.5,2.49,0.33,3/7
M30,gap_fade,AUDCAD,48,0.3,48,0.477,0.635,0.216,979,52.2,2.14,1.46,5/7
M30,gap_fade,AUDCAD,48,0.3,192,0.378,0.124,0.815,785,53.9,2.39,1.15,4/7
M30,gap_fade,AUDCAD,48,0.5,48,0.189,0.101,0.305,423,51.1,1.5,0.58,4/7
M30,gap_fade,AUDCAD,48,0.5,192,0.149,-0.219,0.651,329,50.2,1.86,0.46,4/7
M30,gap_fade,AUDCAD,48,0.8,48,0.125,0.098,0.161,157,52.2,1.62,0.38,3/7
M30,gap_fade,AUDCAD,48,0.8,192,0.039,0.136,-0.097,140,54.3,0.91,0.12,3/7
M30,gap_fade,NZDCAD,14,0.3,48,0.445,0.739,-0.023,1178,53.1,1.82,1.38,5/7
M30,gap_fade,NZDCAD,14,0.3,192,0.257,0.289,0.208,959,55.2,1.49,0.79,3/7
M30,gap_fade,NZDCAD,14,0.5,48,-0.327,-0.118,-0.632,574,48.4,-2.05,-1.01,3/7
M30,gap_fade,NZDCAD,14,0.5,192,-0.561,-0.274,-0.995,445,50.3,-6.32,-1.74,2/7
M30,gap_fade,NZDCAD,14,0.8,48,0.149,0.227,0.064,216,51.4,1.53,0.46,5/7
M30,gap_fade,NZDCAD,14,0.8,192,-0.151,-0.005,-0.394,179,52.0,-2.88,-0.46,3/7
M30,gap_fade,NZDCAD,24,0.3,48,0.396,0.543,0.157,1152,53.0,1.61,1.22,5/7
M30,gap_fade,NZDCAD,24,0.3,192,0.136,-0.036,0.407,937,54.5,0.8,0.42,4/7
M30,gap_fade,NZDCAD,24,0.5,48,-0.266,-0.117,-0.491,559,47.9,-1.73,-0.82,3/7
M30,gap_fade,NZDCAD,24,0.5,192,-0.599,-0.408,-0.892,438,49.3,-6.9,-1.85,1/7
M30,gap_fade,NZDCAD,24,0.8,48,0.344,0.458,0.207,215,53.5,3.68,1.05,4/7
M30,gap_fade,NZDCAD,24,0.8,192,-0.067,0.059,-0.279,176,52.8,-1.28,-0.2,3/7
M30,gap_fade,NZDCAD,48,0.3,48,0.381,0.466,0.243,1128,52.4,1.6,1.18,4/7
M30,gap_fade,NZDCAD,48,0.3,192,0.03,-0.196,0.391,922,54.2,0.18,0.09,3/7
M30,gap_fade,NZDCAD,48,0.5,48,-0.237,0.028,-0.629,544,48.2,-1.59,-0.73,3/7
M30,gap_fade,NZDCAD,48,0.5,192,-0.458,-0.169,-0.888,427,51.3,-5.36,-1.41,2/7
M30,gap_fade,NZDCAD,48,0.8,48,0.422,0.411,0.441,214,52.8,4.54,1.3,5/7
M30,gap_fade,NZDCAD,48,0.8,192,0.005,0.115,-0.173,176,54.0,0.09,0.01,3/7
M30,gap_fade,CHFJPY,14,0.3,48,-0.224,-0.163,-0.324,1059,51.9,-0.93,-0.69,2/7
M30,gap_fade,CHFJPY,14,0.3,192,-0.39,-0.355,-0.45,837,52.9,-2.59,-1.2,3/7
M30,gap_fade,CHFJPY,14,0.5,48,-0.399,-0.136,-0.79,528,49.2,-2.53,-1.23,2/7
M30,gap_fade,CHFJPY,14,0.5,192,-0.636,-0.671,-0.575,400,50.5,-8.06,-1.96,2/7
M30,gap_fade,CHFJPY,14,0.8,48,0.155,0.016,0.317,176,52.3,1.93,0.48,3/7
M30,gap_fade,CHFJPY,14,0.8,192,-0.197,-0.4,0.12,151,58.9,-4.76,-0.61,4/7
M30,gap_fade,CHFJPY,24,0.3,48,-0.127,-0.116,-0.146,1018,52.7,-0.56,-0.39,3/7
M30,gap_fade,CHFJPY,24,0.3,192,-0.547,-0.659,-0.359,792,52.0,-3.88,-1.69,3/7
M30,gap_fade,CHFJPY,24,0.5,48,-0.623,-0.27,-1.17,493,47.5,-4.17,-1.91,2/7
M30,gap_fade,CHFJPY,24,0.5,192,-0.73,-0.634,-0.912,381,50.4,-9.73,-2.25,2/7
M30,gap_fade,CHFJPY,24,0.8,48,-0.096,-0.086,-0.109,177,51.4,-1.16,-0.3,3/7
M30,gap_fade,CHFJPY,24,0.8,192,-0.336,-0.321,-0.362,152,57.2,-7.91,-1.04,3/7
M30,gap_fade,CHFJPY,48,0.3,48,-0.107,0.036,-0.332,994,51.8,-0.48,-0.33,3/7
M30,gap_fade,CHFJPY,48,0.3,192,-0.566,-0.528,-0.63,778,50.9,-4.09,-1.74,3/7
M30,gap_fade,CHFJPY,48,0.5,48,-0.505,-0.115,-1.131,471,47.6,-3.46,-1.55,2/7
M30,gap_fade,CHFJPY,48,0.5,192,-0.677,-0.546,-0.92,369,49.6,-9.16,-2.09,3/7
M30,gap_fade,CHFJPY,48,0.8,48,-0.009,0.177,-0.238,177,51.4,-0.11,-0.03,4/7
M30,gap_fade,CHFJPY,48,0.8,192,-0.38,-0.409,-0.333,153,56.9,-8.82,-1.17,2/7
M30,gap_fade,CADCHF,14,0.3,48,-0.756,-0.438,-1.255,1019,50.2,-3.11,-2.33,0/7
M30,gap_fade,CADCHF,14,0.3,192,-0.832,-0.735,-0.986,820,49.5,-5.68,-2.56,1/7
M30,gap_fade,CADCHF,14,0.5,48,-0.315,-0.199,-0.473,451,51.4,-2.21,-0.97,1/7
M30,gap_fade,CADCHF,14,0.5,192,-0.49,-0.59,-0.333,358,49.7,-6.68,-1.5,1/7
M30,gap_fade,CADCHF,14,0.8,48,-0.222,-0.672,0.243,141,46.8,-2.89,-0.69,3/7
M30,gap_fade,CADCHF,14,0.8,192,-0.211,-0.7,0.319,120,48.3,-5.75,-0.65,5/7
M30,gap_fade,CADCHF,24,0.3,48,-0.433,-0.051,-1.053,987,51.5,-1.88,-1.33,3/7
M30,gap_fade,CADCHF,24,0.3,192,-0.502,-0.269,-0.875,792,51.1,-3.56,-1.54,2/7
M30,gap_fade,CADCHF,24,0.5,48,-0.375,-0.338,-0.427,434,50.5,-2.69,-1.15,1/7
M30,gap_fade,CADCHF,24,0.5,192,-0.652,-0.977,-0.171,347,49.6,-8.99,-2.01,1/7
M30,gap_fade,CADCHF,24,0.8,48,-0.268,-0.562,0.016,140,45.7,-3.55,-0.83,3/7
M30,gap_fade,CADCHF,24,0.8,192,-0.264,-0.764,0.246,120,45.8,-7.04,-0.81,3/7
M30,gap_fade,CADCHF,48,0.3,48,-0.527,-0.209,-1.039,967,51.7,-2.28,-1.62,1/7
M30,gap_fade,CADCHF,48,0.3,192,-0.483,-0.231,-0.883,775,51.1,-3.54,-1.48,1/7
M30,gap_fade,CADCHF,48,0.5,48,-0.284,-0.302,-0.263,431,50.3,-2.07,-0.87,2/7
M30,gap_fade,CADCHF,48,0.5,192,-0.701,-1.041,-0.24,345,49.6,-10.16,-2.16,1/7
M30,gap_fade,CADCHF,48,0.8,48,-0.343,-0.706,0.041,146,45.9,-4.5,-1.07,2/7
M30,gap_fade,CADCHF,48,0.8,192,0.074,-0.197,0.402,126,49.2,2.04,0.23,4/7
M30,gap_fade,EURUSD,14,0.3,48,0.064,-0.095,0.306,883,49.7,0.24,0.2,6/7
M30,gap_fade,EURUSD,14,0.3,192,0.087,0.195,-0.124,705,51.3,0.64,0.27,3/7
M30,gap_fade,EURUSD,14,0.5,48,-0.083,-0.337,0.258,474,47.7,-0.45,-0.25,3/7
M30,gap_fade,EURUSD,14,0.5,192,-0.332,-0.324,-0.345,376,47.3,-4.1,-1.02,2/7
M30,gap_fade,EURUSD,14,0.8,48,0.193,-0.165,0.599,188,51.1,1.81,0.59,3/7
M30,gap_fade,EURUSD,14,0.8,192,0.085,0.276,-0.176,174,45.4,1.81,0.26,4/7
M30,gap_fade,EURUSD,24,0.3,48,0.203,0.233,0.159,851,50.3,0.79,0.62,5/7
M30,gap_fade,EURUSD,24,0.3,192,0.303,0.536,-0.142,680,52.4,2.3,0.93,6/7
M30,gap_fade,EURUSD,24,0.5,48,-0.063,-0.311,0.261,433,47.6,-0.37,-0.19,3/7
M30,gap_fade,EURUSD,24,0.5,192,-0.24,-0.294,-0.153,344,47.1,-3.23,-0.74,3/7
M30,gap_fade,EURUSD,24,0.8,48,0.169,-0.189,0.558,171,50.3,1.7,0.52,3/7
M30,gap_fade,EURUSD,24,0.8,192,-0.082,0.007,-0.211,160,44.4,-1.97,-0.25,3/7
M30,gap_fade,EURUSD,48,0.3,48,0.278,0.369,0.14,828,50.4,1.09,0.85,5/7
M30,gap_fade,EURUSD,48,0.3,192,0.32,0.426,0.118,668,52.4,2.44,0.99,5/7
M30,gap_fade,EURUSD,48,0.5,48,-0.007,-0.469,0.564,412,48.5,-0.04,-0.02,2/7
M30,gap_fade,EURUSD,48,0.5,192,-0.286,-0.53,0.122,333,45.9,-3.89,-0.88,3/7
M30,gap_fade,EURUSD,48,0.8,48,0.385,0.114,0.683,159,54.1,4.06,1.18,4/7
M30,gap_fade,EURUSD,48,0.8,192,0.008,0.147,-0.188,147,44.9,0.2,0.02,4/7
M30,gap_fade,USDCHF,14,0.3,48,-0.587,-0.812,-0.272,1330,48.3,-2.04,-1.79,1/7
M30,gap_fade,USDCHF,14,0.3,192,-0.242,-0.433,0.073,1103,49.4,-1.27,-0.74,1/7
M30,gap_fade,USDCHF,14,0.5,48,-0.664,-0.661,-0.676,753,46.9,-3.44,-2.03,1/7
M30,gap_fade,USDCHF,14,0.5,192,-0.113,-0.139,-0.076,590,49.5,-1.07,-0.35,5/7
M30,gap_fade,USDCHF,14,0.8,48,-0.135,0.074,-0.355,308,48.7,-1.23,-0.41,2/7
M30,gap_fade,USDCHF,14,0.8,192,0.268,0.351,0.169,256,50.4,4.53,0.82,5/7
M30,gap_fade,USDCHF,24,0.3,48,-0.605,-0.745,-0.411,1269,48.1,-2.22,-1.84,2/7
M30,gap_fade,USDCHF,24,0.3,192,-0.242,-0.325,-0.113,1042,49.4,-1.33,-0.74,2/7
M30,gap_fade,USDCHF,24,0.5,48,-0.626,-0.704,-0.533,707,47.4,-3.37,-1.92,1/7
M30,gap_fade,USDCHF,24,0.5,192,0.02,0.052,-0.027,555,51.4,0.19,0.06,5/7
M30,gap_fade,USDCHF,24,0.8,48,-0.06,0.085,-0.203,277,49.5,-0.58,-0.19,2/7
M30,gap_fade,USDCHF,24,0.8,192,0.288,0.491,0.04,229,51.1,5.44,0.88,4/7
M30,gap_fade,USDCHF,48,0.3,48,-0.755,-0.758,-0.754,1237,47.9,-2.79,-2.3,1/7
M30,gap_fade,USDCHF,48,0.3,192,-0.356,-0.422,-0.252,1016,49.1,-1.99,-1.08,1/7
M30,gap_fade,USDCHF,48,0.5,48,-0.643,-0.83,-0.406,695,48.1,-3.48,-1.98,1/7
M30,gap_fade,USDCHF,48,0.5,192,0.047,-0.071,0.25,549,50.5,0.45,0.14,5/7
M30,gap_fade,USDCHF,48,0.8,48,-0.082,-0.056,-0.111,270,49.3,-0.8,-0.25,3/7
M30,gap_fade,USDCHF,48,0.8,192,0.358,0.499,0.163,223,52.9,6.65,1.1,5/7
M30,close_loc,EURGBP,5,0.62,48,-0.214,-0.457,0.619,389,49.6,-1.68,-0.64,2/7
M30,close_loc,EURGBP,5,0.62,192,-0.24,-0.305,-0.088,300,50.3,-3.07,-0.74,1/7
M30,close_loc,EURAUD,5,0.62,48,-0.213,-0.314,-0.024,789,54.9,-1.44,-0.66,4/7
M30,close_loc,EURAUD,5,0.62,192,-0.376,-0.341,-0.47,571,56.6,-3.99,-1.1,4/7
M30,close_loc,EURAUD,10,0.62,48,0.193,0.407,-0.365,61,50.8,7.69,0.58,4/7
M30,close_loc,EURAUD,10,0.62,192,0.171,0.367,-0.524,59,50.8,9.05,0.52,5/7
M30,close_loc,EURNZD,5,0.62,48,-0.17,0.068,-0.648,775,53.7,-0.99,-0.54,2/7
M30,close_loc,EURNZD,5,0.62,192,-0.829,-0.714,-1.083,563,53.1,-8.42,-2.56,1/7
M30,close_loc,EURNZD,10,0.62,48,0.26,0.302,0.139,60,56.7,10.09,0.81,2/6
M30,close_loc,EURNZD,10,0.62,192,-0.409,-0.672,0.655,56,46.4,-19.43,-1.09,2/6
M30,close_loc,GBPAUD,5,0.62,48,0.16,0.476,-0.462,658,55.2,0.96,0.48,4/7
M30,close_loc,GBPAUD,5,0.62,192,-0.12,0.002,-0.367,493,56.4,-1.26,-0.36,3/7
M30,close_loc,GBPNZD,5,0.62,48,-0.132,-0.162,-0.075,664,51.4,-0.8,-0.41,2/7
M30,close_loc,GBPNZD,5,0.62,192,-0.34,-0.105,-0.784,488,54.1,-3.67,-1.05,2/7
M30,close_loc,AUDNZD,5,0.62,48,-0.207,-0.087,-0.382,77,46.8,-3.07,-0.63,2/7
M30,close_loc,AUDNZD,5,0.62,192,-0.505,-0.622,-0.32,69,40.6,-13.29,-1.57,1/7
M30,close_loc,EURCHF,5,0.62,48,-0.494,-0.502,-0.483,384,48.4,-3.02,-1.52,2/7
M30,close_loc,EURCHF,5,0.62,192,-0.368,-0.109,-0.767,304,53.3,-3.83,-1.13,2/7
M30,close_loc,GBPCHF,5,0.62,48,-0.678,-0.686,-0.679,777,48.4,-3.88,-2.04,2/7
M30,close_loc,GBPCHF,5,0.62,192,-0.606,-0.357,-1.132,563,51.3,-6.11,-1.85,1/7
M30,close_loc,GBPCHF,10,0.62,48,0.039,-0.062,0.296,58,46.6,0.86,0.11,4/6
M30,close_loc,GBPCHF,10,0.62,192,0.248,0.264,0.209,56,50.0,10.49,0.7,2/6
M30,close_loc,AUDCHF,5,0.62,48,-0.02,0.041,-0.121,1013,54.2,-0.12,-0.06,4/7
M30,close_loc,AUDCHF,5,0.62,192,-0.416,-0.387,-0.496,761,58.2,-3.84,-1.22,2/7
M30,close_loc,AUDCHF,5,0.68,48,0.096,-0.154,0.313,58,50.0,3.78,0.28,4/7
M30,close_loc,AUDCHF,5,0.68,192,-0.2,-0.171,-0.287,52,50.0,-15.36,-0.6,2/7
M30,close_loc,AUDCHF,10,0.62,48,-0.145,-0.939,0.638,124,46.0,-3.46,-0.43,3/7
M30,close_loc,AUDCHF,10,0.62,192,-0.501,-0.644,-0.131,105,47.6,-20.54,-1.51,3/7
M30,close_loc,EURCAD,5,0.62,48,0.523,0.658,0.226,869,57.2,2.48,1.61,6/7
M30,close_loc,EURCAD,5,0.62,192,0.585,0.668,0.423,648,61.4,4.43,1.79,6/7
M30,close_loc,EURCAD,10,0.62,48,-0.026,-0.022,-0.035,61,45.9,-0.52,-0.07,5/7
M30,close_loc,EURCAD,10,0.62,192,-0.343,-0.23,-0.602,55,43.6,-14.02,-1.01,2/7
M30,close_loc,GBPCAD,5,0.62,48,-0.555,-0.583,-0.516,780,49.7,-2.79,-1.68,1/7
M30,close_loc,GBPCAD,5,0.62,192,-0.203,-0.261,-0.083,584,57.5,-1.76,-0.62,3/7
M30,close_loc,GBPCAD,10,0.62,48,0.171,0.201,0.109,72,54.2,3.42,0.52,3/7
M30,close_loc,GBPCAD,10,0.62,192,0.426,0.664,-0.254,66,51.5,21.84,1.31,5/7
M30,close_loc,AUDCAD,5,0.62,48,0.2,0.253,0.121,642,52.2,1.2,0.62,3/7
M30,close_loc,AUDCAD,5,0.62,192,0.441,0.49,0.356,466,58.8,4.98,1.36,4/7
M30,close_loc,NZDCAD,5,0.62,48,0.308,0.424,0.114,752,54.5,1.81,0.97,4/7
M30,close_loc,NZDCAD,5,0.62,192,0.013,-0.032,0.098,550,58.4,0.13,0.04,3/7
M30,close_loc,NZDCAD,10,0.62,48,0.266,0.482,-0.142,59,55.9,6.87,0.8,4/7
M30,close_loc,NZDCAD,10,0.62,192,0.084,0.267,-0.157,54,59.3,3.35,0.25,4/7
M30,close_loc,CHFJPY,5,0.62,48,-0.411,-0.821,0.42,928,51.3,-2.14,-1.28,4/7
M30,close_loc,CHFJPY,5,0.62,192,-0.551,-0.787,-0.088,681,55.5,-4.69,-1.69,2/7
M30,close_loc,CHFJPY,10,0.62,48,-0.004,-0.299,0.871,87,50.6,-0.08,-0.01,4/7
M30,close_loc,CHFJPY,10,0.62,192,0.19,0.041,0.61,78,52.6,7.91,0.57,4/7
M30,close_loc,CADCHF,5,0.62,48,0.077,-0.085,0.392,1119,57.5,0.35,0.23,4/7
M30,close_loc,CADCHF,5,0.62,192,0.111,-0.02,0.367,861,58.8,0.73,0.34,4/7
M30,close_loc,CADCHF,5,0.68,48,-0.393,-0.629,-0.039,96,43.8,-7.83,-1.15,1/6
M30,close_loc,CADCHF,5,0.68,192,-0.466,-0.748,0.048,77,48.1,-16.51,-1.37,1/6
M30,close_loc,CADCHF,10,0.62,48,-0.527,-0.781,-0.103,123,51.2,-10.2,-1.61,1/7
M30,close_loc,CADCHF,10,0.62,192,-0.525,-0.645,-0.25,107,48.6,-15.78,-1.6,1/7
M30,close_loc,EURUSD,5,0.62,48,-0.633,-0.376,-1.103,5440,56.2,-0.7,-1.91,1/7
M30,close_loc,EURUSD,5,0.62,192,-0.669,-0.423,-1.142,5377,56.3,-0.73,-1.98,1/7
M30,close_loc,EURUSD,5,0.68,48,0.069,0.393,-0.531,3267,56.4,0.12,0.21,3/7
M30,close_loc,EURUSD,5,0.68,192,0.034,0.343,-0.524,3040,56.8,0.07,0.1,4/7
M30,close_loc,EURUSD,5,0.75,48,-0.021,0.353,-0.671,1635,53.6,-0.07,-0.06,3/7
M30,close_loc,EURUSD,5,0.75,192,-0.063,0.156,-0.457,1256,55.0,-0.27,-0.19,2/7
M30,close_loc,EURUSD,10,0.62,48,-0.339,-0.299,-0.412,2264,55.7,-0.8,-1.01,1/7
M30,close_loc,EURUSD,10,0.62,192,-0.46,-0.468,-0.449,1893,56.6,-1.32,-1.36,1/7
M30,close_loc,EURUSD,10,0.68,48,0.155,0.095,0.254,1001,52.9,0.67,0.47,2/7
M30,close_loc,EURUSD,10,0.68,192,0.116,0.017,0.294,715,55.8,0.9,0.35,3/7
M30,close_loc,EURUSD,10,0.75,48,0.263,0.275,0.244,185,51.9,3.05,0.8,4/7
M30,close_loc,EURUSD,10,0.75,192,0.342,0.443,0.127,156,51.9,8.04,1.05,4/7
M30,close_loc,EURUSD,20,0.62,48,-0.393,-0.391,-0.396,756,49.2,-2.04,-1.21,1/7
M30,close_loc,EURUSD,20,0.62,192,0.014,-0.045,0.13,531,55.4,0.14,0.04,4/7
M30,close_loc,EURUSD,20,0.68,48,0.055,0.182,-0.188,117,46.2,0.72,0.17,5/7
M30,close_loc,EURUSD,20,0.68,192,0.24,-0.006,0.738,102,52.0,6.75,0.73,5/7
M30,close_loc,EURUSD,40,0.62,48,0.627,0.577,0.722,93,58.1,10.25,1.94,6/7
M30,close_loc,EURUSD,40,0.62,192,0.707,0.737,0.66,79,57.0,25.12,2.21,6/7
M30,close_loc,USDCHF,5,0.62,48,-1.469,-1.0,-2.231,5097,54.5,-1.71,-4.17,0/7
M30,close_loc,USDCHF,5,0.62,192,-1.477,-1.035,-2.205,5041,54.6,-1.74,-4.21,0/7
M30,close_loc,USDCHF,5,0.68,48,-0.567,-0.256,-1.072,3116,56.6,-1.08,-1.67,1/7
M30,close_loc,USDCHF,5,0.68,192,-0.485,-0.144,-1.057,2888,57.6,-1.01,-1.43,2/7
M30,close_loc,USDCHF,5,0.75,48,-0.136,0.069,-0.45,1544,54.5,-0.49,-0.42,2/7
M30,close_loc,USDCHF,5,0.75,192,-0.062,-0.018,-0.133,1208,57.0,-0.31,-0.19,3/7
M30,close_loc,USDCHF,10,0.62,48,-0.51,-0.427,-0.64,2140,55.7,-1.42,-1.56,1/7
M30,close_loc,USDCHF,10,0.62,192,-0.345,-0.125,-0.685,1805,58.6,-1.2,-1.05,3/7
M30,close_loc,USDCHF,10,0.68,48,-0.154,0.397,-0.981,987,53.0,-0.76,-0.48,3/7
M30,close_loc,USDCHF,10,0.68,192,-0.316,-0.118,-0.638,683,57.4,-2.63,-0.96,2/7
M30,close_loc,USDCHF,10,0.75,48,0.06,-0.015,0.193,210,46.2,0.74,0.18,5/7
M30,close_loc,USDCHF,10,0.75,192,-0.235,-0.386,0.054,177,48.6,-5.34,-0.72,3/7
M30,close_loc,USDCHF,20,0.62,48,-0.303,0.208,-1.105,751,49.1,-1.84,-0.93,2/7
M30,close_loc,USDCHF,20,0.62,192,-0.048,0.332,-0.606,516,54.8,-0.54,-0.15,3/7
M30,close_loc,USDCHF,20,0.68,48,-0.595,-0.85,-0.115,107,43.0,-9.36,-1.84,1/7
M30,close_loc,USDCHF,20,0.68,192,-0.603,-0.598,-0.616,99,42.4,-19.56,-1.87,0/7
M30,close_loc,USDCHF,40,0.62,48,-0.091,-0.034,-0.185,97,44.3,-1.5,-0.28,4/7
M30,close_loc,USDCHF,40,0.62,192,0.175,0.107,0.29,88,53.4,5.5,0.53,4/7
M30,accel,EURGBP,12,1.5,48,-0.654,-0.67,-0.687,2126,52.9,-1.56,-2.1,0/7
M30,accel,EURGBP,12,1.5,192,-0.575,-0.649,-0.439,1909,53.9,-1.58,-1.83,1/7
M30,accel,EURGBP,12,2.0,48,-0.757,-0.914,-0.407,1251,51.2,-2.71,-2.44,1/7
M30,accel,EURGBP,12,2.0,192,-0.788,-0.961,-0.4,949,50.9,-4.23,-2.52,2/7
M30,accel,EURGBP,12,2.5,48,-0.058,-0.172,0.233,590,53.7,-0.31,-0.18,3/7
M30,accel,EURGBP,12,2.5,192,-0.248,-0.091,-0.724,431,54.1,-2.58,-0.77,2/7
M30,accel,EURGBP,24,1.5,48,-0.196,-0.089,-0.55,1338,54.5,-0.66,-0.61,2/7
M30,accel,EURGBP,24,1.5,192,-0.017,0.154,-0.512,1119,54.7,-0.07,-0.05,3/7
M30,accel,EURGBP,24,2.0,48,0.045,0.011,0.138,781,55.2,0.21,0.14,4/7
M30,accel,EURGBP,24,2.0,192,-0.181,-0.117,-0.359,599,53.6,-1.47,-0.56,2/7
M30,accel,EURGBP,24,2.5,48,-0.337,-0.435,-0.114,356,53.1,-2.23,-1.04,2/7
M30,accel,EURGBP,24,2.5,192,-0.219,-0.108,-0.486,300,53.0,-2.74,-0.69,2/7
M30,accel,EURGBP,48,1.5,48,0.341,0.398,0.228,768,50.7,1.6,1.06,5/7
M30,accel,EURGBP,48,1.5,192,-0.241,-0.388,0.105,617,56.4,-1.76,-0.74,3/7
M30,accel,EURGBP,48,2.0,48,0.254,0.451,-0.224,473,49.3,1.6,0.78,3/7
M30,accel,EURGBP,48,2.0,192,0.029,0.162,-0.301,408,53.4,0.29,0.09,4/7
M30,accel,EURGBP,48,2.5,48,0.292,0.496,-0.155,249,51.0,2.53,0.9,5/7
M30,accel,EURGBP,48,2.5,192,0.077,0.163,-0.147,229,55.5,1.11,0.24,5/7
M30,accel,EURGBP,96,1.5,48,0.002,0.077,-0.205,594,49.7,0.01,0.01,4/7
M30,accel,EURGBP,96,1.5,192,-0.258,-0.219,-0.425,358,52.8,-3.34,-0.84,3/7
M30,accel,EURGBP,96,2.0,48,-0.026,0.043,-0.208,313,51.8,-0.23,-0.08,3/7
M30,accel,EURGBP,96,2.0,192,-0.278,-0.312,-0.215,223,51.6,-4.36,-0.85,2/7
M30,accel,EURGBP,96,2.5,48,-0.046,0.156,-0.483,139,43.9,-0.61,-0.14,1/7
M30,accel,EURGBP,96,2.5,192,-0.159,0.002,-0.577,118,49.2,-3.58,-0.48,3/7
M30,accel,EURAUD,12,1.5,48,-0.468,-0.651,-0.098,2227,54.6,-1.36,-1.44,1/7
M30,accel,EURAUD,12,1.5,192,-0.384,-0.57,-0.003,2041,54.7,-1.23,-1.17,1/7
M30,accel,EURAUD,12,2.0,48,-0.746,-1.04,-0.159,1239,50.4,-3.48,-2.29,3/7
M30,accel,EURAUD,12,2.0,192,-0.869,-1.03,-0.552,961,51.9,-6.13,-2.64,2/7
M30,accel,EURAUD,12,2.5,48,0.079,-0.04,0.379,516,53.7,0.65,0.24,3/7
M30,accel,EURAUD,12,2.5,192,-0.383,-0.282,-0.566,379,53.8,-6.21,-1.18,1/7
M30,accel,EURAUD,24,1.5,48,-0.718,-0.977,-0.2,1334,52.4,-3.29,-2.25,1/7
M30,accel,EURAUD,24,1.5,192,-0.475,-0.849,0.34,1124,55.5,-2.81,-1.47,2/7
M30,accel,EURAUD,24,2.0,48,-0.624,-0.872,-0.117,785,50.6,-3.8,-1.93,1/7
M30,accel,EURAUD,24,2.0,192,-0.242,-0.407,0.095,631,54.0,-2.51,-0.76,2/7
M30,accel,EURAUD,24,2.5,48,-0.195,-0.409,0.272,383,53.3,-1.86,-0.61,2/7
M30,accel,EURAUD,24,2.5,192,-0.153,0.077,-0.579,329,51.1,-2.65,-0.47,3/7
M30,accel,EURAUD,48,1.5,48,-0.059,0.012,-0.216,777,49.9,-0.37,-0.18,2/7
M30,accel,EURAUD,48,1.5,192,-0.194,-0.066,-0.463,632,53.8,-1.89,-0.59,2/7
M30,accel,EURAUD,48,2.0,48,0.131,0.062,0.282,472,48.9,1.16,0.41,3/7
M30,accel,EURAUD,48,2.0,192,-0.258,-0.236,-0.311,398,51.8,-3.75,-0.79,1/7
M30,accel,EURAUD,48,2.5,48,0.146,0.238,-0.032,247,49.4,1.74,0.45,3/7
M30,accel,EURAUD,48,2.5,192,0.148,0.385,-0.296,227,52.0,3.24,0.45,4/7
M30,accel,EURAUD,96,1.5,48,0.17,0.344,-0.278,590,49.8,1.78,0.59,5/7
M30,accel,EURAUD,96,1.5,192,0.088,0.193,-0.186,361,52.1,1.67,0.3,4/7
M30,accel,EURAUD,96,2.0,48,-0.056,0.214,-0.557,315,50.5,-0.69,-0.17,1/7
M30,accel,EURAUD,96,2.0,192,-0.171,-0.007,-0.554,229,49.3,-3.86,-0.52,4/7
M30,accel,EURAUD,96,2.5,48,-0.181,-0.192,-0.17,151,50.3,-2.96,-0.55,3/7
M30,accel,EURAUD,96,2.5,192,-0.252,-0.135,-0.481,123,46.3,-9.18,-0.77,2/7
M30,accel,EURNZD,12,1.5,48,-0.686,-0.987,-0.049,2170,53.0,-1.95,-2.11,2/7
M30,accel,EURNZD,12,1.5,192,-0.526,-0.85,0.165,1980,53.1,-1.66,-1.62,2/7
M30,accel,EURNZD,12,2.0,48,-0.576,-1.034,0.4,1226,52.3,-2.54,-1.79,3/7
M30,accel,EURNZD,12,2.0,192,-0.224,-0.478,0.321,926,53.9,-1.49,-0.69,2/7
M30,accel,EURNZD,12,2.5,48,-0.213,-0.36,0.126,547,52.8,-1.63,-0.66,2/7
M30,accel,EURNZD,12,2.5,192,-0.207,-0.327,0.012,403,52.9,-3.03,-0.64,3/7
M30,accel,EURNZD,24,1.5,48,-0.897,-1.277,-0.153,1324,50.2,-3.57,-2.74,1/7
M30,accel,EURNZD,24,1.5,192,-0.511,-1.017,0.481,1111,54.0,-2.84,-1.58,2/7
M30,accel,EURNZD,24,2.0,48,-0.225,-0.369,0.09,787,53.0,-1.37,-0.72,1/7
M30,accel,EURNZD,24,2.0,192,-0.236,-0.483,0.221,619,54.1,-2.41,-0.74,2/7
M30,accel,EURNZD,24,2.5,48,-0.295,-0.546,0.334,396,46.5,-2.51,-0.91,3/7
M30,accel,EURNZD,24,2.5,192,-0.186,-0.094,-0.39,326,51.2,-3.11,-0.57,3/7
M30,accel,EURNZD,48,1.5,48,0.638,0.767,0.381,789,53.2,4.01,1.97,6/7
M30,accel,EURNZD,48,1.5,192,0.314,0.194,0.566,657,56.2,2.91,0.97,4/7
M30,accel,EURNZD,48,2.0,48,0.523,0.5,0.567,473,51.6,4.35,1.61,6/7
M30,accel,EURNZD,48,2.0,192,0.192,0.134,0.312,406,56.4,2.66,0.59,5/7
M30,accel,EURNZD,48,2.5,48,0.242,0.55,-0.392,213,51.6,3.23,0.74,5/7
M30,accel,EURNZD,48,2.5,192,0.022,0.295,-0.525,198,54.5,0.45,0.07,3/7
M30,accel,EURNZD,96,1.5,48,0.079,0.263,-0.268,601,50.4,0.58,0.24,4/7
M30,accel,EURNZD,96,1.5,192,0.148,0.452,-0.447,377,57.8,2.04,0.45,4/7
M30,accel,EURNZD,96,2.0,48,0.221,0.321,0.03,316,50.3,2.38,0.67,5/7
M30,accel,EURNZD,96,2.0,192,0.266,0.655,-0.546,246,51.6,5.17,0.81,5/7
M30,accel,EURNZD,96,2.5,48,0.108,0.242,-0.205,151,49.0,1.95,0.33,3/7
M30,accel,EURNZD,96,2.5,192,-0.088,0.378,-0.986,131,52.7,-2.49,-0.27,4/7
M30,accel,GBPAUD,12,1.5,48,-0.863,-0.78,-1.067,2151,53.5,-2.53,-2.71,1/7
M30,accel,GBPAUD,12,1.5,192,-0.942,-0.826,-1.234,1924,52.6,-3.19,-2.97,1/7
M30,accel,GBPAUD,12,2.0,48,-0.257,-0.437,0.115,1278,52.8,-1.06,-0.8,2/7
M30,accel,GBPAUD,12,2.0,192,-0.45,-0.948,0.538,995,53.2,-2.81,-1.37,3/7
M30,accel,GBPAUD,12,2.5,48,-0.029,-0.095,0.118,564,52.0,-0.21,-0.09,4/7
M30,accel,GBPAUD,12,2.5,192,-0.828,-0.861,-0.773,420,48.8,-10.7,-2.56,2/7
M30,accel,GBPAUD,24,1.5,48,-1.165,-1.102,-1.312,1314,51.1,-4.69,-3.57,1/7
M30,accel,GBPAUD,24,1.5,192,-1.025,-1.055,-0.98,1101,51.8,-5.43,-3.12,1/7
M30,accel,GBPAUD,24,2.0,48,-0.476,-0.612,-0.224,784,50.1,-2.7,-1.46,2/7
M30,accel,GBPAUD,24,2.0,192,-0.058,-0.317,0.434,625,53.0,-0.53,-0.18,4/7
M30,accel,GBPAUD,24,2.5,48,0.126,0.022,0.441,375,52.5,1.26,0.41,3/7
M30,accel,GBPAUD,24,2.5,192,-0.006,0.156,-0.324,309,52.1,-0.1,-0.02,2/7
M30,accel,GBPAUD,48,1.5,48,0.669,0.59,0.865,777,53.4,4.39,2.12,5/7
M30,accel,GBPAUD,48,1.5,192,0.342,0.156,0.724,641,57.6,3.21,1.07,5/7
M30,accel,GBPAUD,48,2.0,48,0.563,0.65,0.389,468,52.6,4.94,1.8,4/7
M30,accel,GBPAUD,48,2.0,192,0.198,0.389,-0.249,411,55.2,2.7,0.62,3/7
M30,accel,GBPAUD,48,2.5,48,0.238,0.064,0.597,211,50.7,3.0,0.73,5/7
M30,accel,GBPAUD,48,2.5,192,0.016,-0.283,0.584,195,57.4,0.35,0.05,5/7
M30,accel,GBPAUD,96,1.5,48,-0.055,-0.005,-0.151,596,48.5,-0.4,-0.17,4/7
M30,accel,GBPAUD,96,1.5,192,-0.192,-0.14,-0.305,369,55.6,-2.67,-0.59,4/7
M30,accel,GBPAUD,96,2.0,48,0.207,0.334,-0.042,293,50.5,2.48,0.63,3/7
M30,accel,GBPAUD,96,2.0,192,0.009,0.098,-0.183,231,52.4,0.17,0.03,3/7
M30,accel,GBPAUD,96,2.5,48,0.176,0.218,0.096,130,48.5,3.42,0.54,5/7
M30,accel,GBPAUD,96,2.5,192,-0.21,-0.482,0.357,113,47.8,-6.7,-0.64,3/7
M30,accel,GBPNZD,12,1.5,48,-0.86,-0.869,-0.884,2145,51.7,-2.54,-2.73,2/7
M30,accel,GBPNZD,12,1.5,192,-0.85,-0.886,-0.804,1938,51.8,-2.8,-2.68,2/7
M30,accel,GBPNZD,12,2.0,48,-0.449,-0.836,0.376,1220,51.0,-2.01,-1.42,2/7
M30,accel,GBPNZD,12,2.0,192,-0.418,-0.789,0.373,937,51.9,-2.71,-1.32,2/7
M30,accel,GBPNZD,12,2.5,48,-0.116,-0.291,0.32,557,51.0,-0.86,-0.37,4/7
M30,accel,GBPNZD,12,2.5,192,-0.192,-0.264,-0.051,423,53.4,-2.44,-0.6,3/7
M30,accel,GBPNZD,24,1.5,48,-1.267,-1.409,-1.006,1302,49.8,-5.2,-3.92,1/7
M30,accel,GBPNZD,24,1.5,192,-1.129,-1.312,-0.801,1103,50.9,-5.92,-3.47,1/7
M30,accel,GBPNZD,24,2.0,48,-0.225,-0.186,-0.325,784,51.4,-1.36,-0.7,1/7
M30,accel,GBPNZD,24,2.0,192,-0.31,-0.239,-0.468,616,52.6,-3.0,-0.98,3/7
M30,accel,GBPNZD,24,2.5,48,0.239,0.264,0.197,375,49.9,2.35,0.78,5/7
M30,accel,GBPNZD,24,2.5,192,0.729,0.948,0.315,318,57.2,11.8,2.33,6/7
M30,accel,GBPNZD,48,1.5,48,0.739,1.109,-0.019,790,53.3,4.59,2.37,4/7
M30,accel,GBPNZD,48,1.5,192,0.196,0.375,-0.188,655,54.2,1.8,0.62,4/7
M30,accel,GBPNZD,48,2.0,48,0.468,0.9,-0.467,464,47.4,3.68,1.44,5/7
M30,accel,GBPNZD,48,2.0,192,0.274,0.585,-0.373,416,55.0,3.47,0.85,5/7
M30,accel,GBPNZD,48,2.5,48,0.904,1.266,0.109,221,55.7,12.15,2.8,6/7
M30,accel,GBPNZD,48,2.5,192,0.592,0.999,-0.264,210,62.4,12.5,1.83,5/7
M30,accel,GBPNZD,96,1.5,48,0.077,0.251,-0.288,614,51.0,0.52,0.24,4/7
M30,accel,GBPNZD,96,1.5,192,-0.123,0.123,-0.634,386,55.4,-1.7,-0.39,3/7
M30,accel,GBPNZD,96,2.0,48,0.136,-0.004,0.409,322,51.6,1.3,0.41,4/7
M30,accel,GBPNZD,96,2.0,192,0.16,0.338,-0.184,251,56.2,2.72,0.49,4/7
M30,accel,GBPNZD,96,2.5,48,0.581,0.616,0.539,143,58.7,11.06,1.78,4/7
M30,accel,GBPNZD,96,2.5,192,0.097,0.266,-0.223,125,56.8,2.86,0.29,3/7
M30,accel,AUDNZD,12,1.5,48,-0.415,-0.208,-0.828,2220,53.0,-0.71,-1.28,2/7
M30,accel,AUDNZD,12,1.5,192,-0.296,-0.11,-0.666,2021,53.6,-0.57,-0.91,2/7
M30,accel,AUDNZD,12,2.0,48,0.153,0.01,0.429,1269,54.1,0.41,0.48,6/7
M30,accel,AUDNZD,12,2.0,192,0.018,-0.068,0.19,965,55.4,0.08,0.06,5/7
M30,accel,AUDNZD,12,2.5,48,-0.21,-0.576,0.542,526,49.4,-0.99,-0.65,2/7
M30,accel,AUDNZD,12,2.5,192,-0.296,-0.708,0.503,404,53.5,-2.64,-0.91,3/7
M30,accel,AUDNZD,24,1.5,48,-0.229,-0.426,0.163,1344,53.2,-0.6,-0.71,4/7
M30,accel,AUDNZD,24,1.5,192,-0.227,-0.337,-0.009,1119,54.6,-0.79,-0.7,4/7
M30,accel,AUDNZD,24,2.0,48,-0.24,-0.489,0.225,784,52.0,-0.88,-0.75,2/7
M30,accel,AUDNZD,24,2.0,192,-0.382,-0.499,-0.166,615,53.8,-2.32,-1.17,2/7
M30,accel,AUDNZD,24,2.5,48,-0.129,-0.666,0.889,388,52.6,-0.7,-0.4,2/7
M30,accel,AUDNZD,24,2.5,192,0.409,-0.058,1.371,332,59.6,4.0,1.26,5/7
M30,accel,AUDNZD,48,1.5,48,0.066,-0.022,0.244,826,51.5,0.23,0.2,3/7
M30,accel,AUDNZD,48,1.5,192,0.026,-0.078,0.234,668,56.7,0.15,0.08,2/7
M30,accel,AUDNZD,48,2.0,48,0.047,-0.549,1.069,451,49.7,0.24,0.14,3/7
M30,accel,AUDNZD,48,2.0,192,-0.419,-1.106,0.988,394,54.6,-3.58,-1.28,2/7
M30,accel,AUDNZD,48,2.5,48,-0.134,-0.447,0.506,213,47.4,-0.99,-0.41,4/7
M30,accel,AUDNZD,48,2.5,192,-0.176,-0.79,0.991,197,50.3,-2.36,-0.54,3/7
M30,accel,AUDNZD,96,1.5,48,-0.468,-0.617,-0.194,597,49.6,-2.01,-1.43,2/7
M30,accel,AUDNZD,96,1.5,192,-0.467,-0.716,0.058,369,49.6,-4.29,-1.43,2/7
M30,accel,AUDNZD,96,2.0,48,-0.28,-0.619,0.248,301,48.5,-1.71,-0.85,2/7
M30,accel,AUDNZD,96,2.0,192,-0.955,-1.288,-0.245,218,41.7,-12.28,-2.95,1/7
M30,accel,AUDNZD,96,2.5,48,-0.289,-0.808,0.483,129,43.4,-2.97,-0.88,2/7
M30,accel,AUDNZD,96,2.5,192,-0.754,-1.203,0.207,110,43.6,-15.34,-2.33,3/7
M30,accel,EURCHF,12,1.5,48,0.108,0.368,-0.304,2190,55.3,0.2,0.34,4/7
M30,accel,EURCHF,12,1.5,192,0.04,0.156,-0.156,1992,55.3,0.08,0.12,4/7
M30,accel,EURCHF,12,2.0,48,0.262,0.482,-0.102,1271,54.1,0.72,0.81,5/7
M30,accel,EURCHF,12,2.0,192,0.088,0.369,-0.375,979,53.2,0.36,0.27,4/7
M30,accel,EURCHF,12,2.5,48,0.052,0.299,-0.315,600,55.0,0.23,0.16,3/7
M30,accel,EURCHF,12,2.5,192,-0.045,0.438,-0.841,445,51.7,-0.38,-0.14,3/7
M30,accel,EURCHF,24,1.5,48,-0.353,0.056,-1.119,1355,53.7,-0.99,-1.1,2/7
M30,accel,EURCHF,24,1.5,192,-0.375,0.043,-1.118,1135,55.5,-1.34,-1.15,3/7
M30,accel,EURCHF,24,2.0,48,-0.328,-0.243,-0.48,800,51.9,-1.3,-1.02,2/7
M30,accel,EURCHF,24,2.0,192,-0.282,-0.148,-0.503,642,55.6,-1.71,-0.87,2/7
M30,accel,EURCHF,24,2.5,48,-0.049,-0.21,0.182,391,49.9,-0.28,-0.15,2/7
M30,accel,EURCHF,24,2.5,192,0.22,0.265,0.151,330,54.2,2.29,0.69,3/7
M30,accel,EURCHF,48,1.5,48,-0.189,-0.633,0.514,804,50.4,-0.79,-0.59,3/7
M30,accel,EURCHF,48,1.5,192,0.302,-0.501,1.656,663,55.2,1.83,0.94,4/7
M30,accel,EURCHF,48,2.0,48,-0.028,-0.785,1.164,480,51.2,-0.15,-0.09,4/7
M30,accel,EURCHF,48,2.0,192,0.067,-0.68,1.354,413,56.4,0.58,0.21,4/7
M30,accel,EURCHF,48,2.5,48,0.233,-0.308,1.027,256,50.8,1.64,0.71,5/7
M30,accel,EURCHF,48,2.5,192,-0.144,-0.329,0.16,232,51.7,-1.71,-0.44,3/7
M30,accel,EURCHF,96,1.5,48,0.478,0.176,0.966,624,54.6,2.34,1.47,4/7
M30,accel,EURCHF,96,1.5,192,0.008,-0.045,0.092,388,54.4,0.08,0.03,4/7
M30,accel,EURCHF,96,2.0,48,0.014,-0.01,0.046,324,50.0,0.1,0.04,3/7
M30,accel,EURCHF,96,2.0,192,-0.544,-0.57,-0.508,235,46.8,-6.86,-1.67,2/7
M30,accel,EURCHF,96,2.5,48,-0.381,-0.429,-0.312,159,51.6,-4.01,-1.16,2/7
M30,accel,EURCHF,96,2.5,192,-0.79,-0.737,-0.875,129,43.4,-13.99,-2.45,1/7
M30,accel,GBPCHF,12,1.5,48,-0.384,0.006,-1.253,2160,52.2,-1.09,-1.2,1/7
M30,accel,GBPCHF,12,1.5,192,-0.513,-0.185,-1.26,1962,52.8,-1.63,-1.59,1/7
M30,accel,GBPCHF,12,2.0,48,-0.362,-0.442,-0.202,1283,49.9,-1.56,-1.17,3/7
M30,accel,GBPCHF,12,2.0,192,-0.481,-0.58,-0.282,976,50.8,-3.19,-1.55,2/7
M30,accel,GBPCHF,12,2.5,48,0.039,0.023,0.07,585,50.8,0.26,0.12,3/7
M30,accel,GBPCHF,12,2.5,192,-0.224,-0.286,-0.084,432,53.0,-3.17,-0.73,3/7
M30,accel,GBPCHF,24,1.5,48,-0.77,-0.609,-1.153,1309,51.5,-3.19,-2.4,1/7
M30,accel,GBPCHF,24,1.5,192,-0.703,-0.418,-1.311,1095,51.4,-3.71,-2.14,1/7
M30,accel,GBPCHF,24,2.0,48,-0.635,-0.682,-0.561,778,52.2,-3.8,-1.97,1/7
M30,accel,GBPCHF,24,2.0,192,-0.211,-0.1,-0.444,614,51.6,-1.93,-0.66,3/7
M30,accel,GBPCHF,24,2.5,48,-0.249,-0.377,0.01,368,53.5,-2.36,-0.77,3/7
M30,accel,GBPCHF,24,2.5,192,-0.319,-0.259,-0.425,307,56.7,-5.15,-0.98,1/7
M30,accel,GBPCHF,48,1.5,48,0.018,-0.321,0.682,779,52.1,0.1,0.06,4/7
M30,accel,GBPCHF,48,1.5,192,0.237,-0.184,1.097,646,59.6,2.14,0.74,5/7
M30,accel,GBPCHF,48,2.0,48,0.292,0.081,0.71,462,55.2,2.3,0.9,5/7
M30,accel,GBPCHF,48,2.0,192,-0.184,-0.438,0.363,408,56.4,-2.45,-0.57,3/7
M30,accel,GBPCHF,48,2.5,48,0.372,0.308,0.545,218,54.6,4.8,1.13,4/7
M30,accel,GBPCHF,48,2.5,192,0.151,0.149,0.155,207,60.4,3.31,0.46,5/7
M30,accel,GBPCHF,96,1.5,48,0.304,0.365,0.186,573,52.2,2.34,0.93,6/7
M30,accel,GBPCHF,96,1.5,192,0.064,0.073,0.048,373,57.6,0.98,0.2,3/7
M30,accel,GBPCHF,96,2.0,48,0.308,0.582,-0.289,305,52.5,3.26,0.94,5/7
M30,accel,GBPCHF,96,2.0,192,-0.316,-0.008,-0.953,232,54.7,-6.62,-0.97,2/7
M30,accel,GBPCHF,96,2.5,48,0.404,0.763,-0.215,124,51.6,6.7,1.22,4/7
M30,accel,GBPCHF,96,2.5,192,-0.173,0.054,-0.662,108,50.9,-5.53,-0.52,3/7
M30,accel,AUDCHF,12,1.5,48,-0.221,-0.072,-0.496,2213,54.9,-0.68,-0.64,2/7
M30,accel,AUDCHF,12,1.5,192,-0.235,-0.067,-0.547,2020,55.8,-0.82,-0.68,2/7
M30,accel,AUDCHF,12,2.0,48,0.116,0.197,-0.052,1267,54.9,0.58,0.35,4/7
M30,accel,AUDCHF,12,2.0,192,0.085,-0.066,0.434,993,58.3,0.62,0.26,2/7
M30,accel,AUDCHF,12,2.5,48,-0.45,-0.235,-0.874,534,49.8,-4.22,-1.38,1/7
M30,accel,AUDCHF,12,2.5,192,-0.484,-0.325,-0.748,403,51.9,-8.54,-1.48,3/7
M30,accel,AUDCHF,24,1.5,48,-1.037,-0.917,-1.259,1321,52.1,-5.47,-3.29,0/7
M30,accel,AUDCHF,24,1.5,192,-0.941,-0.948,-0.931,1078,53.2,-6.75,-2.94,0/7
M30,accel,AUDCHF,24,2.0,48,-0.226,-0.388,0.092,809,51.9,-1.67,-0.73,2/7
M30,accel,AUDCHF,24,2.0,192,0.057,-0.122,0.382,641,56.0,0.66,0.18,3/7
M30,accel,AUDCHF,24,2.5,48,0.001,-0.029,0.057,379,53.6,0.01,0.0,3/7
M30,accel,AUDCHF,24,2.5,192,0.036,0.01,0.075,320,56.6,0.7,0.11,5/7
M30,accel,AUDCHF,48,1.5,48,0.175,0.17,0.185,795,51.7,1.33,0.54,4/7
M30,accel,AUDCHF,48,1.5,192,0.463,0.387,0.591,650,58.0,5.36,1.45,5/7
M30,accel,AUDCHF,48,2.0,48,0.211,-0.06,0.7,454,54.2,2.1,0.65,5/7
M30,accel,AUDCHF,48,2.0,192,0.676,0.562,0.868,399,56.9,10.75,2.08,6/7
M30,accel,AUDCHF,48,2.5,48,0.24,0.417,-0.149,220,58.2,4.17,0.74,5/7
M30,accel,AUDCHF,48,2.5,192,0.573,0.921,-0.037,207,57.0,14.64,1.76,4/7
M30,accel,AUDCHF,96,1.5,48,0.263,0.417,-0.074,593,52.8,2.9,0.89,5/7
M30,accel,AUDCHF,96,1.5,192,0.31,0.644,-0.421,380,54.5,6.1,1.03,5/7
M30,accel,AUDCHF,96,2.0,48,0.53,0.678,0.275,314,51.9,7.27,1.62,4/7
M30,accel,AUDCHF,96,2.0,192,-0.059,-0.005,-0.169,233,50.6,-1.45,-0.18,4/7
M30,accel,AUDCHF,96,2.5,48,0.522,0.57,0.483,140,55.7,10.93,1.6,5/7
M30,accel,AUDCHF,96,2.5,192,0.178,0.14,0.234,121,52.1,6.97,0.54,5/7
M30,accel,EURCAD,12,1.5,48,-0.605,-0.614,-0.615,2156,54.0,-1.45,-1.84,1/7
M30,accel,EURCAD,12,1.5,192,-0.583,-0.55,-0.686,1959,54.2,-1.58,-1.77,2/7
M30,accel,EURCAD,12,2.0,48,-0.405,-0.264,-0.761,1264,53.9,-1.44,-1.25,2/7
M30,accel,EURCAD,12,2.0,192,-0.366,-0.163,-0.841,971,54.5,-1.91,-1.14,2/7
M30,accel,EURCAD,12,2.5,48,0.017,0.029,-0.012,573,52.5,0.1,0.05,4/7
M30,accel,EURCAD,12,2.5,192,-0.165,0.104,-0.739,419,54.4,-1.69,-0.51,2/7
M30,accel,EURCAD,24,1.5,48,-0.232,-0.088,-0.54,1328,54.3,-0.83,-0.71,3/7
M30,accel,EURCAD,24,1.5,192,-0.214,-0.087,-0.475,1117,54.9,-0.99,-0.65,3/7
M30,accel,EURCAD,24,2.0,48,-0.196,-0.315,0.061,798,50.8,-0.97,-0.61,3/7
M30,accel,EURCAD,24,2.0,192,0.11,0.155,0.013,647,53.2,0.85,0.34,4/7
M30,accel,EURCAD,24,2.5,48,0.015,0.08,-0.107,393,52.7,0.11,0.05,3/7
M30,accel,EURCAD,24,2.5,192,0.337,0.273,0.457,329,53.8,4.01,1.03,5/7
M30,accel,EURCAD,48,1.5,48,-0.061,0.197,-0.523,762,50.5,-0.32,-0.19,3/7
M30,accel,EURCAD,48,1.5,192,-0.131,0.034,-0.463,636,55.7,-1.05,-0.41,3/7
M30,accel,EURCAD,48,2.0,48,0.142,0.504,-0.459,454,49.3,0.98,0.44,3/7
M30,accel,EURCAD,48,2.0,192,0.182,0.184,0.184,397,56.9,2.12,0.57,4/7
M30,accel,EURCAD,48,2.5,48,-0.092,-0.232,0.135,227,47.6,-0.91,-0.28,3/7
M30,accel,EURCAD,48,2.5,192,0.499,0.197,1.132,209,56.9,8.73,1.52,6/7
M30,accel,EURCAD,96,1.5,48,0.4,0.297,0.626,612,52.1,2.35,1.23,6/7
M30,accel,EURCAD,96,1.5,192,0.475,0.115,1.269,387,59.7,5.51,1.46,6/7
M30,accel,EURCAD,96,2.0,48,0.654,0.718,0.539,315,54.6,5.97,2.01,6/7
M30,accel,EURCAD,96,2.0,192,0.284,0.07,0.789,245,56.3,4.56,0.87,5/7
M30,accel,EURCAD,96,2.5,48,0.065,-0.315,0.849,153,51.0,0.88,0.2,5/7
M30,accel,EURCAD,96,2.5,192,0.097,0.032,0.26,131,55.7,2.29,0.29,5/7
M30,accel,GBPCAD,12,1.5,48,-0.684,-0.602,-0.919,2150,53.2,-1.87,-2.13,2/7
M30,accel,GBPCAD,12,1.5,192,-0.737,-0.649,-0.98,1939,53.6,-2.29,-2.28,1/7
M30,accel,GBPCAD,12,2.0,48,-0.457,-0.081,-1.468,1267,52.2,-1.86,-1.45,1/7
M30,accel,GBPCAD,12,2.0,192,-0.301,0.038,-1.151,1001,54.3,-1.81,-0.94,1/7
M30,accel,GBPCAD,12,2.5,48,0.328,0.475,-0.047,584,51.9,2.29,1.06,5/7
M30,accel,GBPCAD,12,2.5,192,0.372,0.363,0.416,432,55.6,4.48,1.18,5/7
M30,accel,GBPCAD,24,1.5,48,-0.281,-0.192,-0.487,1347,52.5,-1.06,-0.86,2/7
M30,accel,GBPCAD,24,1.5,192,-0.289,-0.239,-0.413,1147,54.1,-1.45,-0.87,3/7
M30,accel,GBPCAD,24,2.0,48,0.316,0.405,0.12,783,52.7,1.67,1.0,3/7
M30,accel,GBPCAD,24,2.0,192,0.116,0.213,-0.089,609,54.8,1.04,0.36,4/7
M30,accel,GBPCAD,24,2.5,48,0.615,0.668,0.53,349,57.0,5.69,1.9,5/7
M30,accel,GBPCAD,24,2.5,192,0.301,0.28,0.355,297,58.6,4.66,0.92,7/7
M30,accel,GBPCAD,48,1.5,48,0.411,0.467,0.307,791,53.6,2.22,1.28,5/7
M30,accel,GBPCAD,48,1.5,192,0.365,0.492,0.076,652,58.0,3.25,1.13,5/7
M30,accel,GBPCAD,48,2.0,48,0.113,0.089,0.164,461,52.7,0.8,0.35,4/7
M30,accel,GBPCAD,48,2.0,192,0.001,-0.119,0.275,408,57.1,0.01,0.0,3/7
M30,accel,GBPCAD,48,2.5,48,-0.016,0.285,-0.602,214,49.1,-0.16,-0.05,3/7
M30,accel,GBPCAD,48,2.5,192,-0.139,-0.195,-0.018,197,54.3,-2.85,-0.42,2/7
M30,accel,GBPCAD,96,1.5,48,0.14,-0.149,0.843,615,50.9,0.96,0.43,6/7
M30,accel,GBPCAD,96,1.5,192,-0.347,-0.691,0.407,381,53.8,-4.7,-1.05,3/7
M30,accel,GBPCAD,96,2.0,48,-0.573,-0.744,-0.23,309,44.7,-4.85,-1.76,2/7
M30,accel,GBPCAD,96,2.0,192,-0.623,-0.744,-0.385,226,49.6,-11.84,-1.92,3/7
M30,accel,GBPCAD,96,2.5,48,0.203,0.167,0.273,140,47.1,2.59,0.62,5/7
M30,accel,GBPCAD,96,2.5,192,-0.461,-0.423,-0.571,123,45.5,-13.04,-1.4,2/7
M30,accel,AUDCAD,12,1.5,48,-1.047,-1.176,-0.812,2178,51.7,-2.74,-3.22,0/7
M30,accel,AUDCAD,12,1.5,192,-0.811,-1.027,-0.413,1976,52.7,-2.38,-2.46,2/7
M30,accel,AUDCAD,12,2.0,48,-0.495,-0.189,-1.145,1238,51.1,-1.99,-1.54,2/7
M30,accel,AUDCAD,12,2.0,192,-0.44,-0.272,-0.781,952,53.4,-2.75,-1.38,2/7
M30,accel,AUDCAD,12,2.5,48,0.254,0.301,0.165,582,53.8,1.6,0.78,5/7
M30,accel,AUDCAD,12,2.5,192,0.31,0.544,-0.124,439,55.1,3.53,0.96,4/7
M30,accel,AUDCAD,24,1.5,48,-0.357,-0.447,-0.199,1335,52.6,-1.33,-1.1,2/7
M30,accel,AUDCAD,24,1.5,192,-0.564,-0.687,-0.339,1127,53.4,-2.78,-1.72,1/7
M30,accel,AUDCAD,24,2.0,48,-0.565,-0.872,-0.005,791,50.3,-2.91,-1.78,2/7
M30,accel,AUDCAD,24,2.0,192,-0.544,-0.686,-0.277,631,53.7,-4.45,-1.67,2/7
M30,accel,AUDCAD,24,2.5,48,-0.22,-0.429,0.197,390,49.0,-1.83,-0.68,2/7
M30,accel,AUDCAD,24,2.5,192,-0.274,-0.225,-0.402,317,50.2,-4.82,-0.92,3/7
M30,accel,AUDCAD,48,1.5,48,0.46,0.241,0.886,796,50.6,2.69,1.42,6/7
M30,accel,AUDCAD,48,1.5,192,0.667,0.46,1.094,664,57.2,5.96,2.07,5/7
M30,accel,AUDCAD,48,2.0,48,0.303,0.258,0.386,446,49.8,2.49,0.93,4/7
M30,accel,AUDCAD,48,2.0,192,-0.029,0.023,-0.139,395,55.4,-0.39,-0.09,3/7
M30,accel,AUDCAD,48,2.5,48,0.517,0.565,0.435,216,53.2,5.95,1.59,5/7
M30,accel,AUDCAD,48,2.5,192,0.475,0.593,0.236,202,59.9,10.08,1.46,5/7
M30,accel,AUDCAD,96,1.5,48,0.314,0.287,0.362,594,52.0,2.32,0.96,5/7
M30,accel,AUDCAD,96,1.5,192,0.576,0.642,0.456,385,58.2,8.53,1.87,5/7
M30,accel,AUDCAD,96,2.0,48,-0.013,0.073,-0.159,299,47.5,-0.13,-0.04,3/7
M30,accel,AUDCAD,96,2.0,192,-0.152,-0.101,-0.251,217,51.2,-2.79,-0.46,4/7
M30,accel,AUDCAD,96,2.5,48,-0.246,-0.122,-0.418,141,51.1,-4.09,-0.75,3/7
M30,accel,AUDCAD,96,2.5,192,-0.478,-0.435,-0.543,117,43.6,-14.41,-1.46,2/7
M30,accel,NZDCAD,12,1.5,48,-0.449,-0.778,0.225,2197,54.3,-1.19,-1.37,2/7
M30,accel,NZDCAD,12,1.5,192,-0.575,-0.812,-0.106,1990,54.0,-1.7,-1.74,2/7
M30,accel,NZDCAD,12,2.0,48,-0.531,-0.638,-0.323,1245,53.3,-2.18,-1.65,1/7
M30,accel,NZDCAD,12,2.0,192,-0.49,-0.714,-0.052,962,53.3,-3.01,-1.52,1/7
M30,accel,NZDCAD,12,2.5,48,-0.506,-0.741,-0.038,564,52.0,-3.34,-1.56,2/7
M30,accel,NZDCAD,12,2.5,192,-0.096,-0.492,0.592,421,54.4,-1.12,-0.29,4/7
M30,accel,NZDCAD,24,1.5,48,-0.592,-0.912,0.001,1292,51.6,-2.39,-1.85,2/7
M30,accel,NZDCAD,24,1.5,192,-0.596,-0.942,0.022,1066,53.4,-3.25,-1.85,3/7
M30,accel,NZDCAD,24,2.0,48,-0.448,-0.552,-0.246,774,50.4,-2.5,-1.4,2/7
M30,accel,NZDCAD,24,2.0,192,0.109,-0.09,0.531,620,56.1,1.04,0.35,3/7
M30,accel,NZDCAD,24,2.5,48,-0.062,-0.198,0.218,389,49.9,-0.53,-0.19,3/7
M30,accel,NZDCAD,24,2.5,192,0.004,-0.251,0.578,327,55.7,0.06,0.01,4/7
M30,accel,NZDCAD,48,1.5,48,-0.036,-0.007,-0.092,783,50.3,-0.22,-0.11,2/7
M30,accel,NZDCAD,48,1.5,192,-0.124,-0.005,-0.356,637,56.5,-1.15,-0.39,3/7
M30,accel,NZDCAD,48,2.0,48,0.162,0.464,-0.37,466,50.0,1.28,0.5,4/7
M30,accel,NZDCAD,48,2.0,192,0.164,0.522,-0.501,402,57.7,2.16,0.51,3/7
M30,accel,NZDCAD,48,2.5,48,0.243,0.334,0.071,212,52.8,3.08,0.75,3/7
M30,accel,NZDCAD,48,2.5,192,0.332,0.473,0.048,200,52.0,7.39,1.02,4/7
M30,accel,NZDCAD,96,1.5,48,0.314,0.667,-0.459,588,50.7,2.2,0.97,4/7
M30,accel,NZDCAD,96,1.5,192,0.44,0.738,-0.14,382,59.7,6.09,1.35,3/7
M30,accel,NZDCAD,96,2.0,48,0.338,0.548,-0.132,303,51.8,3.43,1.03,5/7
M30,accel,NZDCAD,96,2.0,192,0.027,0.09,-0.096,237,54.0,0.55,0.08,3/7
M30,accel,NZDCAD,96,2.5,48,0.115,0.066,0.259,127,48.0,2.18,0.35,3/7
M30,accel,NZDCAD,96,2.5,192,-0.319,-0.095,-0.726,111,48.6,-9.21,-0.96,3/7
M30,accel,CHFJPY,12,1.5,48,-0.858,-0.939,-0.713,2142,52.7,-2.44,-2.62,1/7
M30,accel,CHFJPY,12,1.5,192,-0.662,-0.822,-0.374,1944,52.7,-2.09,-1.98,1/7
M30,accel,CHFJPY,12,2.0,48,-0.444,-0.664,-0.029,1259,51.8,-1.95,-1.37,2/7
M30,accel,CHFJPY,12,2.0,192,-0.267,-0.442,0.024,983,52.9,-1.7,-0.83,2/7
M30,accel,CHFJPY,12,2.5,48,-0.374,-0.603,0.096,557,49.6,-3.02,-1.18,2/7
M30,accel,CHFJPY,12,2.5,192,-0.727,-0.814,-0.567,429,52.2,-9.89,-2.28,1/7
M30,accel,CHFJPY,24,1.5,48,-0.239,-0.541,0.366,1340,53.2,-1.01,-0.75,4/7
M30,accel,CHFJPY,24,1.5,192,-0.357,-0.855,0.567,1126,54.1,-2.09,-1.12,2/7
M30,accel,CHFJPY,24,2.0,48,-0.293,-0.606,0.356,804,53.7,-1.75,-0.93,3/7
M30,accel,CHFJPY,24,2.0,192,-0.572,-0.788,-0.163,633,55.0,-5.84,-1.81,2/7
M30,accel,CHFJPY,24,2.5,48,-0.106,-0.464,0.523,369,50.4,-0.96,-0.32,4/7
M30,accel,CHFJPY,24,2.5,192,0.106,-0.143,0.535,311,53.4,1.73,0.33,5/7
M30,accel,CHFJPY,48,1.5,48,-0.132,-0.231,0.04,762,50.7,-0.82,-0.41,3/7
M30,accel,CHFJPY,48,1.5,192,-0.277,-0.459,0.06,633,57.0,-2.7,-0.85,4/7
M30,accel,CHFJPY,48,2.0,48,0.027,0.026,0.029,465,50.8,0.22,0.08,4/7
M30,accel,CHFJPY,48,2.0,192,-0.15,-0.354,0.235,408,56.9,-2.08,-0.47,3/7
M30,accel,CHFJPY,48,2.5,48,0.035,0.013,0.078,239,51.0,0.43,0.1,3/7
M30,accel,CHFJPY,48,2.5,192,0.094,-0.153,0.549,217,53.5,1.97,0.28,3/7
M30,accel,CHFJPY,96,1.5,48,0.065,0.016,0.159,588,52.4,0.47,0.2,4/7
M30,accel,CHFJPY,96,1.5,192,0.075,-0.111,0.421,372,56.5,1.13,0.23,3/7
M30,accel,CHFJPY,96,2.0,48,-0.104,0.035,-0.409,327,50.2,-1.18,-0.32,2/7
M30,accel,CHFJPY,96,2.0,192,-0.074,-0.192,0.137,243,56.0,-1.54,-0.23,3/7
M30,accel,CHFJPY,96,2.5,48,-0.085,-0.096,-0.065,149,51.7,-1.27,-0.26,4/7
M30,accel,CHFJPY,96,2.5,192,-0.257,-0.154,-0.465,121,49.6,-7.72,-0.78,4/7
M30,accel,CADCHF,12,1.5,48,-0.545,-0.165,-1.261,2168,53.9,-1.5,-1.66,2/7
M30,accel,CADCHF,12,1.5,192,-0.542,-0.192,-1.21,1964,54.6,-1.68,-1.64,2/7
M30,accel,CADCHF,12,2.0,48,-0.732,-0.833,-0.549,1268,51.3,-2.97,-2.27,0/7
M30,accel,CADCHF,12,2.0,192,-0.404,-0.45,-0.32,999,54.2,-2.37,-1.22,2/7
M30,accel,CADCHF,12,2.5,48,-0.46,-0.622,-0.18,582,49.3,-3.12,-1.42,2/7
M30,accel,CADCHF,12,2.5,192,-0.327,-0.538,0.031,435,53.1,-4.11,-1.01,3/7
M30,accel,CADCHF,24,1.5,48,-0.884,-1.129,-0.495,1313,51.2,-3.65,-2.75,1/7
M30,accel,CADCHF,24,1.5,192,-0.853,-0.917,-0.742,1095,51.7,-4.71,-2.61,1/7
M30,accel,CADCHF,24,2.0,48,-0.772,-1.112,-0.189,792,52.3,-4.46,-2.4,0/7
M30,accel,CADCHF,24,2.0,192,-0.526,-0.902,0.169,632,55.4,-4.7,-1.62,2/7
M30,accel,CADCHF,24,2.5,48,-0.51,-0.922,0.091,386,53.4,-4.57,-1.57,2/7
M30,accel,CADCHF,24,2.5,192,0.033,-0.107,0.279,321,57.3,0.51,0.1,4/7
M30,accel,CADCHF,48,1.5,48,-0.401,-0.656,0.053,794,50.9,-2.37,-1.25,2/7
M30,accel,CADCHF,48,1.5,192,-0.179,-0.416,0.247,659,55.7,-1.56,-0.56,2/7
M30,accel,CADCHF,48,2.0,48,-0.055,-0.398,0.54,496,51.6,-0.43,-0.17,2/7
M30,accel,CADCHF,48,2.0,192,0.373,0.151,0.744,426,55.2,4.4,1.16,4/7
M30,accel,CADCHF,48,2.5,48,-0.214,-0.964,0.773,231,51.5,-2.65,-0.66,2/7
M30,accel,CADCHF,48,2.5,192,0.32,-0.094,0.96,212,51.9,6.34,0.98,3/7
M30,accel,CADCHF,96,1.5,48,0.013,0.151,-0.251,589,49.6,0.09,0.04,5/7
M30,accel,CADCHF,96,1.5,192,0.225,0.163,0.353,381,58.3,3.04,0.69,5/7
M30,accel,CADCHF,96,2.0,48,0.227,0.329,0.043,324,50.6,2.02,0.69,3/7
M30,accel,CADCHF,96,2.0,192,0.729,0.769,0.661,249,61.8,13.23,2.25,6/7
M30,accel,CADCHF,96,2.5,48,0.488,0.233,0.868,150,58.0,7.77,1.49,6/7
M30,accel,CADCHF,96,2.5,192,0.783,0.628,1.051,134,63.4,22.51,2.43,7/7
M30,accel,EURUSD,12,1.5,48,-0.023,-0.294,0.48,2551,54.8,-0.05,-0.07,4/7
M30,accel,EURUSD,12,1.5,192,-0.074,-0.329,0.424,2291,55.3,-0.2,-0.23,5/7
M30,accel,EURUSD,12,2.0,48,-0.129,-0.216,0.031,1548,53.7,-0.42,-0.4,4/7
M30,accel,EURUSD,12,2.0,192,-0.3,-0.383,-0.151,1174,53.7,-1.52,-0.92,4/7
M30,accel,EURUSD,12,2.5,48,-0.023,-0.248,0.428,733,53.1,-0.12,-0.07,4/7
M30,accel,EURUSD,12,2.5,192,0.087,-0.203,0.631,552,54.3,0.83,0.27,4/7
M30,accel,EURUSD,24,1.5,48,-0.212,-0.298,-0.063,1645,53.3,-0.67,-0.65,3/7
M30,accel,EURUSD,24,1.5,192,0.035,0.111,-0.103,1378,54.8,0.15,0.11,4/7
M30,accel,EURUSD,24,2.0,48,0.119,0.411,-0.409,975,52.9,0.52,0.37,3/7
M30,accel,EURUSD,24,2.0,192,0.383,0.499,0.167,776,56.7,2.84,1.16,4/7
M30,accel,EURUSD,24,2.5,48,-0.557,-0.36,-0.911,423,45.4,-3.99,-1.72,3/7
M30,accel,EURUSD,24,2.5,192,-0.319,-0.149,-0.676,361,51.0,-4.25,-0.99,3/7
M30,accel,EURUSD,48,1.5,48,-0.574,-0.65,-0.445,942,49.0,-2.76,-1.76,1/7
M30,accel,EURUSD,48,1.5,192,-0.466,-0.569,-0.274,778,55.4,-3.57,-1.45,1/7
M30,accel,EURUSD,48,2.0,48,-0.497,-0.498,-0.5,570,50.9,-3.03,-1.52,1/7
M30,accel,EURUSD,48,2.0,192,-0.323,-0.482,-0.017,500,55.2,-3.43,-0.99,2/7
M30,accel,EURUSD,48,2.5,48,-0.172,-0.3,0.053,285,49.8,-1.55,-0.52,3/7
M30,accel,EURUSD,48,2.5,192,-0.166,-0.559,0.549,271,51.3,-2.69,-0.51,4/7
M30,accel,EURUSD,96,1.5,48,-0.033,0.058,-0.178,703,50.1,-0.18,-0.1,4/7
M30,accel,EURUSD,96,1.5,192,-0.138,-0.28,0.122,455,54.7,-1.67,-0.42,3/7
M30,accel,EURUSD,96,2.0,48,0.471,0.373,0.65,358,53.4,3.89,1.45,5/7
M30,accel,EURUSD,96,2.0,192,0.135,0.011,0.36,278,56.5,2.33,0.41,4/7
M30,accel,EURUSD,96,2.5,48,0.192,0.507,-0.331,160,50.0,2.18,0.59,4/7
M30,accel,EURUSD,96,2.5,192,-0.561,-0.839,-0.065,138,47.8,-14.6,-1.73,3/7
M30,accel,USDCHF,12,1.5,48,-1.0,-0.784,-1.335,2420,52.6,-2.47,-3.03,0/7
M30,accel,USDCHF,12,1.5,192,-1.072,-0.961,-1.247,2164,52.9,-3.13,-3.29,0/7
M30,accel,USDCHF,12,2.0,48,-0.516,-0.206,-0.995,1468,54.0,-1.88,-1.6,1/7
M30,accel,USDCHF,12,2.0,192,-0.662,-0.316,-1.178,1153,53.3,-3.54,-2.03,2/7
M30,accel,USDCHF,12,2.5,48,-0.089,0.03,-0.269,704,51.8,-0.53,-0.28,2/7
M30,accel,USDCHF,12,2.5,192,0.137,0.307,-0.125,530,55.8,1.45,0.42,3/7
M30,accel,USDCHF,24,1.5,48,-0.317,-0.05,-0.725,1521,54.2,-1.16,-0.98,2/7
M30,accel,USDCHF,24,1.5,192,-0.449,-0.093,-1.003,1272,55.2,-2.19,-1.35,3/7
M30,accel,USDCHF,24,2.0,48,-0.218,0.023,-0.587,939,52.5,-1.07,-0.68,2/7
M30,accel,USDCHF,24,2.0,192,-0.042,0.452,-0.831,746,55.9,-0.35,-0.13,2/7
M30,accel,USDCHF,24,2.5,48,0.032,-0.102,0.237,430,53.7,0.25,0.1,4/7
M30,accel,USDCHF,24,2.5,192,0.537,0.826,0.059,376,55.3,7.35,1.66,5/7
M30,accel,USDCHF,48,1.5,48,-0.68,-0.8,-0.505,901,48.6,-3.7,-2.15,0/7
M30,accel,USDCHF,48,1.5,192,-0.684,-1.137,0.026,732,54.5,-5.79,-2.12,2/7
M30,accel,USDCHF,48,2.0,48,-0.663,-0.758,-0.526,535,46.9,-4.72,-2.05,0/7
M30,accel,USDCHF,48,2.0,192,-0.516,-0.728,-0.142,458,51.5,-6.38,-1.59,1/7
M30,accel,USDCHF,48,2.5,48,-0.487,-0.43,-0.567,266,45.1,-4.92,-1.5,0/7
M30,accel,USDCHF,48,2.5,192,-0.686,-0.682,-0.691,248,44.0,-12.38,-2.11,0/7
M30,accel,USDCHF,96,1.5,48,-0.221,-0.331,-0.046,641,50.1,-1.47,-0.69,3/7
M30,accel,USDCHF,96,1.5,192,-0.502,-0.526,-0.462,401,50.6,-7.27,-1.55,2/7
M30,accel,USDCHF,96,2.0,48,-0.416,-0.667,0.003,355,47.0,-3.64,-1.28,2/7
M30,accel,USDCHF,96,2.0,192,-0.348,-0.756,0.296,254,49.2,-6.86,-1.07,3/7
M30,accel,USDCHF,96,2.5,48,-0.132,-0.252,0.048,173,48.0,-1.81,-0.4,3/7
M30,accel,USDCHF,96,2.5,192,-0.227,-0.258,-0.179,143,53.1,-6.75,-0.69,3/7
M30,hl_range,EURGBP,10,1.5,48,-0.832,-0.632,-1.49,4443,40.7,-0.94,-2.43,1/7
M30,hl_range,EURGBP,10,1.5,192,-0.866,-0.679,-1.469,4381,40.6,-0.99,-2.52,0/7
M30,hl_range,EURGBP,10,2.0,48,-0.068,0.046,-0.391,1646,43.2,-0.2,-0.22,2/7
M30,hl_range,EURGBP,10,2.0,192,-0.274,-0.192,-0.549,1378,40.0,-1.01,-0.86,2/7
M30,hl_range,EURGBP,10,2.5,48,-0.221,-0.443,0.352,749,47.7,-1.06,-0.68,3/7
M30,hl_range,EURGBP,10,2.5,192,-0.094,-0.159,0.065,544,42.8,-0.79,-0.29,3/7
M30,hl_range,EURGBP,20,1.5,48,-1.245,-0.974,-2.235,5521,39.1,-1.13,-3.64,1/7
M30,hl_range,EURGBP,20,1.5,192,-1.248,-0.975,-2.239,5498,39.2,-1.14,-3.65,1/7
M30,hl_range,EURGBP,20,2.0,48,-0.393,-0.242,-0.878,2166,41.4,-0.91,-1.22,3/7
M30,hl_range,EURGBP,20,2.0,192,-0.503,-0.389,-0.919,1945,41.1,-1.29,-1.53,2/7
M30,hl_range,EURGBP,20,2.5,48,-0.04,0.043,-0.273,1027,45.9,-0.16,-0.12,3/7
M30,hl_range,EURGBP,20,2.5,192,-0.297,-0.233,-0.533,786,42.9,-1.83,-0.93,3/7
M30,hl_range,EURGBP,40,1.5,48,-0.8,-0.735,-1.101,4678,40.0,-0.84,-2.34,0/7
M30,hl_range,EURGBP,40,1.5,192,-0.72,-0.629,-1.095,4597,39.9,-0.78,-2.08,0/7
M30,hl_range,EURGBP,40,2.0,48,-0.552,-0.462,-0.926,1918,41.9,-1.36,-1.74,1/7
M30,hl_range,EURGBP,40,2.0,192,-0.599,-0.412,-1.289,1636,40.8,-1.91,-1.89,1/7
M30,hl_range,EURGBP,40,2.5,48,-0.753,-0.864,-0.54,957,42.5,-3.03,-2.28,2/7
M30,hl_range,EURGBP,40,2.5,192,-0.939,-1.028,-0.81,720,39.3,-6.07,-2.86,0/7
M30,hl_range,EURGBP,80,1.5,48,-0.943,-0.636,-1.939,4712,39.8,-0.99,-2.75,0/7
M30,hl_range,EURGBP,80,1.5,192,-0.964,-0.639,-2.053,4621,39.6,-1.02,-2.75,1/7
M30,hl_range,EURGBP,80,2.0,48,-0.351,-0.217,-0.804,1954,42.8,-0.81,-1.03,1/7
M30,hl_range,EURGBP,80,2.0,192,-0.501,-0.375,-0.95,1687,42.1,-1.48,-1.49,1/7
M30,hl_range,EURGBP,80,2.5,48,-0.645,-0.738,-0.473,990,42.9,-2.6,-2.05,0/7
M30,hl_range,EURGBP,80,2.5,192,-0.641,-0.758,-0.398,763,39.2,-4.33,-2.01,1/7
M30,hl_range,EURAUD,10,1.5,48,-0.329,-0.152,-0.688,3959,40.9,-0.54,-0.94,1/7
M30,hl_range,EURAUD,10,1.5,192,-0.381,-0.217,-0.703,3896,40.8,-0.62,-1.06,1/7
M30,hl_range,EURAUD,10,2.0,48,-0.185,-0.218,-0.12,1428,44.5,-0.79,-0.58,2/7
M30,hl_range,EURAUD,10,2.0,192,-0.245,-0.269,-0.202,1131,40.2,-1.5,-0.76,3/7
M30,hl_range,EURAUD,10,2.5,48,-0.199,-0.229,-0.141,641,47.3,-1.36,-0.62,4/7
M30,hl_range,EURAUD,10,2.5,192,-0.338,-0.259,-0.505,476,41.8,-4.14,-1.03,4/7
M30,hl_range,EURAUD,20,1.5,48,-0.287,-0.134,-0.639,4148,41.5,-0.45,-0.81,2/7
M30,hl_range,EURAUD,20,1.5,192,-0.357,-0.244,-0.619,4073,41.5,-0.56,-1.01,2/7
M30,hl_range,EURAUD,20,2.0,48,-0.372,-0.065,-1.015,1629,41.7,-1.37,-1.13,3/7
M30,hl_range,EURAUD,20,2.0,192,-0.465,-0.418,-0.554,1338,41.2,-2.22,-1.39,3/7
M30,hl_range,EURAUD,20,2.5,48,-0.232,-0.03,-0.627,766,48.2,-1.44,-0.71,2/7
M30,hl_range,EURAUD,20,2.5,192,-0.112,0.153,-0.574,572,44.9,-1.16,-0.34,2/7
M30,hl_range,EURAUD,40,1.5,48,-0.296,0.215,-1.388,3993,41.5,-0.48,-0.85,2/7
M30,hl_range,EURAUD,40,1.5,192,-0.258,0.209,-1.268,3886,41.1,-0.43,-0.73,2/7
M30,hl_range,EURAUD,40,2.0,48,-0.523,-0.409,-0.818,1688,42.7,-1.91,-1.61,1/7
M30,hl_range,EURAUD,40,2.0,192,-0.39,-0.345,-0.49,1386,42.1,-1.85,-1.18,3/7
M30,hl_range,EURAUD,40,2.5,48,-0.465,-0.385,-0.658,891,44.9,-2.72,-1.43,2/7
M30,hl_range,EURAUD,40,2.5,192,-0.296,-0.211,-0.468,667,43.2,-2.92,-0.9,3/7
M30,hl_range,EURAUD,80,1.5,48,-0.447,-0.085,-1.251,4048,41.3,-0.69,-1.26,2/7
M30,hl_range,EURAUD,80,1.5,192,-0.416,-0.112,-1.104,3943,40.9,-0.67,-1.18,2/7
M30,hl_range,EURAUD,80,2.0,48,-0.537,-0.221,-1.311,1752,43.0,-1.91,-1.64,2/7
M30,hl_range,EURAUD,80,2.0,192,-0.329,-0.243,-0.546,1460,42.0,-1.55,-0.98,3/7
M30,hl_range,EURAUD,80,2.5,48,-0.372,-0.308,-0.518,895,45.0,-2.1,-1.13,3/7
M30,hl_range,EURAUD,80,2.5,192,-0.316,-0.402,-0.144,684,41.8,-3.07,-0.98,3/7
M30,hl_range,EURNZD,10,1.5,48,-0.767,-0.228,-2.033,3994,40.2,-1.23,-2.24,1/7
M30,hl_range,EURNZD,10,1.5,192,-0.749,-0.213,-2.032,3907,39.9,-1.24,-2.2,1/7
M30,hl_range,EURNZD,10,2.0,48,-0.313,-0.234,-0.521,1396,45.6,-1.28,-0.96,3/7
M30,hl_range,EURNZD,10,2.0,192,-0.407,-0.087,-1.012,1076,40.6,-2.22,-1.25,3/7
M30,hl_range,EURNZD,10,2.5,48,-0.463,-0.594,-0.193,602,46.8,-3.25,-1.43,1/7
M30,hl_range,EURNZD,10,2.5,192,-0.616,-0.739,-0.387,447,41.4,-7.78,-1.92,1/7
M30,hl_range,EURNZD,20,1.5,48,-1.028,-0.77,-1.634,4161,39.9,-1.56,-2.97,0/7
M30,hl_range,EURNZD,20,1.5,192,-1.016,-0.788,-1.552,4086,39.6,-1.56,-2.92,0/7
M30,hl_range,EURNZD,20,2.0,48,-0.823,-0.682,-1.2,1580,42.5,-3.03,-2.54,0/7
M30,hl_range,EURNZD,20,2.0,192,-0.781,-0.791,-0.79,1260,38.6,-3.7,-2.37,1/7
M30,hl_range,EURNZD,20,2.5,48,-0.683,-0.67,-0.743,746,46.0,-4.1,-2.13,1/7
M30,hl_range,EURNZD,20,2.5,192,-0.642,-0.67,-0.598,544,40.8,-6.62,-2.01,1/7
M30,hl_range,EURNZD,40,1.5,48,-1.167,-0.778,-2.094,4026,39.5,-1.8,-3.32,0/7
M30,hl_range,EURNZD,40,1.5,192,-1.057,-0.713,-1.855,3915,39.3,-1.7,-3.01,0/7
M30,hl_range,EURNZD,40,2.0,48,-0.747,-0.674,-0.986,1612,41.7,-2.73,-2.3,1/7
M30,hl_range,EURNZD,40,2.0,192,-0.508,-0.397,-0.747,1282,40.5,-2.47,-1.54,2/7
M30,hl_range,EURNZD,40,2.5,48,-0.684,-0.821,-0.397,826,46.4,-3.89,-2.13,2/7
M30,hl_range,EURNZD,40,2.5,192,-0.577,-0.674,-0.407,629,42.8,-5.13,-1.79,2/7
M30,hl_range,EURNZD,80,1.5,48,-1.105,-0.641,-2.207,4043,39.5,-1.73,-3.22,1/7
M30,hl_range,EURNZD,80,1.5,192,-1.005,-0.611,-1.919,3902,39.3,-1.62,-2.9,1/7
M30,hl_range,EURNZD,80,2.0,48,-0.47,-0.449,-0.552,1659,42.7,-1.75,-1.45,2/7
M30,hl_range,EURNZD,80,2.0,192,-0.265,-0.406,0.027,1365,41.2,-1.28,-0.81,2/7
M30,hl_range,EURNZD,80,2.5,48,-0.807,-1.018,-0.336,865,45.7,-4.52,-2.49,1/7
M30,hl_range,EURNZD,80,2.5,192,-0.526,-0.784,-0.026,667,42.3,-4.68,-1.62,1/7
M30,hl_range,GBPAUD,10,1.5,48,-0.345,-0.431,-0.163,3874,40.8,-0.58,-1.03,3/7
M30,hl_range,GBPAUD,10,1.5,192,-0.376,-0.488,-0.136,3795,40.7,-0.65,-1.13,3/7
M30,hl_range,GBPAUD,10,2.0,48,-0.706,-1.041,-0.012,1380,42.7,-2.96,-2.24,3/7
M30,hl_range,GBPAUD,10,2.0,192,-0.679,-1.046,0.063,1121,40.7,-3.86,-2.11,2/7
M30,hl_range,GBPAUD,10,2.5,48,-0.596,-0.757,-0.252,617,46.5,-4.12,-1.84,1/7
M30,hl_range,GBPAUD,10,2.5,192,-0.821,-0.834,-0.807,461,43.4,-9.93,-2.53,1/7
M30,hl_range,GBPAUD,20,1.5,48,-0.477,-0.582,-0.254,4167,40.6,-0.75,-1.42,2/7
M30,hl_range,GBPAUD,20,1.5,192,-0.494,-0.629,-0.205,4086,40.2,-0.8,-1.47,2/7
M30,hl_range,GBPAUD,20,2.0,48,-0.513,-0.508,-0.546,1553,42.6,-2.07,-1.67,3/7
M30,hl_range,GBPAUD,20,2.0,192,-0.43,-0.544,-0.192,1283,41.4,-2.23,-1.37,3/7
M30,hl_range,GBPAUD,20,2.5,48,-0.779,-0.708,-1.023,757,44.8,-4.99,-2.47,1/7
M30,hl_range,GBPAUD,20,2.5,192,-0.65,-0.407,-1.188,553,42.0,-7.32,-2.02,2/7
M30,hl_range,GBPAUD,40,1.5,48,-0.284,-0.12,-0.684,3945,40.9,-0.46,-0.83,2/7
M30,hl_range,GBPAUD,40,1.5,192,-0.289,-0.203,-0.502,3840,40.9,-0.48,-0.84,3/7
M30,hl_range,GBPAUD,40,2.0,48,-0.616,-0.558,-0.78,1606,42.6,-2.32,-1.97,3/7
M30,hl_range,GBPAUD,40,2.0,192,-0.494,-0.439,-0.632,1316,39.8,-2.53,-1.56,3/7
M30,hl_range,GBPAUD,40,2.5,48,-0.172,-0.161,-0.209,827,44.4,-0.99,-0.53,2/7
M30,hl_range,GBPAUD,40,2.5,192,0.036,-0.038,0.197,617,42.3,0.35,0.11,3/7
M30,hl_range,GBPAUD,80,1.5,48,-0.382,-0.41,-0.338,4048,41.3,-0.58,-1.07,2/7
M30,hl_range,GBPAUD,80,1.5,192,-0.37,-0.436,-0.237,3926,41.0,-0.58,-1.04,3/7
M30,hl_range,GBPAUD,80,2.0,48,-0.452,-0.514,-0.335,1650,43.5,-1.56,-1.34,2/7
M30,hl_range,GBPAUD,80,2.0,192,-0.232,-0.281,-0.138,1377,41.4,-1.06,-0.68,3/7
M30,hl_range,GBPAUD,80,2.5,48,-0.279,-0.371,-0.079,831,44.2,-1.6,-0.9,3/7
M30,hl_range,GBPAUD,80,2.5,192,-0.166,-0.397,0.326,625,43.4,-1.66,-0.53,3/7
M30,hl_range,GBPNZD,10,1.5,48,-0.636,-0.811,-0.271,3901,41.1,-1.07,-1.97,0/7
M30,hl_range,GBPNZD,10,1.5,192,-0.737,-0.906,-0.385,3822,40.8,-1.26,-2.28,0/7
M30,hl_range,GBPNZD,10,2.0,48,-0.717,-0.719,-0.782,1338,43.2,-3.26,-2.36,1/7
M30,hl_range,GBPNZD,10,2.0,192,-1.001,-1.08,-0.87,1076,41.2,-6.12,-3.34,1/7
M30,hl_range,GBPNZD,10,2.5,48,-0.833,-0.938,-0.637,574,45.3,-5.91,-2.59,1/7
M30,hl_range,GBPNZD,10,2.5,192,-0.909,-1.161,-0.406,433,39.7,-11.0,-2.83,1/7
M30,hl_range,GBPNZD,20,1.5,48,-0.461,-0.486,-0.43,4171,41.1,-0.71,-1.4,1/7
M30,hl_range,GBPNZD,20,1.5,192,-0.512,-0.563,-0.422,4088,40.9,-0.8,-1.56,1/7
M30,hl_range,GBPNZD,20,2.0,48,-0.885,-0.858,-1.029,1545,42.1,-3.34,-2.82,1/7
M30,hl_range,GBPNZD,20,2.0,192,-0.998,-1.091,-0.832,1270,40.5,-4.92,-3.22,0/7
M30,hl_range,GBPNZD,20,2.5,48,-0.666,-0.59,-0.96,734,45.2,-4.35,-2.07,2/7
M30,hl_range,GBPNZD,20,2.5,192,-0.718,-0.902,-0.336,558,41.0,-7.24,-2.22,1/7
M30,hl_range,GBPNZD,40,1.5,48,-0.955,-1.227,-0.388,4022,40.9,-1.49,-2.81,2/7
M30,hl_range,GBPNZD,40,1.5,192,-0.959,-1.217,-0.416,3916,40.8,-1.53,-2.82,2/7
M30,hl_range,GBPNZD,40,2.0,48,-0.379,-0.305,-0.589,1585,42.6,-1.38,-1.22,3/7
M30,hl_range,GBPNZD,40,2.0,192,-0.473,-0.489,-0.455,1295,42.0,-2.33,-1.52,3/7
M30,hl_range,GBPNZD,40,2.5,48,-0.419,-0.043,-1.463,789,45.1,-2.52,-1.3,3/7
M30,hl_range,GBPNZD,40,2.5,192,-0.276,-0.313,-0.203,588,41.7,-2.74,-0.85,3/7
M30,hl_range,GBPNZD,80,1.5,48,-0.818,-0.876,-0.719,4085,41.0,-1.22,-2.35,1/7
M30,hl_range,GBPNZD,80,1.5,192,-0.844,-0.933,-0.681,3953,40.6,-1.31,-2.45,1/7
M30,hl_range,GBPNZD,80,2.0,48,-0.432,-0.427,-0.462,1612,43.8,-1.43,-1.31,2/7
M30,hl_range,GBPNZD,80,2.0,192,-0.538,-0.593,-0.438,1352,41.9,-2.38,-1.63,2/7
M30,hl_range,GBPNZD,80,2.5,48,-0.492,-0.361,-0.889,828,44.1,-2.81,-1.57,2/7
M30,hl_range,GBPNZD,80,2.5,192,-0.405,-0.547,-0.093,629,40.9,-3.87,-1.31,1/7
M30,hl_range,AUDNZD,10,1.5,48,-1.326,-1.424,-1.158,3646,41.1,-1.4,-3.95,2/7
M30,hl_range,AUDNZD,10,1.5,192,-1.257,-1.339,-1.115,3543,41.3,-1.37,-3.72,2/7
M30,hl_range,AUDNZD,10,2.0,48,-0.51,-0.568,-0.403,1223,45.5,-1.39,-1.58,2/7
M30,hl_range,AUDNZD,10,2.0,192,-0.497,-0.556,-0.391,924,44.3,-1.99,-1.51,3/7
M30,hl_range,AUDNZD,10,2.5,48,-0.571,-0.83,-0.07,547,46.6,-2.63,-1.77,2/7
M30,hl_range,AUDNZD,10,2.5,192,-0.335,-0.849,0.624,400,46.5,-2.81,-1.04,4/7
M30,hl_range,AUDNZD,20,1.5,48,-1.533,-1.665,-1.304,3705,40.8,-1.58,-4.51,1/7
M30,hl_range,AUDNZD,20,1.5,192,-1.457,-1.588,-1.227,3594,41.0,-1.56,-4.21,1/7
M30,hl_range,AUDNZD,20,2.0,48,-0.869,-0.779,-1.067,1361,42.4,-2.2,-2.7,1/7
M30,hl_range,AUDNZD,20,2.0,192,-0.849,-0.671,-1.191,1065,41.7,-3.14,-2.59,2/7
M30,hl_range,AUDNZD,20,2.5,48,-0.626,-0.749,-0.389,663,45.6,-2.46,-1.93,3/7
M30,hl_range,AUDNZD,20,2.5,192,-0.438,-0.649,-0.033,486,47.3,-3.14,-1.36,3/7
M30,hl_range,AUDNZD,40,1.5,48,-1.489,-1.351,-1.764,3707,40.8,-1.51,-4.33,1/7
M30,hl_range,AUDNZD,40,1.5,192,-1.362,-1.217,-1.664,3575,40.8,-1.45,-3.91,1/7
M30,hl_range,AUDNZD,40,2.0,48,-0.826,-0.903,-0.69,1486,43.1,-1.91,-2.56,1/7
M30,hl_range,AUDNZD,40,2.0,192,-0.778,-0.93,-0.498,1176,42.7,-2.56,-2.35,1/7
M30,hl_range,AUDNZD,40,2.5,48,-0.238,-0.198,-0.323,739,47.4,-0.86,-0.73,4/7
M30,hl_range,AUDNZD,40,2.5,192,-0.186,0.027,-0.597,549,44.8,-1.2,-0.57,4/7
M30,hl_range,AUDNZD,80,1.5,48,-1.607,-1.403,-2.002,3739,40.6,-1.6,-4.65,0/7
M30,hl_range,AUDNZD,80,1.5,192,-1.532,-1.308,-1.969,3589,40.6,-1.63,-4.4,1/7
M30,hl_range,AUDNZD,80,2.0,48,-0.66,-0.544,-0.881,1517,43.4,-1.47,-2.04,2/7
M30,hl_range,AUDNZD,80,2.0,192,-0.714,-0.67,-0.809,1250,43.0,-2.23,-2.17,2/7
M30,hl_range,AUDNZD,80,2.5,48,-0.388,-0.427,-0.316,754,47.2,-1.4,-1.22,3/7
M30,hl_range,AUDNZD,80,2.5,192,-0.311,-0.182,-0.567,566,46.6,-1.93,-0.95,3/7
M30,hl_range,EURCHF,10,1.5,48,-1.545,-1.621,-1.419,4552,39.7,-1.36,-4.38,0/7
M30,hl_range,EURCHF,10,1.5,192,-1.558,-1.635,-1.43,4499,39.6,-1.38,-4.42,0/7
M30,hl_range,EURCHF,10,2.0,48,-0.185,0.132,-0.747,1634,43.7,-0.43,-0.58,4/7
M30,hl_range,EURCHF,10,2.0,192,-0.22,0.187,-0.899,1343,41.5,-0.65,-0.66,5/7
M30,hl_range,EURCHF,10,2.5,48,-0.052,0.191,-0.419,713,44.3,-0.22,-0.16,4/7
M30,hl_range,EURCHF,10,2.5,192,-0.34,-0.281,-0.419,531,43.3,-2.43,-1.07,2/7
M30,hl_range,EURCHF,20,1.5,48,-1.305,-1.324,-1.275,5490,40.3,-0.95,-3.61,1/7
M30,hl_range,EURCHF,20,1.5,192,-1.298,-1.297,-1.303,5457,40.4,-0.96,-3.6,1/7
M30,hl_range,EURCHF,20,2.0,48,-0.357,-0.2,-0.638,2107,43.3,-0.67,-1.08,1/7
M30,hl_range,EURCHF,20,2.0,192,-0.379,-0.186,-0.726,1863,41.8,-0.84,-1.13,2/7
M30,hl_range,EURCHF,20,2.5,48,-0.149,0.439,-1.168,1004,45.0,-0.47,-0.45,2/7
M30,hl_range,EURCHF,20,2.5,192,-0.21,0.397,-1.185,760,42.8,-1.06,-0.65,3/7
M30,hl_range,EURCHF,40,1.5,48,-1.162,-1.369,-0.81,4688,41.4,-1.02,-3.37,0/7
M30,hl_range,EURCHF,40,1.5,192,-1.212,-1.34,-0.996,4626,41.2,-1.08,-3.48,0/7
M30,hl_range,EURCHF,40,2.0,48,-0.563,-0.59,-0.519,1919,43.6,-1.12,-1.69,2/7
M30,hl_range,EURCHF,40,2.0,192,-0.498,-0.509,-0.48,1652,42.6,-1.2,-1.45,2/7
M30,hl_range,EURCHF,40,2.5,48,-0.5,0.1,-1.476,961,44.3,-1.7,-1.53,2/7
M30,hl_range,EURCHF,40,2.5,192,-0.348,0.023,-0.957,719,41.7,-1.98,-1.08,3/7
M30,hl_range,EURCHF,80,1.5,48,-1.138,-1.392,-0.698,4781,41.2,-0.93,-3.11,0/7
M30,hl_range,EURCHF,80,1.5,192,-1.099,-1.275,-0.797,4701,41.2,-0.92,-3.0,0/7
M30,hl_range,EURCHF,80,2.0,48,-0.687,-0.857,-0.405,1970,43.2,-1.31,-2.03,2/7
M30,hl_range,EURCHF,80,2.0,192,-0.635,-0.746,-0.437,1712,41.7,-1.48,-1.85,1/7
M30,hl_range,EURCHF,80,2.5,48,-0.335,0.004,-0.879,994,43.5,-1.14,-1.03,3/7
M30,hl_range,EURCHF,80,2.5,192,-0.182,-0.098,-0.327,758,42.0,-0.96,-0.56,2/7
M30,hl_range,GBPCHF,10,1.5,48,-0.702,-0.503,-1.11,4464,39.6,-0.95,-2.01,1/7
M30,hl_range,GBPCHF,10,1.5,192,-0.678,-0.503,-1.012,4400,39.5,-0.94,-1.94,1/7
M30,hl_range,GBPCHF,10,2.0,48,-0.144,0.06,-0.621,1723,41.9,-0.53,-0.46,3/7
M30,hl_range,GBPCHF,10,2.0,192,-0.182,0.024,-0.621,1479,40.1,-0.8,-0.58,3/7
M30,hl_range,GBPCHF,10,2.5,48,-0.062,-0.109,0.032,773,44.5,-0.37,-0.19,3/7
M30,hl_range,GBPCHF,10,2.5,192,-0.336,-0.42,-0.191,559,41.7,-3.47,-1.04,3/7
M30,hl_range,GBPCHF,20,1.5,48,-0.592,-0.461,-0.925,5441,41.0,-0.66,-1.7,1/7
M30,hl_range,GBPCHF,20,1.5,192,-0.564,-0.426,-0.909,5407,40.9,-0.63,-1.6,1/7
M30,hl_range,GBPCHF,20,2.0,48,-0.498,-0.227,-1.157,2236,40.9,-1.4,-1.59,2/7
M30,hl_range,GBPCHF,20,2.0,192,-0.436,-0.14,-1.083,2003,39.6,-1.39,-1.36,2/7
M30,hl_range,GBPCHF,20,2.5,48,-0.478,-0.162,-1.166,1058,42.8,-2.34,-1.47,1/7
M30,hl_range,GBPCHF,20,2.5,192,-0.334,-0.069,-0.82,813,41.0,-2.56,-1.05,2/7
M30,hl_range,GBPCHF,40,1.5,48,-0.686,-0.669,-0.766,4730,40.9,-0.93,-2.07,0/7
M30,hl_range,GBPCHF,40,1.5,192,-0.645,-0.608,-0.77,4659,40.7,-0.89,-1.93,1/7
M30,hl_range,GBPCHF,40,2.0,48,-0.432,-0.396,-0.524,1943,42.7,-1.37,-1.37,2/7
M30,hl_range,GBPCHF,40,2.0,192,-0.452,-0.376,-0.645,1670,40.5,-1.77,-1.42,0/7
M30,hl_range,GBPCHF,40,2.5,48,-0.053,0.467,-1.265,930,44.3,-0.29,-0.16,4/7
M30,hl_range,GBPCHF,40,2.5,192,0.129,0.516,-0.67,682,43.3,1.14,0.4,3/7
M30,hl_range,GBPCHF,80,1.5,48,-0.839,-0.775,-1.013,4718,41.1,-1.07,-2.4,1/7
M30,hl_range,GBPCHF,80,1.5,192,-0.798,-0.716,-1.001,4633,40.9,-1.03,-2.24,1/7
M30,hl_range,GBPCHF,80,2.0,48,-0.442,-0.541,-0.242,2005,42.6,-1.27,-1.33,1/7
M30,hl_range,GBPCHF,80,2.0,192,-0.541,-0.618,-0.393,1751,41.1,-1.96,-1.62,0/7
M30,hl_range,GBPCHF,80,2.5,48,-0.196,0.293,-1.288,993,44.6,-1.04,-0.63,2/7
M30,hl_range,GBPCHF,80,2.5,192,0.018,0.286,-0.576,769,42.7,0.16,0.06,3/7
M30,hl_range,AUDCHF,10,1.5,48,-0.448,-0.3,-0.705,3941,40.8,-0.86,-1.3,1/7
M30,hl_range,AUDCHF,10,1.5,192,-0.456,-0.327,-0.68,3869,40.7,-0.89,-1.31,1/7
M30,hl_range,AUDCHF,10,2.0,48,-0.81,-0.445,-1.486,1482,41.0,-3.87,-2.55,1/7
M30,hl_range,AUDCHF,10,2.0,192,-1.03,-0.751,-1.52,1212,38.7,-6.61,-3.08,0/7
M30,hl_range,AUDCHF,10,2.5,48,-0.371,-0.263,-0.56,621,45.2,-3.08,-1.16,2/7
M30,hl_range,AUDCHF,10,2.5,192,-0.373,-0.246,-0.606,455,40.7,-5.66,-1.16,2/7
M30,hl_range,AUDCHF,20,1.5,48,-0.698,-1.156,0.172,4239,41.0,-1.22,-2.02,3/7
M30,hl_range,AUDCHF,20,1.5,192,-0.779,-1.18,-0.023,4165,41.0,-1.37,-2.24,1/7
M30,hl_range,AUDCHF,20,2.0,48,-0.741,-0.449,-1.282,1622,41.2,-3.38,-2.35,1/7
M30,hl_range,AUDCHF,20,2.0,192,-0.621,-0.37,-1.031,1335,39.6,-3.55,-1.9,2/7
M30,hl_range,AUDCHF,20,2.5,48,-0.238,0.173,-0.884,750,46.3,-1.76,-0.73,2/7
M30,hl_range,AUDCHF,20,2.5,192,0.052,0.372,-0.359,540,43.1,0.7,0.16,2/7
M30,hl_range,AUDCHF,40,1.5,48,-0.611,-0.816,-0.239,4122,41.4,-1.08,-1.72,2/7
M30,hl_range,AUDCHF,40,1.5,192,-0.636,-0.905,-0.155,4013,41.0,-1.16,-1.78,2/7
M30,hl_range,AUDCHF,40,2.0,48,-0.89,-0.615,-1.429,1714,41.8,-3.75,-2.84,1/7
M30,hl_range,AUDCHF,40,2.0,192,-0.824,-0.52,-1.38,1437,39.5,-4.42,-2.56,1/7
M30,hl_range,AUDCHF,40,2.5,48,-1.079,-0.853,-1.491,852,42.7,-7.55,-3.38,0/7
M30,hl_range,AUDCHF,40,2.5,192,-0.626,-0.272,-1.2,639,40.1,-6.97,-1.9,1/7
M30,hl_range,AUDCHF,80,1.5,48,-0.786,-0.962,-0.482,4206,40.4,-1.36,-2.2,1/7
M30,hl_range,AUDCHF,80,1.5,192,-0.794,-1.008,-0.426,4099,40.2,-1.39,-2.19,2/7
M30,hl_range,AUDCHF,80,2.0,48,-0.844,-0.573,-1.351,1734,41.6,-3.46,-2.62,1/7
M30,hl_range,AUDCHF,80,2.0,192,-0.773,-0.485,-1.326,1467,38.7,-4.13,-2.35,1/7
M30,hl_range,AUDCHF,80,2.5,48,-0.955,-0.77,-1.322,874,42.6,-6.62,-3.06,1/7
M30,hl_range,AUDCHF,80,2.5,192,-0.659,-0.593,-0.783,687,41.9,-7.11,-2.07,2/7
M30,hl_range,EURCAD,10,1.5,48,-0.673,-0.274,-1.515,4359,40.7,-0.76,-1.88,2/7
M30,hl_range,EURCAD,10,1.5,192,-0.665,-0.279,-1.474,4299,40.5,-0.76,-1.83,2/7
M30,hl_range,EURCAD,10,2.0,48,-0.027,0.179,-0.443,1537,44.5,-0.09,-0.08,2/7
M30,hl_range,EURCAD,10,2.0,192,-0.101,0.182,-0.678,1253,42.9,-0.41,-0.31,2/7
M30,hl_range,EURCAD,10,2.5,48,-0.266,-0.306,-0.192,676,44.8,-1.45,-0.82,3/7
M30,hl_range,EURCAD,10,2.5,192,-0.374,-0.236,-0.679,507,41.0,-3.55,-1.16,2/7
M30,hl_range,EURCAD,20,1.5,48,-0.779,-0.413,-1.541,5120,40.4,-0.77,-2.18,2/7
M30,hl_range,EURCAD,20,1.5,192,-0.761,-0.411,-1.49,5076,40.3,-0.76,-2.13,2/7
M30,hl_range,EURCAD,20,2.0,48,-0.403,0.191,-1.612,2067,40.3,-0.96,-1.24,3/7
M30,hl_range,EURCAD,20,2.0,192,-0.611,-0.169,-1.506,1817,39.7,-1.67,-1.84,2/7
M30,hl_range,EURCAD,20,2.5,48,-0.497,-0.372,-0.747,960,44.0,-2.22,-1.55,2/7
M30,hl_range,EURCAD,20,2.5,192,-0.643,-0.396,-1.164,723,40.7,-4.52,-2.0,2/7
M30,hl_range,EURCAD,40,1.5,48,-0.714,-0.39,-1.424,4464,40.7,-0.8,-1.99,2/7
M30,hl_range,EURCAD,40,1.5,192,-0.677,-0.371,-1.347,4375,40.5,-0.77,-1.89,2/7
M30,hl_range,EURCAD,40,2.0,48,-0.644,-0.218,-1.556,1909,40.2,-1.69,-2.0,2/7
M30,hl_range,EURCAD,40,2.0,192,-0.622,-0.151,-1.684,1638,39.9,-2.0,-1.91,2/7
M30,hl_range,EURCAD,40,2.5,48,-0.391,-0.22,-0.74,996,43.6,-1.65,-1.21,3/7
M30,hl_range,EURCAD,40,2.5,192,-0.335,-0.375,-0.262,767,41.5,-2.13,-1.04,4/7
M30,hl_range,EURCAD,80,1.5,48,-0.754,-0.489,-1.358,4521,40.4,-0.83,-2.09,1/7
M30,hl_range,EURCAD,80,1.5,192,-0.73,-0.487,-1.283,4423,40.2,-0.83,-2.02,1/7
M30,hl_range,EURCAD,80,2.0,48,-0.53,0.004,-1.563,1925,41.5,-1.35,-1.64,3/7
M30,hl_range,EURCAD,80,2.0,192,-0.602,-0.053,-1.812,1681,41.0,-1.86,-1.82,2/7
M30,hl_range,EURCAD,80,2.5,48,-0.228,0.147,-1.021,1027,43.6,-0.92,-0.7,3/7
M30,hl_range,EURCAD,80,2.5,192,-0.333,-0.261,-0.495,807,42.6,-2.05,-1.03,2/7
M30,hl_range,GBPCAD,10,1.5,48,-0.576,-0.497,-0.801,4295,39.8,-0.76,-1.68,2/7
M30,hl_range,GBPCAD,10,1.5,192,-0.573,-0.499,-0.781,4240,39.8,-0.76,-1.67,2/7
M30,hl_range,GBPCAD,10,2.0,48,-0.766,-0.741,-0.868,1637,40.2,-2.58,-2.44,1/7
M30,hl_range,GBPCAD,10,2.0,192,-0.879,-0.895,-0.89,1383,38.2,-3.78,-2.8,0/7
M30,hl_range,GBPCAD,10,2.5,48,-0.775,-0.657,-1.067,735,45.3,-4.23,-2.41,0/7
M30,hl_range,GBPCAD,10,2.5,192,-0.664,-0.581,-0.834,546,40.1,-6.09,-2.05,1/7
M30,hl_range,GBPCAD,20,1.5,48,-0.879,-0.964,-0.737,5302,40.2,-0.98,-2.6,2/7
M30,hl_range,GBPCAD,20,1.5,192,-0.887,-0.966,-0.76,5274,40.2,-0.99,-2.62,2/7
M30,hl_range,GBPCAD,20,2.0,48,0.039,0.15,-0.222,2084,41.9,0.1,0.12,5/7
M30,hl_range,GBPCAD,20,2.0,192,0.1,0.313,-0.388,1839,40.9,0.31,0.3,5/7
M30,hl_range,GBPCAD,20,2.5,48,-0.819,-0.712,-1.14,1057,42.5,-3.65,-2.58,1/7
M30,hl_range,GBPCAD,20,2.5,192,-0.703,-0.536,-1.121,810,39.0,-5.07,-2.19,1/7
M30,hl_range,GBPCAD,40,1.5,48,-0.403,-0.343,-0.554,4605,40.6,-0.49,-1.15,3/7
M30,hl_range,GBPCAD,40,1.5,192,-0.41,-0.306,-0.665,4538,40.3,-0.51,-1.16,2/7
M30,hl_range,GBPCAD,40,2.0,48,-0.581,-0.594,-0.598,1955,41.5,-1.69,-1.86,3/7
M30,hl_range,GBPCAD,40,2.0,192,-0.576,-0.705,-0.3,1680,40.8,-2.0,-1.79,2/7
M30,hl_range,GBPCAD,40,2.5,48,-0.578,-0.555,-0.687,977,43.0,-2.73,-1.82,1/7
M30,hl_range,GBPCAD,40,2.5,192,-0.484,-0.565,-0.32,723,40.0,-3.77,-1.49,2/7
M30,hl_range,GBPCAD,80,1.5,48,-0.543,-0.662,-0.297,4634,41.0,-0.65,-1.56,3/7
M30,hl_range,GBPCAD,80,1.5,192,-0.556,-0.644,-0.38,4558,40.7,-0.68,-1.57,2/7
M30,hl_range,GBPCAD,80,2.0,48,-0.338,-0.379,-0.261,1969,42.4,-0.94,-1.05,3/7
M30,hl_range,GBPCAD,80,2.0,192,-0.362,-0.43,-0.223,1699,41.0,-1.24,-1.09,4/7
M30,hl_range,GBPCAD,80,2.5,48,-0.277,-0.254,-0.366,992,43.0,-1.35,-0.93,2/7
M30,hl_range,GBPCAD,80,2.5,192,-0.186,-0.216,-0.126,762,40.8,-1.51,-0.6,4/7
M30,hl_range,AUDCAD,10,1.5,48,-0.972,-0.879,-1.164,3965,39.2,-1.4,-2.8,2/7
M30,hl_range,AUDCAD,10,1.5,192,-1.051,-0.987,-1.181,3884,39.1,-1.52,-3.0,2/7
M30,hl_range,AUDCAD,10,2.0,48,-0.965,-0.949,-1.003,1427,42.0,-3.5,-2.92,2/7
M30,hl_range,AUDCAD,10,2.0,192,-0.997,-0.784,-1.379,1138,39.8,-4.79,-3.01,1/7
M30,hl_range,AUDCAD,10,2.5,48,-0.619,-0.388,-1.074,650,44.0,-3.77,-1.91,2/7
M30,hl_range,AUDCAD,10,2.5,192,-0.593,-0.2,-1.193,476,39.3,-6.26,-1.84,1/7
M30,hl_range,AUDCAD,20,1.5,48,-1.084,-1.265,-0.744,4114,39.5,-1.55,-3.2,1/7
M30,hl_range,AUDCAD,20,1.5,192,-1.093,-1.333,-0.646,4030,39.2,-1.58,-3.22,1/7
M30,hl_range,AUDCAD,20,2.0,48,-1.11,-0.972,-1.395,1632,41.1,-3.56,-3.41,1/7
M30,hl_range,AUDCAD,20,2.0,192,-1.009,-0.848,-1.307,1336,40.2,-4.19,-3.07,1/7
M30,hl_range,AUDCAD,20,2.5,48,-0.675,-0.688,-0.666,760,44.3,-3.67,-2.08,1/7
M30,hl_range,AUDCAD,20,2.5,192,-0.688,-0.534,-0.954,554,37.4,-6.42,-2.12,1/7
M30,hl_range,AUDCAD,40,1.5,48,-1.072,-1.1,-1.032,4041,39.8,-1.49,-3.08,1/7
M30,hl_range,AUDCAD,40,1.5,192,-1.067,-1.147,-0.928,3928,39.7,-1.54,-3.07,1/7
M30,hl_range,AUDCAD,40,2.0,48,-0.948,-0.749,-1.357,1717,40.7,-2.95,-2.95,0/7
M30,hl_range,AUDCAD,40,2.0,192,-0.818,-0.505,-1.348,1424,40.2,-3.26,-2.54,1/7
M30,hl_range,AUDCAD,40,2.5,48,-0.711,-0.659,-0.828,908,44.3,-3.48,-2.2,0/7
M30,hl_range,AUDCAD,40,2.5,192,-0.743,-0.849,-0.558,661,37.8,-5.89,-2.25,2/7
M30,hl_range,AUDCAD,80,1.5,48,-0.673,-0.661,-0.696,4041,40.1,-0.94,-1.94,2/7
M30,hl_range,AUDCAD,80,1.5,192,-0.721,-0.729,-0.71,3924,39.8,-1.05,-2.06,2/7
M30,hl_range,AUDCAD,80,2.0,48,-0.76,-0.537,-1.248,1740,40.6,-2.52,-2.46,1/7
M30,hl_range,AUDCAD,80,2.0,192,-0.829,-0.461,-1.622,1476,38.3,-3.42,-2.65,1/7
M30,hl_range,AUDCAD,80,2.5,48,-0.443,-0.467,-0.406,896,45.1,-2.3,-1.42,2/7
M30,hl_range,AUDCAD,80,2.5,192,-0.391,-0.367,-0.443,677,40.6,-3.19,-1.21,2/7
M30,hl_range,NZDCAD,10,1.5,48,-1.619,-1.769,-1.352,4052,39.6,-2.47,-4.83,1/7
M30,hl_range,NZDCAD,10,1.5,192,-1.641,-1.839,-1.277,3986,39.5,-2.53,-4.86,1/7
M30,hl_range,NZDCAD,10,2.0,48,-1.178,-1.327,-0.91,1387,42.0,-4.72,-3.68,0/7
M30,hl_range,NZDCAD,10,2.0,192,-1.079,-1.269,-0.746,1101,39.3,-5.74,-3.36,0/7
M30,hl_range,NZDCAD,10,2.5,48,-0.535,-0.335,-0.958,608,44.9,-3.44,-1.64,2/7
M30,hl_range,NZDCAD,10,2.5,192,-0.29,-0.191,-0.453,443,40.2,-3.56,-0.9,4/7
M30,hl_range,NZDCAD,20,1.5,48,-1.207,-1.37,-0.912,4231,39.7,-1.72,-3.47,0/7
M30,hl_range,NZDCAD,20,1.5,192,-1.185,-1.388,-0.815,4154,39.7,-1.71,-3.4,0/7
M30,hl_range,NZDCAD,20,2.0,48,-1.03,-1.16,-0.79,1620,41.0,-3.65,-3.21,1/7
M30,hl_range,NZDCAD,20,2.0,192,-0.883,-1.137,-0.453,1324,40.9,-3.96,-2.71,0/7
M30,hl_range,NZDCAD,20,2.5,48,-0.646,-0.598,-0.753,770,43.5,-3.75,-2.02,2/7
M30,hl_range,NZDCAD,20,2.5,192,-0.539,-0.41,-0.753,566,38.3,-5.29,-1.67,2/7
M30,hl_range,NZDCAD,40,1.5,48,-1.64,-1.86,-1.238,4078,39.4,-2.49,-4.86,1/7
M30,hl_range,NZDCAD,40,1.5,192,-1.649,-1.884,-1.224,3981,39.0,-2.56,-4.84,1/7
M30,hl_range,NZDCAD,40,2.0,48,-1.123,-0.983,-1.411,1695,40.2,-3.71,-3.5,0/7
M30,hl_range,NZDCAD,40,2.0,192,-0.893,-0.674,-1.303,1393,39.3,-3.85,-2.79,0/7
M30,hl_range,NZDCAD,40,2.5,48,-0.718,-0.407,-1.363,828,42.9,-3.9,-2.21,1/7
M30,hl_range,NZDCAD,40,2.5,192,-0.605,-0.517,-0.755,634,38.8,-5.24,-1.85,1/7
M30,hl_range,NZDCAD,80,1.5,48,-1.513,-1.695,-1.181,4096,39.0,-2.29,-4.55,1/7
M30,hl_range,NZDCAD,80,1.5,192,-1.467,-1.619,-1.194,3982,38.8,-2.28,-4.34,1/7
M30,hl_range,NZDCAD,80,2.0,48,-0.904,-0.849,-1.035,1722,40.7,-2.97,-2.79,0/7
M30,hl_range,NZDCAD,80,2.0,192,-0.825,-0.784,-0.913,1458,40.4,-3.46,-2.54,0/7
M30,hl_range,NZDCAD,80,2.5,48,-0.631,-0.474,-0.941,838,43.7,-3.32,-1.96,1/7
M30,hl_range,NZDCAD,80,2.5,192,-0.186,-0.182,-0.194,632,41.1,-1.66,-0.58,2/7
M30,hl_range,CHFJPY,10,1.5,48,-0.606,-0.583,-0.65,4313,40.3,-0.87,-1.79,2/7
M30,hl_range,CHFJPY,10,1.5,192,-0.594,-0.547,-0.678,4248,40.2,-0.86,-1.75,2/7
M30,hl_range,CHFJPY,10,2.0,48,-0.139,-0.15,-0.12,1628,44.8,-0.49,-0.43,2/7
M30,hl_range,CHFJPY,10,2.0,192,0.028,0.042,0.003,1340,43.4,0.12,0.08,3/7
M30,hl_range,CHFJPY,10,2.5,48,-0.2,0.109,-0.724,726,47.4,-1.3,-0.63,3/7
M30,hl_range,CHFJPY,10,2.5,192,-0.378,-0.111,-0.829,537,42.8,-4.0,-1.18,1/7
M30,hl_range,CHFJPY,20,1.5,48,-0.212,-0.398,0.096,4476,40.4,-0.28,-0.6,2/7
M30,hl_range,CHFJPY,20,1.5,192,-0.241,-0.438,0.092,4409,40.3,-0.32,-0.68,2/7
M30,hl_range,CHFJPY,20,2.0,48,0.017,-0.092,0.207,1828,43.4,0.06,0.05,4/7
M30,hl_range,CHFJPY,20,2.0,192,0.14,0.089,0.227,1548,42.6,0.56,0.42,3/7
M30,hl_range,CHFJPY,20,2.5,48,-0.127,-0.128,-0.128,921,46.1,-0.7,-0.4,3/7
M30,hl_range,CHFJPY,20,2.5,192,0.086,0.354,-0.386,682,44.4,0.73,0.27,4/7
M30,hl_range,CHFJPY,40,1.5,48,-0.327,-0.601,0.165,4284,40.4,-0.44,-0.91,2/7
M30,hl_range,CHFJPY,40,1.5,192,-0.435,-0.712,0.048,4194,40.2,-0.6,-1.19,1/7
M30,hl_range,CHFJPY,40,2.0,48,-0.101,-0.19,0.058,1814,42.9,-0.32,-0.3,3/7
M30,hl_range,CHFJPY,40,2.0,192,-0.116,-0.062,-0.212,1524,42.4,-0.46,-0.35,4/7
M30,hl_range,CHFJPY,40,2.5,48,0.112,0.187,-0.021,949,48.3,0.6,0.35,4/7
M30,hl_range,CHFJPY,40,2.5,192,0.323,0.62,-0.193,714,47.1,2.71,1.0,4/7
M30,hl_range,CHFJPY,80,1.5,48,-0.36,-0.482,-0.133,4362,40.3,-0.47,-1.0,3/7
M30,hl_range,CHFJPY,80,1.5,192,-0.426,-0.563,-0.182,4242,40.1,-0.58,-1.17,3/7
M30,hl_range,CHFJPY,80,2.0,48,0.215,0.421,-0.137,1865,42.9,0.66,0.64,4/7
M30,hl_range,CHFJPY,80,2.0,192,0.173,0.597,-0.571,1601,41.7,0.67,0.51,4/7
M30,hl_range,CHFJPY,80,2.5,48,0.125,-0.029,0.4,984,47.8,0.63,0.38,6/7
M30,hl_range,CHFJPY,80,2.5,192,-0.134,-0.171,-0.07,776,44.3,-1.04,-0.4,3/7
M30,hl_range,CADCHF,10,1.5,48,-1.84,-1.68,-2.121,4471,36.7,-2.56,-5.44,0/7
M30,hl_range,CADCHF,10,1.5,192,-1.854,-1.669,-2.182,4417,36.4,-2.61,-5.45,0/7
M30,hl_range,CADCHF,10,2.0,48,-0.698,-0.645,-0.781,1676,40.5,-2.55,-2.25,2/7
M30,hl_range,CADCHF,10,2.0,192,-0.695,-0.589,-0.87,1396,38.4,-3.18,-2.18,2/7
M30,hl_range,CADCHF,10,2.5,48,-0.796,-0.243,-1.551,711,43.2,-4.92,-2.47,2/7
M30,hl_range,CADCHF,10,2.5,192,-0.465,-0.021,-1.215,527,39.3,-4.82,-1.43,2/7
M30,hl_range,CADCHF,20,1.5,48,-2.281,-1.777,-3.162,5393,36.6,-2.48,-6.39,1/7
M30,hl_range,CADCHF,20,1.5,192,-2.268,-1.783,-3.118,5364,36.5,-2.48,-6.32,1/7
M30,hl_range,CADCHF,20,2.0,48,-0.749,-0.94,-0.411,2144,41.3,-2.05,-2.3,1/7
M30,hl_range,CADCHF,20,2.0,192,-0.649,-0.743,-0.48,1921,39.8,-2.02,-1.93,2/7
M30,hl_range,CADCHF,20,2.5,48,-0.924,-0.975,-0.845,1012,42.1,-4.53,-2.87,1/7
M30,hl_range,CADCHF,20,2.5,192,-0.611,-0.798,-0.295,780,40.0,-4.32,-1.82,2/7
M30,hl_range,CADCHF,40,1.5,48,-1.972,-1.846,-2.179,4668,37.0,-2.66,-5.91,0/7
M30,hl_range,CADCHF,40,1.5,192,-1.955,-1.775,-2.254,4605,36.9,-2.69,-5.87,0/7
M30,hl_range,CADCHF,40,2.0,48,-1.015,-0.689,-1.617,1987,39.8,-2.91,-3.17,1/7
M30,hl_range,CADCHF,40,2.0,192,-0.724,-0.481,-1.16,1710,38.2,-2.46,-2.17,1/7
M30,hl_range,CADCHF,40,2.5,48,-0.969,-0.728,-1.376,989,43.7,-4.7,-2.99,1/7
M30,hl_range,CADCHF,40,2.5,192,-0.814,-0.92,-0.63,749,41.4,-6.17,-2.56,2/7
M30,hl_range,CADCHF,80,1.5,48,-2.396,-2.306,-2.553,4724,37.0,-3.13,-7.12,0/7
M30,hl_range,CADCHF,80,1.5,192,-2.344,-2.192,-2.611,4642,36.7,-3.15,-6.95,0/7
M30,hl_range,CADCHF,80,2.0,48,-1.127,-0.774,-1.784,2000,40.5,-3.22,-3.51,1/7
M30,hl_range,CADCHF,80,2.0,192,-0.849,-0.536,-1.433,1735,39.8,-2.91,-2.56,2/7
M30,hl_range,CADCHF,80,2.5,48,-0.599,-0.317,-1.045,1008,43.5,-2.75,-1.82,1/7
M30,hl_range,CADCHF,80,2.5,192,-0.414,-0.411,-0.418,767,40.8,-3.08,-1.28,2/7
M30,hl_range,EURUSD,10,1.5,48,-1.438,-1.429,-1.475,5560,38.5,-1.46,-4.06,0/7
M30,hl_range,EURUSD,10,1.5,192,-1.455,-1.469,-1.445,5494,38.4,-1.48,-4.06,0/7
M30,hl_range,EURUSD,10,2.0,48,-0.688,-0.609,-0.823,2179,42.4,-1.77,-2.1,1/7
M30,hl_range,EURUSD,10,2.0,192,-0.511,-0.369,-0.769,1866,41.1,-1.62,-1.53,3/7
M30,hl_range,EURUSD,10,2.5,48,0.094,0.069,0.137,980,47.7,0.44,0.29,4/7
M30,hl_range,EURUSD,10,2.5,192,-0.091,-0.061,-0.148,733,42.4,-0.71,-0.28,2/7
M30,hl_range,EURUSD,20,1.5,48,-1.365,-1.182,-1.736,6697,39.6,-1.12,-3.7,0/7
M30,hl_range,EURUSD,20,1.5,192,-1.336,-1.16,-1.697,6668,39.6,-1.11,-3.63,0/7
M30,hl_range,EURUSD,20,2.0,48,-0.241,-0.053,-0.575,2816,40.9,-0.5,-0.74,1/7
M30,hl_range,EURUSD,20,2.0,192,-0.222,0.029,-0.665,2525,39.8,-0.51,-0.66,2/7
M30,hl_range,EURUSD,20,2.5,48,-0.311,-0.134,-0.607,1412,44.5,-1.13,-0.96,3/7
M30,hl_range,EURUSD,20,2.5,192,-0.527,-0.153,-1.182,1102,40.4,-2.69,-1.59,3/7
M30,hl_range,EURUSD,40,1.5,48,-1.391,-1.31,-1.545,6290,40.4,-1.22,-3.75,0/7
M30,hl_range,EURUSD,40,1.5,192,-1.347,-1.314,-1.415,6234,40.3,-1.19,-3.59,0/7
M30,hl_range,EURUSD,40,2.0,48,-0.398,-0.238,-0.703,2782,42.7,-0.77,-1.16,1/7
M30,hl_range,EURUSD,40,2.0,192,-0.333,-0.283,-0.429,2502,40.8,-0.76,-0.96,2/7
M30,hl_range,EURUSD,40,2.5,48,0.215,0.412,-0.157,1515,45.2,0.71,0.65,4/7
M30,hl_range,EURUSD,40,2.5,192,0.083,0.246,-0.233,1200,42.4,0.39,0.25,3/7
M30,hl_range,EURUSD,80,1.5,48,-1.097,-1.052,-1.176,6077,40.8,-1.01,-2.99,0/7
M30,hl_range,EURUSD,80,1.5,192,-1.094,-1.077,-1.126,5992,40.7,-1.01,-2.94,0/7
M30,hl_range,EURUSD,80,2.0,48,-0.528,-0.463,-0.655,2772,42.3,-1.02,-1.55,1/7
M30,hl_range,EURUSD,80,2.0,192,-0.557,-0.478,-0.712,2496,40.5,-1.28,-1.62,1/7
M30,hl_range,EURUSD,80,2.5,48,0.01,0.173,-0.297,1451,45.3,0.03,0.03,3/7
M30,hl_range,EURUSD,80,2.5,192,-0.105,-0.1,-0.114,1160,41.9,-0.5,-0.31,3/7
M30,hl_range,USDCHF,10,1.5,48,-2.126,-2.39,-1.683,5269,37.7,-2.4,-6.11,0/7
M30,hl_range,USDCHF,10,1.5,192,-2.144,-2.381,-1.742,5214,37.5,-2.42,-6.11,0/7
M30,hl_range,USDCHF,10,2.0,48,-0.411,-0.652,-0.052,2044,41.9,-1.17,-1.24,2/7
M30,hl_range,USDCHF,10,2.0,192,-0.205,-0.318,-0.037,1735,40.8,-0.72,-0.62,2/7
M30,hl_range,USDCHF,10,2.5,48,0.297,0.301,0.291,889,45.4,1.64,0.91,6/7
M30,hl_range,USDCHF,10,2.5,192,0.122,0.319,-0.186,656,42.8,1.12,0.38,5/7
M30,hl_range,USDCHF,20,1.5,48,-1.938,-2.121,-1.639,6312,38.0,-1.82,-5.41,0/7
M30,hl_range,USDCHF,20,1.5,192,-1.936,-2.155,-1.579,6278,38.1,-1.83,-5.4,0/7
M30,hl_range,USDCHF,20,2.0,48,-0.771,-1.207,-0.113,2704,39.3,-1.7,-2.31,1/7
M30,hl_range,USDCHF,20,2.0,192,-0.811,-1.16,-0.272,2481,38.4,-1.98,-2.38,1/7
M30,hl_range,USDCHF,20,2.5,48,0.065,0.018,0.138,1290,44.0,0.27,0.2,5/7
M30,hl_range,USDCHF,20,2.5,192,-0.025,0.145,-0.286,1009,42.1,-0.16,-0.08,5/7
M30,hl_range,USDCHF,40,1.5,48,-2.295,-2.632,-1.732,5861,37.8,-2.35,-6.53,0/7
M30,hl_range,USDCHF,40,1.5,192,-2.28,-2.582,-1.773,5796,37.7,-2.36,-6.45,0/7
M30,hl_range,USDCHF,40,2.0,48,-1.313,-1.42,-1.139,2609,39.6,-2.97,-4.01,0/7
M30,hl_range,USDCHF,40,2.0,192,-1.21,-1.204,-1.219,2345,38.3,-3.09,-3.6,0/7
M30,hl_range,USDCHF,40,2.5,48,-0.578,-0.453,-0.794,1309,42.2,-2.26,-1.77,2/7
M30,hl_range,USDCHF,40,2.5,192,-0.537,-0.395,-0.753,1026,39.5,-3.14,-1.64,2/7
M30,hl_range,USDCHF,80,1.5,48,-2.128,-2.182,-2.039,5751,38.3,-2.21,-5.99,0/7
M30,hl_range,USDCHF,80,1.5,192,-2.028,-2.069,-1.961,5665,38.3,-2.15,-5.71,0/7
M30,hl_range,USDCHF,80,2.0,48,-0.835,-0.794,-0.898,2544,40.3,-1.98,-2.59,0/7
M30,hl_range,USDCHF,80,2.0,192,-0.708,-0.47,-1.066,2280,39.1,-1.92,-2.11,1/7
M30,hl_range,USDCHF,80,2.5,48,-0.735,-0.656,-0.866,1307,42.0,-2.83,-2.27,2/7
M30,hl_range,USDCHF,80,2.5,192,-0.377,-0.302,-0.492,1039,40.5,-2.2,-1.15,2/7
M30,rsi_div,EURGBP,24,3.0,48,0.086,0.022,0.25,723,50.1,0.43,0.26,4/7
M30,rsi_div,EURGBP,24,3.0,192,0.008,0.002,0.024,470,59.4,0.07,0.02,4/7
M30,rsi_div,EURGBP,24,6.0,48,0.297,0.252,0.404,426,50.2,1.96,0.91,4/7
M30,rsi_div,EURGBP,24,6.0,192,0.18,0.133,0.33,304,57.2,2.52,0.55,5/7
M30,rsi_div,EURGBP,24,10.0,48,0.024,0.205,-0.377,170,49.4,0.22,0.07,4/7
M30,rsi_div,EURGBP,24,10.0,192,-0.179,-0.253,-0.005,142,47.2,-3.83,-0.55,2/7
M30,rsi_div,EURGBP,48,3.0,48,-0.292,-0.472,0.126,775,50.3,-1.36,-0.9,1/7
M30,rsi_div,EURGBP,48,3.0,192,-0.208,-0.221,-0.197,472,59.7,-2.13,-0.64,2/7
M30,rsi_div,EURGBP,48,6.0,48,0.052,0.003,0.167,530,48.1,0.3,0.16,2/7
M30,rsi_div,EURGBP,48,6.0,192,0.21,0.229,0.183,348,58.3,2.63,0.65,5/7
M30,rsi_div,EURGBP,48,10.0,48,-0.216,-0.032,-0.696,256,47.3,-1.69,-0.66,4/7
M30,rsi_div,EURGBP,48,10.0,192,-0.076,0.044,-0.414,199,51.8,-1.36,-0.23,3/7
M30,rsi_div,EURGBP,96,3.0,48,-0.037,-0.038,-0.036,686,50.1,-0.18,-0.11,4/7
M30,rsi_div,EURGBP,96,3.0,192,0.24,0.407,-0.178,401,63.1,2.6,0.73,4/7
M30,rsi_div,EURGBP,96,6.0,48,0.088,0.123,0.004,547,49.9,0.49,0.27,3/7
M30,rsi_div,EURGBP,96,6.0,192,0.244,0.304,0.111,335,59.4,3.02,0.74,5/7
M30,rsi_div,EURGBP,96,10.0,48,0.107,0.29,-0.355,333,48.9,0.74,0.33,5/7
M30,rsi_div,EURGBP,96,10.0,192,0.258,0.534,-0.436,223,54.7,4.47,0.79,5/7
M30,rsi_div,EURGBP,192,3.0,48,0.273,0.222,0.456,548,52.4,1.66,0.84,6/7
M30,rsi_div,EURGBP,192,3.0,192,0.171,0.258,-0.035,300,55.3,2.39,0.52,4/7
M30,rsi_div,EURGBP,192,6.0,48,0.202,0.191,0.246,483,51.8,1.21,0.62,5/7
M30,rsi_div,EURGBP,192,6.0,192,0.261,0.4,-0.066,269,53.9,3.9,0.8,5/7
M30,rsi_div,EURGBP,192,10.0,48,0.407,0.498,0.209,359,51.0,2.86,1.25,6/7
M30,rsi_div,EURGBP,192,10.0,192,0.303,0.572,-0.339,219,50.2,5.32,0.93,4/7
M30,rsi_div,EURAUD,24,3.0,48,-0.048,-0.127,0.092,750,50.7,-0.32,-0.15,2/7
M30,rsi_div,EURAUD,24,3.0,192,-0.157,-0.024,-0.379,476,59.9,-2.1,-0.48,1/7
M30,rsi_div,EURAUD,24,6.0,48,0.432,0.417,0.46,439,53.1,4.12,1.33,4/7
M30,rsi_div,EURAUD,24,6.0,192,0.067,0.098,0.007,312,55.4,1.24,0.2,3/7
M30,rsi_div,EURAUD,24,10.0,48,0.128,-0.198,0.679,160,55.0,2.09,0.39,5/7
M30,rsi_div,EURAUD,24,10.0,192,-0.31,-0.553,0.152,131,50.4,-10.88,-0.95,2/7
M30,rsi_div,EURAUD,48,3.0,48,-0.159,-0.104,-0.254,802,49.5,-1.11,-0.48,2/7
M30,rsi_div,EURAUD,48,3.0,192,-0.264,-0.114,-0.522,480,58.1,-3.61,-0.81,2/7
M30,rsi_div,EURAUD,48,6.0,48,0.235,0.355,0.023,550,50.7,1.99,0.72,4/7
M30,rsi_div,EURAUD,48,6.0,192,-0.025,0.194,-0.452,359,56.5,-0.42,-0.08,4/7
M30,rsi_div,EURAUD,48,10.0,48,-0.021,-0.337,0.498,250,52.4,-0.27,-0.06,3/7
M30,rsi_div,EURAUD,48,10.0,192,-0.432,-0.429,-0.441,184,50.0,-12.03,-1.33,1/7
M30,rsi_div,EURAUD,96,3.0,48,0.155,0.112,0.227,721,49.5,1.15,0.48,5/7
M30,rsi_div,EURAUD,96,3.0,192,-0.186,-0.199,-0.164,398,56.8,-2.97,-0.57,3/7
M30,rsi_div,EURAUD,96,6.0,48,0.14,0.29,-0.115,578,49.8,1.18,0.43,4/7
M30,rsi_div,EURAUD,96,6.0,192,0.041,0.072,-0.012,339,56.9,0.76,0.13,2/7
M30,rsi_div,EURAUD,96,10.0,48,-0.013,0.074,-0.142,320,52.2,-0.15,-0.04,3/7
M30,rsi_div,EURAUD,96,10.0,192,-0.238,-0.091,-0.524,218,50.5,-5.85,-0.73,2/7
M30,rsi_div,EURAUD,192,3.0,48,0.011,0.226,-0.414,541,50.1,0.09,0.03,2/7
M30,rsi_div,EURAUD,192,3.0,192,-0.105,-0.033,-0.241,290,50.7,-1.92,-0.32,4/7
M30,rsi_div,EURAUD,192,6.0,48,0.101,0.276,-0.227,475,51.2,0.92,0.31,3/7
M30,rsi_div,EURAUD,192,6.0,192,-0.206,-0.246,-0.136,264,49.2,-4.28,-0.63,2/7
M30,rsi_div,EURAUD,192,10.0,48,0.174,0.27,0.014,325,54.2,1.91,0.53,4/7
M30,rsi_div,EURAUD,192,10.0,192,-0.084,-0.065,-0.118,201,49.8,-2.04,-0.26,4/7
M30,rsi_div,EURNZD,24,3.0,48,-0.179,0.009,-0.547,754,47.2,-1.12,-0.55,3/7
M30,rsi_div,EURNZD,24,3.0,192,-0.363,0.025,-1.027,476,58.6,-4.52,-1.12,3/7
M30,rsi_div,EURNZD,24,6.0,48,0.256,0.462,-0.113,447,49.4,2.12,0.79,5/7
M30,rsi_div,EURNZD,24,6.0,192,0.108,0.322,-0.334,318,59.4,1.83,0.33,3/7
M30,rsi_div,EURNZD,24,10.0,48,-0.132,-0.217,0.007,169,47.9,-1.96,-0.4,3/7
M30,rsi_div,EURNZD,24,10.0,192,0.186,0.321,-0.065,145,55.9,5.32,0.57,3/7
M30,rsi_div,EURNZD,48,3.0,48,0.158,0.245,0.001,805,48.3,0.96,0.49,4/7
M30,rsi_div,EURNZD,48,3.0,192,-0.381,-0.221,-0.663,476,58.4,-4.81,-1.18,2/7
M30,rsi_div,EURNZD,48,6.0,48,0.243,0.392,-0.019,538,50.4,1.83,0.75,5/7
M30,rsi_div,EURNZD,48,6.0,192,-0.03,0.087,-0.248,355,58.9,-0.46,-0.09,4/7
M30,rsi_div,EURNZD,48,10.0,48,-0.03,-0.001,-0.077,270,47.0,-0.33,-0.09,3/7
M30,rsi_div,EURNZD,48,10.0,192,0.054,0.456,-0.833,204,54.4,1.23,0.17,4/7
M30,rsi_div,EURNZD,96,3.0,48,-0.15,0.067,-0.539,702,46.7,-1.03,-0.46,2/7
M30,rsi_div,EURNZD,96,3.0,192,-0.209,-0.016,-0.648,392,56.1,-3.22,-0.65,2/7
M30,rsi_div,EURNZD,96,6.0,48,-0.147,-0.185,-0.076,569,47.6,-1.08,-0.45,2/7
M30,rsi_div,EURNZD,96,6.0,192,0.089,0.181,-0.106,339,58.1,1.49,0.27,3/7
M30,rsi_div,EURNZD,96,10.0,48,-0.145,-0.096,-0.229,346,47.4,-1.38,-0.45,3/7
M30,rsi_div,EURNZD,96,10.0,192,-0.065,0.262,-0.84,230,54.3,-1.41,-0.2,3/7
M30,rsi_div,EURNZD,192,3.0,48,0.476,0.874,-0.3,560,51.2,3.55,1.47,5/7
M30,rsi_div,EURNZD,192,3.0,192,0.528,0.817,-0.04,303,57.1,10.0,1.62,6/7
M30,rsi_div,EURNZD,192,6.0,48,0.475,0.769,-0.108,502,52.6,3.76,1.46,5/7
M30,rsi_div,EURNZD,192,6.0,192,0.566,0.833,0.064,278,56.5,10.92,1.74,5/7
M30,rsi_div,EURNZD,192,10.0,48,0.356,0.749,-0.275,350,52.9,3.46,1.1,5/7
M30,rsi_div,EURNZD,192,10.0,192,0.085,0.334,-0.412,200,56.0,2.05,0.26,3/7
M30,rsi_div,GBPAUD,24,3.0,48,0.267,-0.013,0.876,738,51.4,1.64,0.82,5/7
M30,rsi_div,GBPAUD,24,3.0,192,0.282,0.284,0.286,480,60.2,3.39,0.88,4/7
M30,rsi_div,GBPAUD,24,6.0,48,0.313,0.352,0.242,427,50.6,2.46,0.96,5/7
M30,rsi_div,GBPAUD,24,6.0,192,0.252,0.281,0.203,305,58.7,4.08,0.78,4/7
M30,rsi_div,GBPAUD,24,10.0,48,0.354,0.249,0.635,165,55.8,4.73,1.09,4/7
M30,rsi_div,GBPAUD,24,10.0,192,-0.044,-0.305,0.435,135,52.6,-1.1,-0.13,4/7
M30,rsi_div,GBPAUD,48,3.0,48,0.181,-0.019,0.588,778,50.3,1.09,0.56,5/7
M30,rsi_div,GBPAUD,48,3.0,192,0.193,0.336,-0.102,485,60.4,2.27,0.6,3/7
M30,rsi_div,GBPAUD,48,6.0,48,-0.146,-0.183,-0.079,519,48.6,-1.04,-0.45,3/7
M30,rsi_div,GBPAUD,48,6.0,192,0.015,-0.049,0.133,344,56.1,0.23,0.05,3/7
M30,rsi_div,GBPAUD,48,10.0,48,0.093,0.021,0.248,255,51.0,0.96,0.28,4/7
M30,rsi_div,GBPAUD,48,10.0,192,-0.213,-0.55,0.308,198,56.1,-4.47,-0.65,2/7
M30,rsi_div,GBPAUD,96,3.0,48,0.101,-0.055,0.399,699,50.1,0.67,0.31,5/7
M30,rsi_div,GBPAUD,96,3.0,192,0.001,-0.088,0.181,402,57.7,0.01,0.0,3/7
M30,rsi_div,GBPAUD,96,6.0,48,-0.041,0.01,-0.143,553,48.6,-0.29,-0.13,5/7
M30,rsi_div,GBPAUD,96,6.0,192,-0.111,0.013,-0.364,327,54.1,-1.83,-0.34,3/7
M30,rsi_div,GBPAUD,96,10.0,48,0.231,0.69,-0.734,330,50.6,2.11,0.71,5/7
M30,rsi_div,GBPAUD,96,10.0,192,-0.091,-0.021,-0.215,223,53.4,-1.83,-0.28,4/7
M30,rsi_div,GBPAUD,192,3.0,48,0.199,0.152,0.284,545,50.8,1.5,0.61,5/7
M30,rsi_div,GBPAUD,192,3.0,192,0.205,0.18,0.251,302,53.6,3.62,0.63,5/7
M30,rsi_div,GBPAUD,192,6.0,48,0.147,0.174,0.103,477,50.5,1.18,0.45,4/7
M30,rsi_div,GBPAUD,192,6.0,192,0.082,0.081,0.084,266,51.5,1.65,0.25,4/7
M30,rsi_div,GBPAUD,192,10.0,48,0.306,0.605,-0.262,335,51.6,3.0,0.94,4/7
M30,rsi_div,GBPAUD,192,10.0,192,-0.052,0.051,-0.241,200,49.0,-1.17,-0.16,4/7
M30,rsi_div,GBPNZD,24,3.0,48,0.058,0.246,-0.292,727,50.9,0.34,0.18,4/7
M30,rsi_div,GBPNZD,24,3.0,192,0.336,0.311,0.393,472,63.3,3.98,1.04,5/7
M30,rsi_div,GBPNZD,24,6.0,48,0.284,0.43,-0.006,409,52.3,2.35,0.87,5/7
M30,rsi_div,GBPNZD,24,6.0,192,0.708,0.933,0.298,302,57.3,11.11,2.19,6/7
M30,rsi_div,GBPNZD,24,10.0,48,0.573,0.828,0.04,162,60.5,7.44,1.78,5/7
M30,rsi_div,GBPNZD,24,10.0,192,0.682,0.957,0.164,140,55.7,17.71,2.12,5/7
M30,rsi_div,GBPNZD,48,3.0,48,0.168,0.439,-0.347,781,52.1,0.97,0.51,4/7
M30,rsi_div,GBPNZD,48,3.0,192,0.389,0.511,0.161,490,63.1,4.39,1.2,6/7
M30,rsi_div,GBPNZD,48,6.0,48,0.37,0.66,-0.223,507,52.9,2.75,1.13,5/7
M30,rsi_div,GBPNZD,48,6.0,192,0.418,0.64,-0.001,342,56.7,6.32,1.29,5/7
M30,rsi_div,GBPNZD,48,10.0,48,0.448,0.928,-0.554,252,54.4,4.78,1.37,4/7
M30,rsi_div,GBPNZD,48,10.0,192,0.334,0.776,-0.402,199,54.3,7.15,1.02,5/7
M30,rsi_div,GBPNZD,96,3.0,48,0.687,1.049,-0.052,704,52.8,4.45,2.12,5/7
M30,rsi_div,GBPNZD,96,3.0,192,0.703,1.029,0.068,415,62.9,9.25,2.17,5/7
M30,rsi_div,GBPNZD,96,6.0,48,0.63,0.977,-0.098,521,53.7,4.85,1.94,5/7
M30,rsi_div,GBPNZD,96,6.0,192,0.622,0.734,0.432,320,57.5,9.63,1.93,5/7
M30,rsi_div,GBPNZD,96,10.0,48,0.343,0.756,-0.595,325,53.5,3.24,1.06,4/7
M30,rsi_div,GBPNZD,96,10.0,192,0.247,0.513,-0.207,224,54.9,5.08,0.76,5/7
M30,rsi_div,GBPNZD,192,3.0,48,1.026,1.357,0.39,546,55.5,7.59,3.17,6/7
M30,rsi_div,GBPNZD,192,3.0,192,1.35,1.674,0.765,316,62.0,22.62,4.25,7/7
M30,rsi_div,GBPNZD,192,6.0,48,0.921,1.249,0.282,457,57.5,7.48,2.85,6/7
M30,rsi_div,GBPNZD,192,6.0,192,0.938,1.173,0.517,272,59.2,17.07,2.92,6/7
M30,rsi_div,GBPNZD,192,10.0,48,0.832,1.393,-0.326,340,58.5,7.99,2.58,5/7
M30,rsi_div,GBPNZD,192,10.0,192,0.664,0.941,0.197,217,57.1,14.23,2.05,6/7
M30,rsi_div,AUDNZD,24,3.0,48,-0.513,-0.966,0.313,764,46.6,-1.81,-1.57,4/7
M30,rsi_div,AUDNZD,24,3.0,192,-0.783,-1.041,-0.305,463,56.6,-6.29,-2.41,0/7
M30,rsi_div,AUDNZD,24,6.0,48,-0.341,-0.373,-0.285,441,47.8,-1.58,-1.05,2/7
M30,rsi_div,AUDNZD,24,6.0,192,-0.585,-0.611,-0.55,308,50.6,-6.16,-1.8,2/7
M30,rsi_div,AUDNZD,24,10.0,48,-0.026,0.261,-0.76,166,48.2,-0.19,-0.08,4/7
M30,rsi_div,AUDNZD,24,10.0,192,-0.373,-0.34,-0.446,144,45.8,-6.02,-1.15,2/7
M30,rsi_div,AUDNZD,48,3.0,48,-0.583,-1.031,0.26,829,46.1,-2.06,-1.8,2/7
M30,rsi_div,AUDNZD,48,3.0,192,-0.648,-0.955,-0.067,482,56.6,-4.97,-2.0,1/7
M30,rsi_div,AUDNZD,48,6.0,48,-0.553,-0.723,-0.204,563,46.9,-2.32,-1.7,2/7
M30,rsi_div,AUDNZD,48,6.0,192,-0.468,-0.68,-0.038,355,51.3,-4.52,-1.44,3/7
M30,rsi_div,AUDNZD,48,10.0,48,-0.185,-0.109,-0.364,274,47.8,-1.06,-0.57,3/7
M30,rsi_div,AUDNZD,48,10.0,192,-0.687,-0.666,-0.742,206,44.2,-9.23,-2.13,1/7
M30,rsi_div,AUDNZD,96,3.0,48,-0.11,-0.519,0.653,748,46.1,-0.45,-0.34,3/7
M30,rsi_div,AUDNZD,96,3.0,192,-0.376,-0.557,-0.026,403,54.3,-3.43,-1.16,2/7
M30,rsi_div,AUDNZD,96,6.0,48,-0.141,-0.32,0.207,594,46.3,-0.62,-0.43,3/7
M30,rsi_div,AUDNZD,96,6.0,192,-0.364,-0.523,-0.059,340,51.8,-3.65,-1.12,2/7
M30,rsi_div,AUDNZD,96,10.0,48,0.087,-0.097,0.414,368,47.6,0.46,0.27,4/7
M30,rsi_div,AUDNZD,96,10.0,192,-0.239,-0.401,0.061,237,49.4,-2.98,-0.73,3/7
M30,rsi_div,AUDNZD,192,3.0,48,-0.165,-0.38,0.231,589,47.4,-0.74,-0.51,3/7
M30,rsi_div,AUDNZD,192,3.0,192,-0.557,-0.403,-0.873,299,44.5,-6.38,-1.72,1/7
M30,rsi_div,AUDNZD,192,6.0,48,-0.061,-0.144,0.088,534,47.6,-0.27,-0.19,3/7
M30,rsi_div,AUDNZD,192,6.0,192,-0.5,-0.357,-0.8,281,44.5,-5.84,-1.54,1/7
M30,rsi_div,AUDNZD,192,10.0,48,-0.01,-0.153,0.25,405,47.2,-0.05,-0.03,3/7
M30,rsi_div,AUDNZD,192,10.0,192,-0.51,-0.252,-1.071,227,43.6,-6.78,-1.57,0/7
M30,rsi_div,EURCHF,24,3.0,48,0.441,0.598,0.158,734,53.7,1.91,1.36,6/7
M30,rsi_div,EURCHF,24,3.0,192,-0.113,0.073,-0.47,478,59.0,-0.9,-0.35,4/7
M30,rsi_div,EURCHF,24,6.0,48,0.002,0.223,-0.411,421,52.7,0.01,0.01,4/7
M30,rsi_div,EURCHF,24,6.0,192,-0.274,0.024,-0.841,297,52.9,-3.26,-0.84,4/7
M30,rsi_div,EURCHF,24,10.0,48,0.016,-0.109,0.223,167,51.5,0.14,0.05,5/7
M30,rsi_div,EURCHF,24,10.0,192,-0.566,-0.759,-0.27,144,45.8,-8.32,-1.74,2/7
M30,rsi_div,EURCHF,48,3.0,48,0.431,0.502,0.302,796,54.1,1.83,1.34,5/7
M30,rsi_div,EURCHF,48,3.0,192,0.148,0.322,-0.165,496,60.1,1.16,0.46,4/7
M30,rsi_div,EURCHF,48,6.0,48,0.218,0.529,-0.387,532,53.9,1.21,0.67,5/7
M30,rsi_div,EURCHF,48,6.0,192,-0.04,0.252,-0.579,346,54.6,-0.43,-0.12,4/7
M30,rsi_div,EURCHF,48,10.0,48,0.147,0.209,0.03,261,52.9,1.01,0.44,5/7
M30,rsi_div,EURCHF,48,10.0,192,-0.141,-0.185,-0.066,205,48.8,-1.8,-0.43,3/7
M30,rsi_div,EURCHF,96,3.0,48,0.357,0.566,-0.02,696,52.4,1.59,1.08,6/7
M30,rsi_div,EURCHF,96,3.0,192,0.189,0.252,0.075,408,59.6,1.78,0.58,5/7
M30,rsi_div,EURCHF,96,6.0,48,0.065,0.419,-0.633,540,52.6,0.34,0.2,4/7
M30,rsi_div,EURCHF,96,6.0,192,-0.253,-0.05,-0.615,335,53.1,-2.74,-0.78,3/7
M30,rsi_div,EURCHF,96,10.0,48,0.057,0.147,-0.133,330,51.2,0.36,0.17,4/7
M30,rsi_div,EURCHF,96,10.0,192,-0.444,-0.47,-0.4,228,46.9,-5.38,-1.36,2/7
M30,rsi_div,EURCHF,192,3.0,48,0.093,0.477,-0.573,549,51.4,0.47,0.29,4/7
M30,rsi_div,EURCHF,192,3.0,192,-0.679,-0.444,-1.106,298,49.0,-7.89,-2.1,2/7
M30,rsi_div,EURCHF,192,6.0,48,-0.028,0.397,-0.851,466,50.2,-0.16,-0.09,4/7
M30,rsi_div,EURCHF,192,6.0,192,-0.73,-0.489,-1.191,267,48.3,-9.01,-2.26,1/7
M30,rsi_div,EURCHF,192,10.0,48,-0.101,0.05,-0.433,334,48.8,-0.65,-0.31,3/7
M30,rsi_div,EURCHF,192,10.0,192,-0.558,-0.704,-0.321,206,45.1,-7.49,-1.71,3/7
M30,rsi_div,GBPCHF,24,3.0,48,-0.071,-0.039,-0.138,731,50.5,-0.43,-0.22,4/7
M30,rsi_div,GBPCHF,24,3.0,192,0.395,0.458,0.275,493,65.9,4.73,1.22,6/7
M30,rsi_div,GBPCHF,24,6.0,48,-0.026,0.233,-0.545,432,50.0,-0.22,-0.08,3/7
M30,rsi_div,GBPCHF,24,6.0,192,-0.415,-0.153,-0.991,312,55.1,-7.19,-1.27,2/7
M30,rsi_div,GBPCHF,24,10.0,48,-0.338,0.091,-1.076,162,47.5,-5.09,-1.04,3/7
M30,rsi_div,GBPCHF,24,10.0,192,-0.561,-0.396,-0.974,132,46.2,-17.42,-1.74,1/7
M30,rsi_div,GBPCHF,48,3.0,48,0.044,0.166,-0.195,789,50.6,0.26,0.14,5/7
M30,rsi_div,GBPCHF,48,3.0,192,0.348,0.499,0.042,500,64.8,4.08,1.07,4/7
M30,rsi_div,GBPCHF,48,6.0,48,-0.187,0.297,-1.179,536,50.2,-1.36,-0.58,3/7
M30,rsi_div,GBPCHF,48,6.0,192,-0.287,0.063,-1.039,362,55.5,-4.45,-0.88,3/7
M30,rsi_div,GBPCHF,48,10.0,48,-0.162,0.318,-1.078,256,52.0,-1.79,-0.5,3/7
M30,rsi_div,GBPCHF,48,10.0,192,-0.494,-0.459,-0.579,195,50.8,-11.33,-1.52,2/7
M30,rsi_div,GBPCHF,96,3.0,48,0.166,0.217,0.063,703,51.4,1.08,0.5,4/7
M30,rsi_div,GBPCHF,96,3.0,192,0.174,0.395,-0.26,410,60.5,2.39,0.54,4/7
M30,rsi_div,GBPCHF,96,6.0,48,0.035,0.444,-0.814,549,50.3,0.25,0.11,3/7
M30,rsi_div,GBPCHF,96,6.0,192,-0.188,0.194,-0.951,332,52.7,-2.89,-0.58,4/7
M30,rsi_div,GBPCHF,96,10.0,48,-0.202,0.072,-0.713,322,52.8,-1.94,-0.62,3/7
M30,rsi_div,GBPCHF,96,10.0,192,-0.628,-0.598,-0.706,216,49.5,-13.08,-1.94,1/7
M30,rsi_div,GBPCHF,192,3.0,48,0.112,0.39,-0.484,530,50.8,0.85,0.34,4/7
M30,rsi_div,GBPCHF,192,3.0,192,0.077,0.342,-0.414,293,54.3,1.37,0.24,4/7
M30,rsi_div,GBPCHF,192,6.0,48,-0.185,0.088,-0.687,469,49.7,-1.44,-0.57,3/7
M30,rsi_div,GBPCHF,192,6.0,192,-0.061,0.237,-0.603,266,53.4,-1.12,-0.19,4/7
M30,rsi_div,GBPCHF,192,10.0,48,-0.345,0.073,-1.159,330,49.1,-3.37,-1.06,2/7
M30,rsi_div,GBPCHF,192,10.0,192,-0.304,-0.037,-0.832,204,52.5,-7.02,-0.93,2/7
M30,rsi_div,AUDCHF,24,3.0,48,0.201,-0.212,0.844,732,52.3,1.57,0.62,4/7
M30,rsi_div,AUDCHF,24,3.0,192,0.479,0.316,0.739,484,61.4,6.9,1.48,4/7
M30,rsi_div,AUDCHF,24,6.0,48,0.39,0.292,0.538,422,53.1,4.66,1.2,3/7
M30,rsi_div,AUDCHF,24,6.0,192,0.142,0.138,0.155,295,55.9,2.97,0.44,4/7
M30,rsi_div,AUDCHF,24,10.0,48,0.354,0.48,0.183,174,59.8,6.92,1.09,4/7
M30,rsi_div,AUDCHF,24,10.0,192,-0.038,-0.028,-0.057,146,50.0,-1.38,-0.12,4/7
M30,rsi_div,AUDCHF,48,3.0,48,0.156,-0.182,0.661,794,51.4,1.14,0.48,3/7
M30,rsi_div,AUDCHF,48,3.0,192,0.472,0.456,0.498,498,62.9,6.68,1.45,5/7
M30,rsi_div,AUDCHF,48,6.0,48,0.249,0.09,0.499,532,52.4,2.53,0.76,3/7
M30,rsi_div,AUDCHF,48,6.0,192,0.191,0.056,0.471,348,57.8,3.51,0.59,4/7
M30,rsi_div,AUDCHF,48,10.0,48,0.445,0.752,-0.036,260,58.5,6.75,1.37,4/7
M30,rsi_div,AUDCHF,48,10.0,192,0.193,0.498,-0.421,197,56.3,5.46,0.59,3/7
M30,rsi_div,AUDCHF,96,3.0,48,0.325,-0.002,0.807,718,51.9,2.61,1.0,3/7
M30,rsi_div,AUDCHF,96,3.0,192,0.376,0.435,0.275,415,61.7,6.4,1.16,4/7
M30,rsi_div,AUDCHF,96,6.0,48,0.182,-0.105,0.593,578,51.0,1.68,0.56,3/7
M30,rsi_div,AUDCHF,96,6.0,192,0.169,-0.069,0.65,342,58.5,3.17,0.52,4/7
M30,rsi_div,AUDCHF,96,10.0,48,0.356,0.671,-0.137,334,55.7,4.57,1.1,4/7
M30,rsi_div,AUDCHF,96,10.0,192,0.076,0.239,-0.232,221,52.9,1.97,0.23,3/7
M30,rsi_div,AUDCHF,192,3.0,48,-0.037,-0.138,0.12,546,49.6,-0.34,-0.11,3/7
M30,rsi_div,AUDCHF,192,3.0,192,-0.005,-0.053,0.079,300,52.3,-0.13,-0.02,4/7
M30,rsi_div,AUDCHF,192,6.0,48,0.027,-0.042,0.134,477,48.6,0.26,0.08,3/7
M30,rsi_div,AUDCHF,192,6.0,192,-0.09,-0.149,0.021,275,50.9,-2.12,-0.28,4/7
M30,rsi_div,AUDCHF,192,10.0,48,0.216,0.472,-0.192,338,53.8,2.56,0.66,4/7
M30,rsi_div,AUDCHF,192,10.0,192,0.007,0.235,-0.435,215,48.8,0.2,0.02,3/7
M30,rsi_div,EURCAD,24,3.0,48,0.512,0.587,0.373,735,51.2,2.76,1.59,6/7
M30,rsi_div,EURCAD,24,3.0,192,0.392,0.455,0.271,486,62.3,3.89,1.19,5/7
M30,rsi_div,EURCAD,24,6.0,48,0.199,0.321,-0.067,411,48.9,1.43,0.61,6/7
M30,rsi_div,EURCAD,24,6.0,192,0.108,0.267,-0.22,301,54.5,1.51,0.33,5/7
M30,rsi_div,EURCAD,24,10.0,48,-0.097,0.087,-0.449,156,48.7,-1.0,-0.29,3/7
M30,rsi_div,EURCAD,24,10.0,192,-0.319,-0.281,-0.402,133,48.1,-7.41,-0.98,2/7
M30,rsi_div,EURCAD,48,3.0,48,0.418,0.454,0.353,799,50.8,2.14,1.29,6/7
M30,rsi_div,EURCAD,48,3.0,192,0.196,0.109,0.371,494,60.7,1.9,0.6,5/7
M30,rsi_div,EURCAD,48,6.0,48,0.032,0.29,-0.517,540,49.1,0.2,0.1,5/7
M30,rsi_div,EURCAD,48,6.0,192,-0.014,-0.071,0.113,359,56.0,-0.18,-0.04,3/7
M30,rsi_div,EURCAD,48,10.0,48,-0.3,-0.128,-0.611,270,48.5,-2.41,-0.92,4/7
M30,rsi_div,EURCAD,48,10.0,192,-0.527,-0.68,-0.249,203,47.8,-9.37,-1.63,2/7
M30,rsi_div,EURCAD,96,3.0,48,0.289,0.308,0.256,707,51.9,1.56,0.89,7/7
M30,rsi_div,EURCAD,96,3.0,192,0.036,-0.082,0.26,397,58.4,0.42,0.11,4/7
M30,rsi_div,EURCAD,96,6.0,48,0.104,0.218,-0.128,558,51.1,0.62,0.32,4/7
M30,rsi_div,EURCAD,96,6.0,192,-0.035,-0.209,0.302,331,55.0,-0.44,-0.11,4/7
M30,rsi_div,EURCAD,96,10.0,48,0.046,0.212,-0.25,345,51.9,0.33,0.14,5/7
M30,rsi_div,EURCAD,96,10.0,192,-0.271,-0.397,-0.028,229,50.2,-4.6,-0.83,3/7
M30,rsi_div,EURCAD,192,3.0,48,0.203,0.08,0.453,538,52.4,1.35,0.62,5/7
M30,rsi_div,EURCAD,192,3.0,192,0.251,0.075,0.576,298,53.4,3.71,0.77,5/7
M30,rsi_div,EURCAD,192,6.0,48,0.271,0.454,-0.117,479,52.8,1.77,0.83,6/7
M30,rsi_div,EURCAD,192,6.0,192,0.128,0.174,0.034,270,52.6,2.02,0.39,5/7
M30,rsi_div,EURCAD,192,10.0,48,-0.027,0.132,-0.327,344,52.9,-0.19,-0.08,4/7
M30,rsi_div,EURCAD,192,10.0,192,-0.245,-0.173,-0.4,205,49.3,-4.5,-0.75,2/7
M30,rsi_div,GBPCAD,24,3.0,48,0.371,0.379,0.365,773,54.9,2.13,1.15,6/7
M30,rsi_div,GBPCAD,24,3.0,192,0.054,0.064,0.035,503,61.0,0.59,0.17,3/7
M30,rsi_div,GBPCAD,24,6.0,48,0.339,0.189,0.626,416,53.8,2.6,1.04,4/7
M30,rsi_div,GBPCAD,24,6.0,192,-0.054,-0.141,0.124,303,52.5,-0.83,-0.17,3/7
M30,rsi_div,GBPCAD,24,10.0,48,0.601,0.893,0.14,169,53.3,6.92,1.85,4/7
M30,rsi_div,GBPCAD,24,10.0,192,0.494,0.88,-0.18,141,55.3,11.17,1.52,5/7
M30,rsi_div,GBPCAD,48,3.0,48,0.057,0.058,0.056,811,52.2,0.31,0.18,3/7
M30,rsi_div,GBPCAD,48,3.0,192,-0.066,-0.118,0.042,503,61.2,-0.72,-0.2,3/7
M30,rsi_div,GBPCAD,48,6.0,48,0.19,0.082,0.403,532,52.1,1.29,0.58,5/7
M30,rsi_div,GBPCAD,48,6.0,192,0.127,0.118,0.15,354,57.1,1.83,0.39,4/7
M30,rsi_div,GBPCAD,48,10.0,48,0.536,0.77,0.136,276,52.2,4.88,1.65,4/7
M30,rsi_div,GBPCAD,48,10.0,192,0.313,0.433,0.07,212,51.9,6.15,0.96,4/7
M30,rsi_div,GBPCAD,96,3.0,48,0.162,-0.029,0.578,698,53.0,1.02,0.5,4/7
M30,rsi_div,GBPCAD,96,3.0,192,-0.062,-0.016,-0.157,404,58.2,-0.79,-0.19,3/7
M30,rsi_div,GBPCAD,96,6.0,48,0.336,0.244,0.527,567,53.8,2.18,1.04,5/7
M30,rsi_div,GBPCAD,96,6.0,192,0.013,0.207,-0.392,342,55.0,0.2,0.04,4/7
M30,rsi_div,GBPCAD,96,10.0,48,0.354,0.496,0.087,348,52.0,2.88,1.09,5/7
M30,rsi_div,GBPCAD,96,10.0,192,-0.048,0.12,-0.385,229,49.8,-0.88,-0.15,3/7
M30,rsi_div,GBPCAD,192,3.0,48,0.148,0.2,0.052,557,51.5,0.96,0.45,5/7
M30,rsi_div,GBPCAD,192,3.0,192,-0.08,0.076,-0.377,299,49.5,-1.25,-0.25,4/7
M30,rsi_div,GBPCAD,192,6.0,48,0.257,0.477,-0.173,501,52.5,1.74,0.79,4/7
M30,rsi_div,GBPCAD,192,6.0,192,-0.022,0.242,-0.572,275,50.2,-0.36,-0.07,2/7
M30,rsi_div,GBPCAD,192,10.0,48,0.397,0.749,-0.289,368,51.6,3.17,1.22,5/7
M30,rsi_div,GBPCAD,192,10.0,192,0.067,0.325,-0.52,219,48.9,1.34,0.2,3/7
M30,rsi_div,AUDCAD,24,3.0,48,0.643,0.697,0.551,773,54.9,3.87,1.99,5/7
M30,rsi_div,AUDCAD,24,3.0,192,0.78,0.677,0.95,505,62.2,8.03,2.41,5/7
M30,rsi_div,AUDCAD,24,6.0,48,0.644,0.572,0.75,448,56.0,5.26,2.0,6/7
M30,rsi_div,AUDCAD,24,6.0,192,0.609,0.541,0.714,308,56.5,9.41,1.89,6/7
M30,rsi_div,AUDCAD,24,10.0,48,0.724,0.715,0.738,157,61.8,9.87,2.24,6/7
M30,rsi_div,AUDCAD,24,10.0,192,0.694,0.357,1.581,133,62.4,19.15,2.15,6/7
M30,rsi_div,AUDCAD,48,3.0,48,0.295,0.223,0.421,809,53.3,1.71,0.91,4/7
M30,rsi_div,AUDCAD,48,3.0,192,0.597,0.359,1.074,504,61.1,5.97,1.84,6/7
M30,rsi_div,AUDCAD,48,6.0,48,0.645,0.546,0.804,554,55.6,4.61,2.0,5/7
M30,rsi_div,AUDCAD,48,6.0,192,0.499,0.221,1.047,361,57.6,6.92,1.54,6/7
M30,rsi_div,AUDCAD,48,10.0,48,0.423,0.503,0.309,266,54.9,4.77,1.3,5/7
M30,rsi_div,AUDCAD,48,10.0,192,0.168,-0.353,1.274,205,55.6,3.53,0.52,3/7
M30,rsi_div,AUDCAD,96,3.0,48,0.654,0.781,0.449,717,54.7,3.88,2.0,6/7
M30,rsi_div,AUDCAD,96,3.0,192,0.631,0.624,0.649,416,59.4,7.51,1.95,6/7
M30,rsi_div,AUDCAD,96,6.0,48,0.686,0.788,0.514,565,55.6,4.79,2.12,6/7
M30,rsi_div,AUDCAD,96,6.0,192,0.319,0.29,0.377,338,56.8,5.03,0.98,5/7
M30,rsi_div,AUDCAD,96,10.0,48,0.563,0.798,0.199,340,54.4,5.34,1.74,5/7
M30,rsi_div,AUDCAD,96,10.0,192,-0.022,-0.285,0.545,231,52.4,-0.41,-0.07,4/7
M30,rsi_div,AUDCAD,192,3.0,48,0.428,0.749,-0.087,541,53.2,3.02,1.32,6/7
M30,rsi_div,AUDCAD,192,3.0,192,0.039,0.028,0.056,287,49.5,0.64,0.12,3/7
M30,rsi_div,AUDCAD,192,6.0,48,0.337,0.514,0.077,474,53.8,2.52,1.04,5/7
M30,rsi_div,AUDCAD,192,6.0,192,-0.037,-0.232,0.275,260,50.4,-0.67,-0.11,3/7
M30,rsi_div,AUDCAD,192,10.0,48,0.402,0.777,-0.125,337,54.3,3.9,1.24,6/7
M30,rsi_div,AUDCAD,192,10.0,192,-0.157,-0.355,0.195,199,50.8,-3.39,-0.48,3/7
M30,rsi_div,NZDCAD,24,3.0,48,0.078,0.073,0.089,740,52.3,0.45,0.24,2/7
M30,rsi_div,NZDCAD,24,3.0,192,0.435,0.556,0.207,481,59.5,4.92,1.35,4/7
M30,rsi_div,NZDCAD,24,6.0,48,0.157,0.417,-0.369,416,51.0,1.26,0.48,5/7
M30,rsi_div,NZDCAD,24,6.0,192,0.019,-0.049,0.152,294,55.1,0.3,0.06,4/7
M30,rsi_div,NZDCAD,24,10.0,48,-0.101,-0.208,0.14,148,49.3,-1.19,-0.31,2/7
M30,rsi_div,NZDCAD,24,10.0,192,0.067,-0.43,0.866,127,50.4,1.56,0.2,2/7
M30,rsi_div,NZDCAD,48,3.0,48,0.475,0.584,0.268,823,51.4,2.78,1.47,5/7
M30,rsi_div,NZDCAD,48,3.0,192,0.521,0.575,0.425,506,62.1,5.8,1.6,4/7
M30,rsi_div,NZDCAD,48,6.0,48,0.338,0.369,0.285,538,52.4,2.44,1.04,4/7
M30,rsi_div,NZDCAD,48,6.0,192,0.11,-0.069,0.442,355,56.6,1.58,0.34,4/7
M30,rsi_div,NZDCAD,48,10.0,48,-0.017,-0.192,0.335,241,48.5,-0.18,-0.05,4/7
M30,rsi_div,NZDCAD,48,10.0,192,-0.299,-0.855,0.548,187,48.7,-6.03,-0.92,2/7
M30,rsi_div,NZDCAD,96,3.0,48,0.782,0.582,1.147,725,52.8,4.72,2.41,6/7
M30,rsi_div,NZDCAD,96,3.0,192,0.746,0.618,0.991,422,62.8,9.63,2.31,5/7
M30,rsi_div,NZDCAD,96,6.0,48,0.476,0.227,0.903,550,53.3,3.31,1.47,4/7
M30,rsi_div,NZDCAD,96,6.0,192,0.172,-0.124,0.715,334,56.3,2.73,0.53,5/7
M30,rsi_div,NZDCAD,96,10.0,48,0.022,-0.15,0.315,302,50.0,0.2,0.07,4/7
M30,rsi_div,NZDCAD,96,10.0,192,-0.297,-0.609,0.262,202,49.5,-6.01,-0.91,2/7
M30,rsi_div,NZDCAD,192,3.0,48,0.683,0.533,0.95,553,52.3,4.73,2.1,6/7
M30,rsi_div,NZDCAD,192,3.0,192,0.219,-0.004,0.65,301,55.5,3.67,0.67,5/7
M30,rsi_div,NZDCAD,192,6.0,48,0.78,0.686,0.947,488,53.1,5.8,2.41,6/7
M30,rsi_div,NZDCAD,192,6.0,192,0.013,-0.198,0.394,271,52.4,0.23,0.04,4/7
M30,rsi_div,NZDCAD,192,10.0,48,0.21,0.101,0.427,346,52.0,1.76,0.64,4/7
M30,rsi_div,NZDCAD,192,10.0,192,-0.408,-0.731,0.173,200,46.0,-8.52,-1.25,3/7
M30,rsi_div,CHFJPY,24,3.0,48,-0.196,-0.619,0.518,735,50.5,-1.18,-0.61,3/7
M30,rsi_div,CHFJPY,24,3.0,192,0.104,0.022,0.275,483,61.3,1.29,0.32,4/7
M30,rsi_div,CHFJPY,24,6.0,48,-0.265,-0.523,0.232,417,50.6,-2.21,-0.82,2/7
M30,rsi_div,CHFJPY,24,6.0,192,-0.154,0.006,-0.471,301,56.5,-2.64,-0.47,3/7
M30,rsi_div,CHFJPY,24,10.0,48,-0.088,-0.127,-0.001,184,51.1,-1.13,-0.27,2/7
M30,rsi_div,CHFJPY,24,10.0,192,0.083,0.328,-0.458,157,56.7,2.22,0.26,4/7
M30,rsi_div,CHFJPY,48,3.0,48,-0.044,-0.441,0.65,815,50.4,-0.26,-0.14,3/7
M30,rsi_div,CHFJPY,48,3.0,192,0.145,0.034,0.365,496,60.3,1.72,0.45,4/7
M30,rsi_div,CHFJPY,48,6.0,48,-0.147,-0.34,0.234,547,50.3,-1.1,-0.45,2/7
M30,rsi_div,CHFJPY,48,6.0,192,-0.059,0.062,-0.288,359,57.1,-0.93,-0.18,5/7
M30,rsi_div,CHFJPY,48,10.0,48,0.156,0.117,0.253,286,52.8,1.71,0.48,3/7
M30,rsi_div,CHFJPY,48,10.0,192,0.011,0.279,-0.552,220,57.3,0.24,0.03,6/7
M30,rsi_div,CHFJPY,96,3.0,48,-0.104,-0.584,0.787,735,49.7,-0.67,-0.32,3/7
M30,rsi_div,CHFJPY,96,3.0,192,0.187,-0.045,0.633,405,58.0,2.58,0.57,4/7
M30,rsi_div,CHFJPY,96,6.0,48,-0.185,-0.42,0.304,579,48.5,-1.38,-0.57,2/7
M30,rsi_div,CHFJPY,96,6.0,192,0.086,0.057,0.145,340,57.9,1.39,0.27,3/7
M30,rsi_div,CHFJPY,96,10.0,48,0.144,0.054,0.352,368,51.1,1.38,0.44,4/7
M30,rsi_div,CHFJPY,96,10.0,192,0.089,0.246,-0.24,246,56.9,1.79,0.27,4/7
M30,rsi_div,CHFJPY,192,3.0,48,-0.084,-0.212,0.159,568,50.0,-0.61,-0.26,2/7
M30,rsi_div,CHFJPY,192,3.0,192,0.121,0.234,-0.121,299,53.8,2.2,0.38,6/7
M30,rsi_div,CHFJPY,192,6.0,48,-0.017,-0.179,0.299,503,49.3,-0.13,-0.05,2/7
M30,rsi_div,CHFJPY,192,6.0,192,0.334,0.369,0.271,276,55.4,6.61,1.04,6/7
M30,rsi_div,CHFJPY,192,10.0,48,-0.114,-0.317,0.27,370,50.3,-1.03,-0.35,4/7
M30,rsi_div,CHFJPY,192,10.0,192,0.123,0.178,0.014,224,54.9,2.57,0.38,3/7
M30,rsi_div,CADCHF,24,3.0,48,-0.142,-0.264,0.093,714,51.1,-0.91,-0.44,3/7
M30,rsi_div,CADCHF,24,3.0,192,0.044,0.118,-0.1,478,56.7,0.5,0.14,5/7
M30,rsi_div,CADCHF,24,6.0,48,-0.478,-0.74,0.084,424,48.8,-4.05,-1.47,2/7
M30,rsi_div,CADCHF,24,6.0,192,-0.119,-0.366,0.448,306,54.2,-1.81,-0.37,2/7
M30,rsi_div,CADCHF,24,10.0,48,-0.034,-0.027,-0.05,166,53.0,-0.49,-0.1,3/7
M30,rsi_div,CADCHF,24,10.0,192,0.269,0.242,0.348,143,58.7,7.18,0.83,4/7
M30,rsi_div,CADCHF,48,3.0,48,-0.019,-0.276,0.476,775,51.5,-0.11,-0.06,3/7
M30,rsi_div,CADCHF,48,3.0,192,0.255,0.328,0.113,492,58.9,2.88,0.79,5/7
M30,rsi_div,CADCHF,48,6.0,48,-0.113,-0.393,0.449,539,51.2,-0.83,-0.35,4/7
M30,rsi_div,CADCHF,48,6.0,192,0.248,0.086,0.599,362,58.8,3.55,0.76,4/7
M30,rsi_div,CADCHF,48,10.0,48,0.231,0.037,0.592,263,57.4,2.59,0.71,3/7
M30,rsi_div,CADCHF,48,10.0,192,0.38,0.386,0.383,208,60.1,8.26,1.17,5/7
M30,rsi_div,CADCHF,96,3.0,48,0.234,0.078,0.538,707,51.8,1.58,0.72,5/7
M30,rsi_div,CADCHF,96,3.0,192,0.464,0.538,0.321,408,60.3,6.1,1.43,6/7
M30,rsi_div,CADCHF,96,6.0,48,0.049,-0.128,0.439,567,52.0,0.36,0.15,3/7
M30,rsi_div,CADCHF,96,6.0,192,0.222,0.112,0.473,347,58.8,3.25,0.68,5/7
M30,rsi_div,CADCHF,96,10.0,48,-0.012,-0.215,0.362,324,54.0,-0.12,-0.04,3/7
M30,rsi_div,CADCHF,96,10.0,192,0.3,0.4,0.101,236,58.5,5.98,0.92,4/7
M30,rsi_div,CADCHF,192,3.0,48,0.304,0.221,0.438,546,51.8,2.54,0.96,4/7
M30,rsi_div,CADCHF,192,3.0,192,0.07,0.019,0.172,298,55.7,1.23,0.21,4/7
M30,rsi_div,CADCHF,192,6.0,48,0.149,0.149,0.15,492,50.4,1.29,0.46,4/7
M30,rsi_div,CADCHF,192,6.0,192,0.13,0.178,0.032,278,55.4,2.41,0.4,3/7
M30,rsi_div,CADCHF,192,10.0,48,0.008,0.088,-0.148,351,50.1,0.09,0.03,3/7
M30,rsi_div,CADCHF,192,10.0,192,0.272,0.454,-0.154,216,56.5,6.14,0.83,4/7
M30,rsi_div,EURUSD,24,3.0,48,-0.377,-0.35,-0.429,876,49.4,-1.85,-1.17,1/7
M30,rsi_div,EURUSD,24,3.0,192,-0.467,-0.668,-0.11,551,57.2,-4.57,-1.45,3/7
M30,rsi_div,EURUSD,24,6.0,48,-0.371,-0.136,-0.819,498,48.4,-2.36,-1.14,3/7
M30,rsi_div,EURUSD,24,6.0,192,-0.611,-0.672,-0.502,336,47.6,-8.83,-1.89,1/7
M30,rsi_div,EURUSD,24,10.0,48,0.107,0.273,-0.144,195,49.2,1.08,0.32,4/7
M30,rsi_div,EURUSD,24,10.0,192,-0.188,-0.181,-0.199,162,47.5,-4.06,-0.57,2/7
M30,rsi_div,EURUSD,48,3.0,48,-0.384,-0.568,-0.052,944,48.4,-1.81,-1.19,2/7
M30,rsi_div,EURUSD,48,3.0,192,-0.482,-0.771,0.021,565,56.5,-4.65,-1.48,2/7
M30,rsi_div,EURUSD,48,6.0,48,-0.327,-0.114,-0.691,631,48.0,-1.89,-1.01,2/7
M30,rsi_div,EURUSD,48,6.0,192,-0.55,-0.575,-0.509,392,49.7,-7.23,-1.7,2/7
M30,rsi_div,EURUSD,48,10.0,48,-0.265,-0.318,-0.179,321,46.7,-2.09,-0.81,4/7
M30,rsi_div,EURUSD,48,10.0,192,-0.598,-0.474,-0.864,244,46.7,-10.16,-1.84,2/7
M30,rsi_div,EURUSD,96,3.0,48,-0.397,-0.443,-0.318,828,48.9,-2.03,-1.23,2/7
M30,rsi_div,EURUSD,96,3.0,192,-0.476,-0.691,-0.069,461,54.2,-5.54,-1.45,3/7
M30,rsi_div,EURUSD,96,6.0,48,-0.478,-0.484,-0.469,651,48.2,-2.73,-1.47,2/7
M30,rsi_div,EURUSD,96,6.0,192,-0.38,-0.472,-0.204,381,49.3,-5.13,-1.17,2/7
M30,rsi_div,EURUSD,96,10.0,48,-0.234,-0.326,-0.083,420,47.4,-1.7,-0.72,1/7
M30,rsi_div,EURUSD,96,10.0,192,-0.54,-0.647,-0.342,277,47.7,-8.96,-1.66,1/7
M30,rsi_div,EURUSD,192,3.0,48,-0.231,-0.3,-0.102,653,49.8,-1.36,-0.71,2/7
M30,rsi_div,EURUSD,192,3.0,192,-0.346,-0.531,0.018,351,49.3,-4.83,-1.06,2/7
M30,rsi_div,EURUSD,192,6.0,48,-0.278,-0.285,-0.267,575,49.6,-1.74,-0.85,2/7
M30,rsi_div,EURUSD,192,6.0,192,-0.198,-0.326,0.059,321,47.7,-2.97,-0.61,2/7
M30,rsi_div,EURUSD,192,10.0,48,-0.155,-0.147,-0.171,438,49.3,-1.17,-0.47,4/7
M30,rsi_div,EURUSD,192,10.0,192,-0.327,-0.602,0.227,260,47.3,-5.63,-1.0,1/7
M30,rsi_div,USDCHF,24,3.0,48,-0.525,-0.563,-0.47,851,48.8,-2.91,-1.62,1/7
M30,rsi_div,USDCHF,24,3.0,192,-0.392,-0.271,-0.572,539,57.0,-4.32,-1.21,3/7
M30,rsi_div,USDCHF,24,6.0,48,-0.643,-0.454,-0.953,522,46.2,-4.55,-1.99,2/7
M30,rsi_div,USDCHF,24,6.0,192,-0.758,-0.455,-1.23,352,48.3,-11.38,-2.34,1/7
M30,rsi_div,USDCHF,24,10.0,48,-0.637,-1.08,0.202,207,43.5,-6.53,-1.97,1/7
M30,rsi_div,USDCHF,24,10.0,192,-0.382,-0.752,0.303,173,52.0,-8.96,-1.17,3/7
M30,rsi_div,USDCHF,48,3.0,48,-0.348,-0.551,-0.059,929,49.7,-1.85,-1.06,2/7
M30,rsi_div,USDCHF,48,3.0,192,-0.436,-0.535,-0.285,545,57.6,-4.62,-1.3,3/7
M30,rsi_div,USDCHF,48,6.0,48,-0.572,-0.646,-0.447,647,47.1,-3.72,-1.75,3/7
M30,rsi_div,USDCHF,48,6.0,192,-0.512,-0.413,-0.672,405,54.6,-7.18,-1.58,2/7
M30,rsi_div,USDCHF,48,10.0,48,-0.74,-0.814,-0.605,342,44.4,-6.62,-2.29,1/7
M30,rsi_div,USDCHF,48,10.0,192,-0.42,-0.793,0.261,250,52.0,-7.79,-1.29,2/7
M30,rsi_div,USDCHF,96,3.0,48,-0.509,-0.403,-0.678,828,48.3,-3.03,-1.57,1/7
M30,rsi_div,USDCHF,96,3.0,192,-0.225,-0.176,-0.304,459,58.8,-2.93,-0.69,2/7
M30,rsi_div,USDCHF,96,6.0,48,-0.491,-0.421,-0.617,670,47.8,-3.26,-1.51,2/7
M30,rsi_div,USDCHF,96,6.0,192,-0.249,-0.258,-0.236,391,56.3,-3.74,-0.77,1/7
M30,rsi_div,USDCHF,96,10.0,48,-0.283,-0.501,0.124,436,47.7,-2.35,-0.87,2/7
M30,rsi_div,USDCHF,96,10.0,192,-0.125,-0.531,0.631,289,54.3,-2.2,-0.38,3/7
M30,rsi_div,USDCHF,192,3.0,48,-0.304,-0.444,-0.071,639,49.5,-2.12,-0.93,2/7
M30,rsi_div,USDCHF,192,3.0,192,0.019,-0.111,0.229,342,53.8,0.32,0.06,3/7
M30,rsi_div,USDCHF,192,6.0,48,-0.381,-0.523,-0.134,579,49.1,-2.8,-1.17,2/7
M30,rsi_div,USDCHF,192,6.0,192,-0.016,-0.038,0.021,316,54.1,-0.28,-0.05,3/7
M30,rsi_div,USDCHF,192,10.0,48,-0.201,-0.549,0.451,445,48.5,-1.75,-0.62,3/7
M30,rsi_div,USDCHF,192,10.0,192,-0.012,-0.347,0.645,258,53.9,-0.24,-0.04,4/7
M30,streak,EURGBP,4,0.5,48,-0.293,-0.336,-0.213,917,53.4,-1.29,-0.9,2/7
M30,streak,EURGBP,4,0.5,192,-0.254,-0.199,-0.423,677,57.8,-1.9,-0.78,3/7
M30,streak,EURGBP,4,1.0,48,0.281,0.176,0.691,102,53.9,4.59,0.86,5/7
M30,streak,EURGBP,4,1.0,192,0.128,0.162,0.042,89,55.1,3.64,0.39,4/7
M30,streak,EURGBP,5,0.5,48,-0.541,-0.705,-0.125,594,49.3,-3.18,-1.66,3/7
M30,streak,EURGBP,5,0.5,192,-0.446,-0.294,-0.881,426,52.6,-4.61,-1.38,1/7
M30,streak,EURGBP,5,1.0,48,0.14,-0.05,0.855,63,50.8,3.2,0.43,5/7
M30,streak,EURGBP,5,1.0,192,0.369,0.512,-0.018,58,58.6,14.49,1.13,5/7
M30,streak,EURGBP,6,0.5,48,0.084,-0.06,0.572,389,51.7,0.62,0.26,5/7
M30,streak,EURGBP,6,0.5,192,-0.252,-0.306,-0.139,294,52.0,-3.46,-0.78,2/7
M30,streak,EURGBP,8,0.5,48,-0.297,-0.494,0.366,109,48.6,-4.68,-0.91,4/7
M30,streak,EURGBP,8,0.5,192,-0.342,-0.525,0.105,97,50.5,-9.31,-1.05,2/7
M30,streak,EURAUD,4,0.5,48,-0.885,-0.917,-0.834,1235,54.1,-4.05,-2.74,1/7
M30,streak,EURAUD,4,0.5,192,-0.792,-0.731,-0.924,958,56.4,-5.44,-2.41,1/7
M30,streak,EURAUD,4,1.0,48,-0.031,0.05,-0.188,118,49.2,-0.78,-0.09,3/7
M30,streak,EURAUD,4,1.0,192,0.281,0.188,0.522,106,59.4,12.33,0.86,5/7
M30,streak,EURAUD,5,0.5,48,-0.881,-0.797,-1.039,798,49.6,-5.41,-2.72,1/7
M30,streak,EURAUD,5,0.5,192,-0.955,-0.974,-0.933,567,52.4,-10.49,-2.97,1/7
M30,streak,EURAUD,5,1.0,48,-0.446,-0.657,-0.194,68,39.7,-11.45,-1.37,2/7
M30,streak,EURAUD,5,1.0,192,-0.063,-0.026,-0.167,63,46.0,-3.21,-0.19,3/7
M30,streak,EURAUD,6,0.5,48,-0.183,-0.083,-0.367,503,51.3,-1.51,-0.57,2/7
M30,streak,EURAUD,6,0.5,192,-0.28,-0.082,-0.722,366,54.9,-4.33,-0.87,2/7
M30,streak,EURAUD,8,0.5,48,-0.52,-0.456,-0.616,150,43.3,-7.8,-1.59,0/7
M30,streak,EURAUD,8,0.5,192,-0.219,-0.169,-0.437,132,51.5,-7.62,-0.67,3/7
M30,streak,EURNZD,4,0.5,48,-0.178,-0.214,-0.107,1258,54.9,-0.81,-0.57,3/7
M30,streak,EURNZD,4,0.5,192,-0.306,-0.056,-0.847,976,58.2,-2.01,-0.97,2/7
M30,streak,EURNZD,4,1.0,48,-0.117,-0.348,0.217,113,49.6,-1.9,-0.36,2/7
M30,streak,EURNZD,4,1.0,192,0.201,0.362,-0.006,99,53.5,6.33,0.61,4/7
M30,streak,EURNZD,5,0.5,48,-0.174,-0.131,-0.271,844,53.2,-0.95,-0.53,2/7
M30,streak,EURNZD,5,0.5,192,-0.205,0.034,-0.639,621,56.0,-1.88,-0.63,1/7
M30,streak,EURNZD,5,1.0,48,-0.468,-0.212,-0.811,77,37.7,-8.6,-1.43,2/7
M30,streak,EURNZD,5,1.0,192,0.025,0.625,-0.886,72,48.6,0.97,0.08,4/7
M30,streak,EURNZD,6,0.5,48,0.405,0.461,0.297,547,54.1,3.32,1.31,4/7
M30,streak,EURNZD,6,0.5,192,-0.095,0.272,-0.747,405,55.3,-1.29,-0.29,3/7
M30,streak,EURNZD,8,0.5,48,0.316,0.559,-0.204,181,50.8,3.86,0.95,4/7
M30,streak,EURNZD,8,0.5,192,0.028,0.236,-0.406,153,51.6,0.85,0.08,3/7
M30,streak,GBPAUD,4,0.5,48,-0.275,-0.406,-0.034,1108,55.1,-1.23,-0.84,2/7
M30,streak,GBPAUD,4,0.5,192,-0.271,-0.425,0.025,865,58.0,-1.85,-0.82,4/7
M30,streak,GBPAUD,4,1.0,48,-0.291,-0.344,-0.22,94,53.2,-6.14,-0.9,2/7
M30,streak,GBPAUD,4,1.0,192,-0.338,-0.544,-0.042,79,48.1,-11.48,-1.04,2/7
M30,streak,GBPAUD,5,0.5,48,-0.313,-0.124,-0.656,766,53.0,-1.89,-0.97,3/7
M30,streak,GBPAUD,5,0.5,192,-0.132,0.107,-0.625,565,57.2,-1.38,-0.41,4/7
M30,streak,GBPAUD,5,1.0,48,-0.55,-0.533,-0.581,66,48.5,-15.4,-1.72,1/7
M30,streak,GBPAUD,5,1.0,192,-0.774,-0.579,-1.069,59,39.0,-32.43,-2.48,1/7
M30,streak,GBPAUD,6,0.5,48,0.001,-0.08,0.13,495,51.7,0.0,0.0,4/7
M30,streak,GBPAUD,6,0.5,192,0.027,0.124,-0.178,370,54.9,0.37,0.08,3/7
M30,streak,GBPAUD,8,0.5,48,0.01,-0.384,0.573,163,50.9,0.16,0.03,3/7
M30,streak,GBPAUD,8,0.5,192,-0.081,-0.361,0.418,140,47.9,-2.06,-0.25,4/7
M30,streak,GBPNZD,4,0.5,48,-0.046,-0.01,-0.123,1143,54.9,-0.21,-0.14,4/7
M30,streak,GBPNZD,4,0.5,192,0.013,0.098,-0.155,876,58.4,0.09,0.04,4/7
M30,streak,GBPNZD,4,1.0,48,-0.596,-0.584,-0.622,93,43.0,-10.65,-1.86,2/7
M30,streak,GBPNZD,4,1.0,192,-0.196,-0.193,-0.206,86,51.2,-6.6,-0.6,2/7
M30,streak,GBPNZD,5,0.5,48,-0.434,-0.479,-0.354,770,52.3,-2.45,-1.35,2/7
M30,streak,GBPNZD,5,0.5,192,-0.126,0.065,-0.491,559,57.8,-1.16,-0.39,3/7
M30,streak,GBPNZD,5,1.0,48,-0.614,-0.636,-0.582,66,36.4,-14.81,-1.93,1/7
M30,streak,GBPNZD,5,1.0,192,-0.137,-0.043,-0.333,62,48.4,-4.89,-0.42,3/7
M30,streak,GBPNZD,6,0.5,48,-0.152,-0.391,0.309,490,53.1,-1.07,-0.47,3/7
M30,streak,GBPNZD,6,0.5,192,-0.036,-0.292,0.457,361,54.8,-0.45,-0.11,2/7
M30,streak,GBPNZD,8,0.5,48,0.192,-0.242,0.838,180,53.3,2.25,0.58,4/7
M30,streak,GBPNZD,8,0.5,192,0.66,0.637,0.694,158,55.1,13.54,2.03,5/7
M30,streak,AUDNZD,4,0.5,48,-0.212,-0.141,-0.338,360,49.7,-1.22,-0.66,3/7
M30,streak,AUDNZD,4,0.5,192,-0.204,-0.535,0.477,279,51.3,-2.16,-0.63,3/7
M30,streak,AUDNZD,5,0.5,48,0.083,-0.083,0.347,233,53.2,0.63,0.26,3/7
M30,streak,AUDNZD,5,0.5,192,-0.271,-0.739,0.751,183,49.2,-3.8,-0.83,4/7
M30,streak,AUDNZD,6,0.5,48,-0.481,-0.85,0.06,145,42.1,-4.68,-1.48,2/7
M30,streak,AUDNZD,6,0.5,192,-0.351,-0.781,0.458,125,46.4,-6.53,-1.08,3/7
M30,streak,AUDNZD,8,0.5,48,-0.174,-0.383,-0.01,54,46.3,-2.95,-0.52,2/7
M30,streak,AUDNZD,8,0.5,192,-0.219,-0.683,0.499,51,51.0,-6.33,-0.66,3/7
M30,streak,EURCHF,4,0.5,48,-0.279,-0.371,-0.13,813,55.2,-1.15,-0.86,2/7
M30,streak,EURCHF,4,0.5,192,-0.11,-0.082,-0.161,605,58.3,-0.73,-0.34,3/7
M30,streak,EURCHF,4,1.0,48,-0.203,-0.357,0.027,92,47.8,-3.02,-0.62,3/7
M30,streak,EURCHF,4,1.0,192,-0.12,-0.098,-0.151,85,44.7,-3.15,-0.36,2/7
M30,streak,EURCHF,5,0.5,48,-0.223,-0.172,-0.295,517,50.1,-1.15,-0.69,3/7
M30,streak,EURCHF,5,0.5,192,-0.033,0.088,-0.246,388,56.7,-0.3,-0.1,3/7
M30,streak,EURCHF,5,1.0,48,-0.08,-0.322,0.317,57,49.1,-1.65,-0.24,3/7
M30,streak,EURCHF,5,1.0,192,-0.031,-0.132,0.12,51,37.3,-1.1,-0.09,2/7
M30,streak,EURCHF,6,0.5,48,0.086,0.166,-0.028,312,51.3,0.51,0.26,4/7
M30,streak,EURCHF,6,0.5,192,-0.164,-0.022,-0.417,248,54.0,-2.13,-0.5,3/7
M30,streak,EURCHF,8,0.5,48,0.076,-0.19,0.477,104,49.0,0.77,0.23,4/7
M30,streak,EURCHF,8,0.5,192,0.143,-0.009,0.425,90,48.9,3.52,0.43,5/7
M30,streak,GBPCHF,4,0.5,48,-0.548,-0.685,-0.257,1172,53.2,-2.54,-1.75,0/7
M30,streak,GBPCHF,4,0.5,192,-0.423,-0.476,-0.325,914,56.5,-2.89,-1.32,2/7
M30,streak,GBPCHF,4,1.0,48,0.252,0.186,0.391,184,49.5,3.04,0.77,5/7
M30,streak,GBPCHF,4,1.0,192,0.243,0.399,-0.091,153,52.9,5.9,0.75,3/7
M30,streak,GBPCHF,5,0.5,48,-0.1,0.016,-0.355,755,53.8,-0.6,-0.31,2/7
M30,streak,GBPCHF,5,0.5,192,0.067,0.186,-0.185,568,58.8,0.72,0.21,4/7
M30,streak,GBPCHF,5,1.0,48,0.28,0.106,0.629,117,50.4,4.78,0.86,5/7
M30,streak,GBPCHF,5,1.0,192,0.629,0.675,0.549,103,61.2,19.73,1.95,5/7
M30,streak,GBPCHF,6,0.5,48,0.313,0.618,-0.341,454,54.6,2.67,0.97,5/7
M30,streak,GBPCHF,6,0.5,192,0.318,0.506,-0.086,348,58.6,5.0,1.01,4/7
M30,streak,GBPCHF,6,1.0,48,0.276,0.074,0.897,74,52.7,6.11,0.84,5/7
M30,streak,GBPCHF,6,1.0,192,0.364,0.306,0.745,68,60.3,14.63,1.11,6/7
M30,streak,GBPCHF,8,0.5,48,0.084,0.495,-0.572,140,53.6,1.13,0.26,4/7
M30,streak,GBPCHF,8,0.5,192,0.176,0.529,-0.406,128,53.9,4.35,0.54,3/7
M30,streak,AUDCHF,4,0.5,48,-0.576,-0.442,-0.792,1357,53.4,-2.74,-1.74,2/7
M30,streak,AUDCHF,4,0.5,192,-0.544,-0.418,-0.755,1080,58.3,-3.59,-1.64,1/7
M30,streak,AUDCHF,4,1.0,48,0.084,-0.188,0.491,180,49.4,1.78,0.26,4/7
M30,streak,AUDCHF,4,1.0,192,0.155,-0.024,0.457,152,57.2,5.02,0.48,5/7
M30,streak,AUDCHF,5,0.5,48,-0.251,-0.354,-0.085,902,51.7,-1.56,-0.77,3/7
M30,streak,AUDCHF,5,0.5,192,-0.497,-0.594,-0.331,669,54.7,-5.23,-1.52,3/7
M30,streak,AUDCHF,5,1.0,48,-0.07,-0.417,0.263,119,46.2,-1.75,-0.21,3/7
M30,streak,AUDCHF,5,1.0,192,0.203,0.054,0.468,101,55.4,8.82,0.62,6/7
M30,streak,AUDCHF,6,0.5,48,-0.158,-0.122,-0.212,572,53.3,-1.26,-0.49,3/7
M30,streak,AUDCHF,6,0.5,192,-0.241,-0.222,-0.275,424,52.6,-3.71,-0.75,3/7
M30,streak,AUDCHF,6,1.0,48,-0.165,-0.485,0.094,81,45.7,-5.15,-0.5,3/7
M30,streak,AUDCHF,6,1.0,192,-0.211,-0.214,-0.214,70,44.3,-14.09,-0.65,2/7
M30,streak,AUDCHF,8,0.5,48,-0.293,-0.363,-0.203,191,50.8,-4.65,-0.9,3/7
M30,streak,AUDCHF,8,0.5,192,-0.346,-0.361,-0.321,164,50.0,-10.31,-1.06,3/7
M30,streak,EURCAD,4,0.5,48,0.026,0.001,0.078,1284,55.6,0.09,0.08,4/7
M30,streak,EURCAD,4,0.5,192,-0.03,-0.08,0.076,1003,58.7,-0.15,-0.09,4/7
M30,streak,EURCAD,4,1.0,48,0.061,0.207,-0.283,181,51.4,0.76,0.19,4/7
M30,streak,EURCAD,4,1.0,192,-0.16,-0.328,0.16,146,52.1,-3.53,-0.49,3/7
M30,streak,EURCAD,5,0.5,48,0.273,0.376,0.073,839,55.2,1.29,0.85,5/7
M30,streak,EURCAD,5,0.5,192,0.292,0.459,-0.072,613,57.7,2.36,0.9,5/7
M30,streak,EURCAD,5,1.0,48,0.281,0.297,0.257,116,54.3,4.69,0.86,4/7
M30,streak,EURCAD,5,1.0,192,0.201,0.153,0.272,103,57.3,5.26,0.62,4/7
M30,streak,EURCAD,6,0.5,48,0.14,0.413,-0.403,537,52.3,0.81,0.43,5/7
M30,streak,EURCAD,6,0.5,192,0.007,0.316,-0.652,399,57.4,0.08,0.02,2/7
M30,streak,EURCAD,6,1.0,48,0.421,0.515,0.213,75,50.7,7.85,1.27,3/7
M30,streak,EURCAD,6,1.0,192,0.227,0.265,0.156,68,64.7,8.57,0.68,3/7
M30,streak,EURCAD,8,0.5,48,0.724,0.433,1.319,173,56.6,8.23,2.27,6/7
M30,streak,EURCAD,8,0.5,192,0.105,-0.012,0.369,150,58.0,2.33,0.32,5/7
M30,streak,GBPCAD,4,0.5,48,-0.311,-0.259,-0.463,1241,53.7,-1.24,-0.96,2/7
M30,streak,GBPCAD,4,0.5,192,0.024,0.073,-0.085,959,57.9,0.14,0.07,4/7
M30,streak,GBPCAD,4,1.0,48,0.686,0.688,0.693,202,55.4,7.31,2.13,5/7
M30,streak,GBPCAD,4,1.0,192,0.865,0.984,0.635,174,60.3,19.92,2.7,6/7
M30,streak,GBPCAD,5,0.5,48,-0.155,-0.142,-0.187,783,52.7,-0.81,-0.48,3/7
M30,streak,GBPCAD,5,0.5,192,0.375,0.212,0.77,595,59.3,3.18,1.17,5/7
M30,streak,GBPCAD,5,1.0,48,0.143,0.137,0.16,132,51.5,2.01,0.44,5/7
M30,streak,GBPCAD,5,1.0,192,0.361,0.492,0.053,121,57.9,9.99,1.11,5/7
M30,streak,GBPCAD,6,0.5,48,-0.54,-0.631,-0.36,476,47.7,-3.71,-1.67,1/7
M30,streak,GBPCAD,6,0.5,192,-0.373,-0.406,-0.316,356,52.5,-4.86,-1.15,3/7
M30,streak,GBPCAD,6,1.0,48,-0.094,0.042,-0.369,79,50.6,-1.78,-0.29,4/7
M30,streak,GBPCAD,6,1.0,192,-0.091,0.138,-0.64,73,47.9,-3.34,-0.28,2/7
M30,streak,GBPCAD,8,0.5,48,-0.263,-0.303,-0.182,152,49.3,-3.24,-0.8,3/7
M30,streak,GBPCAD,8,0.5,192,0.066,0.235,-0.355,130,50.8,1.56,0.2,4/7
M30,streak,AUDCAD,4,0.5,48,0.59,0.69,0.399,1151,57.9,2.92,2.02,6/7
M30,streak,AUDCAD,4,0.5,192,0.969,1.062,0.803,902,62.7,6.72,3.27,7/7
M30,streak,AUDCAD,4,1.0,48,0.471,0.657,0.185,120,55.8,9.04,1.45,5/7
M30,streak,AUDCAD,4,1.0,192,0.179,0.396,-0.165,109,52.3,4.67,0.55,4/7
M30,streak,AUDCAD,5,0.5,48,0.476,0.491,0.452,773,55.0,2.61,1.46,5/7
M30,streak,AUDCAD,5,0.5,192,0.621,0.747,0.39,561,60.1,5.85,1.93,6/7
M30,streak,AUDCAD,5,1.0,48,-0.091,0.234,-0.474,70,50.0,-2.22,-0.28,3/7
M30,streak,AUDCAD,5,1.0,192,-0.198,-0.158,-0.271,65,52.3,-7.79,-0.6,3/7
M30,streak,AUDCAD,6,0.5,48,0.631,0.429,0.948,478,54.8,4.61,1.91,5/7
M30,streak,AUDCAD,6,0.5,192,0.79,0.529,1.326,357,58.5,11.21,2.45,7/7
M30,streak,AUDCAD,8,0.5,48,0.084,0.069,0.107,152,54.6,1.18,0.26,3/7
M30,streak,AUDCAD,8,0.5,192,0.421,0.58,0.125,135,53.3,9.82,1.3,4/7
M30,streak,NZDCAD,4,0.5,48,-0.267,-0.062,-0.66,1239,54.5,-1.12,-0.84,2/7
M30,streak,NZDCAD,4,0.5,192,-0.037,0.19,-0.442,966,59.2,-0.23,-0.11,4/7
M30,streak,NZDCAD,4,1.0,48,0.297,0.067,0.727,120,53.3,4.78,0.91,4/7
M30,streak,NZDCAD,4,1.0,192,0.317,0.229,0.447,107,58.9,8.04,0.97,5/7
M30,streak,NZDCAD,5,0.5,48,0.424,0.697,-0.091,846,55.0,2.23,1.32,4/7
M30,streak,NZDCAD,5,0.5,192,0.759,1.103,0.067,631,61.8,6.62,2.37,5/7
M30,streak,NZDCAD,5,1.0,48,0.559,0.647,0.44,73,54.8,12.0,1.73,5/7
M30,streak,NZDCAD,5,1.0,192,0.198,0.291,0.081,71,57.7,6.59,0.6,4/7
M30,streak,NZDCAD,6,0.5,48,0.438,0.267,0.741,502,54.2,3.12,1.35,5/7
M30,streak,NZDCAD,6,0.5,192,0.633,0.487,0.912,376,63.3,7.92,1.95,4/7
M30,streak,NZDCAD,8,0.5,48,0.323,0.328,0.318,156,52.6,4.58,0.99,5/7
M30,streak,NZDCAD,8,0.5,192,0.392,0.279,0.674,130,53.1,10.65,1.2,5/7
M30,streak,CHFJPY,4,0.5,48,-0.498,-0.844,0.168,1287,52.1,-2.18,-1.57,3/7
M30,streak,CHFJPY,4,0.5,192,-0.507,-0.744,-0.07,973,57.2,-3.22,-1.56,3/7
M30,streak,CHFJPY,4,1.0,48,0.014,-0.308,0.631,199,52.3,0.22,0.04,4/7
M30,streak,CHFJPY,4,1.0,192,-0.095,0.011,-0.259,165,47.9,-2.31,-0.29,2/7
M30,streak,CHFJPY,5,0.5,48,0.228,-0.079,0.859,866,53.9,1.32,0.72,5/7
M30,streak,CHFJPY,5,0.5,192,0.152,0.027,0.374,624,57.1,1.46,0.48,4/7
M30,streak,CHFJPY,5,1.0,48,0.099,-0.147,0.687,117,50.4,2.05,0.3,3/7
M30,streak,CHFJPY,5,1.0,192,-0.322,-0.143,-0.682,101,43.6,-9.05,-0.99,3/7
M30,streak,CHFJPY,6,0.5,48,0.366,0.001,1.155,536,54.5,2.91,1.14,4/7
M30,streak,CHFJPY,6,0.5,192,0.321,0.287,0.385,389,56.6,4.36,1.0,5/7
M30,streak,CHFJPY,6,1.0,48,-0.283,-0.4,0.021,75,46.7,-8.35,-0.87,3/7
M30,streak,CHFJPY,6,1.0,192,-0.336,-0.227,-0.665,70,42.9,-11.67,-1.03,2/7
M30,streak,CHFJPY,8,0.5,48,-0.08,-0.58,0.973,164,48.8,-1.21,-0.24,4/7
M30,streak,CHFJPY,8,0.5,192,0.155,-0.139,0.651,144,51.4,4.05,0.47,4/7
M30,streak,CADCHF,4,0.5,48,-0.672,-0.589,-0.818,1401,53.0,-2.66,-2.1,0/7
M30,streak,CADCHF,4,0.5,192,-0.524,-0.163,-1.122,1137,56.0,-2.65,-1.59,2/7
M30,streak,CADCHF,4,1.0,48,-0.245,-0.218,-0.285,270,50.4,-2.75,-0.75,2/7
M30,streak,CADCHF,4,1.0,192,-0.171,-0.096,-0.317,207,49.8,-3.01,-0.52,4/7
M30,streak,CADCHF,5,0.5,48,-0.629,-0.314,-1.242,920,52.1,-3.23,-1.96,1/7
M30,streak,CADCHF,5,0.5,192,-0.407,-0.074,-1.11,669,54.6,-3.41,-1.27,3/7
M30,streak,CADCHF,5,1.0,48,-0.424,-0.495,-0.314,194,47.9,-5.63,-1.3,2/7
M30,streak,CADCHF,5,1.0,192,-0.508,-0.572,-0.39,158,45.6,-10.9,-1.56,1/7
M30,streak,CADCHF,6,0.5,48,-0.033,0.228,-0.5,563,50.1,-0.23,-0.1,4/7
M30,streak,CADCHF,6,0.5,192,0.138,0.456,-0.599,421,53.2,1.69,0.43,3/7
M30,streak,CADCHF,6,1.0,48,-0.02,0.113,-0.234,137,56.2,-0.32,-0.06,2/7
M30,streak,CADCHF,6,1.0,192,-0.519,-0.789,0.053,117,47.9,-13.05,-1.6,1/7
M30,streak,CADCHF,8,0.5,48,-0.367,-0.631,0.132,181,50.3,-4.59,-1.13,2/7
M30,streak,CADCHF,8,0.5,192,-0.231,-0.207,-0.286,154,54.5,-5.4,-0.71,1/7
M30,streak,EURUSD,4,0.5,48,-0.397,-0.405,-0.385,2425,54.8,-0.91,-1.22,2/7
M30,streak,EURUSD,4,0.5,192,-0.459,-0.528,-0.336,2109,55.8,-1.23,-1.37,0/7
M30,streak,EURUSD,4,1.0,48,-0.526,-0.681,-0.259,1418,51.9,-1.81,-1.63,1/7
M30,streak,EURUSD,4,1.0,192,-0.182,-0.284,0.005,1079,55.9,-0.94,-0.55,3/7
M30,streak,EURUSD,4,1.5,48,-0.691,-0.825,-0.45,637,48.0,-3.75,-2.1,0/7
M30,streak,EURUSD,4,1.5,192,-0.3,-0.384,-0.147,465,53.5,-3.36,-0.93,3/7
M30,streak,EURUSD,5,0.5,48,-0.523,-0.733,-0.159,1395,52.5,-1.84,-1.6,2/7
M30,streak,EURUSD,5,0.5,192,-0.731,-1.035,-0.165,1054,54.9,-4.02,-2.19,1/7
M30,streak,EURUSD,5,1.0,48,-1.045,-1.277,-0.679,927,48.0,-4.67,-3.17,1/7
M30,streak,EURUSD,5,1.0,192,-0.794,-1.029,-0.353,655,51.9,-6.48,-2.43,1/7
M30,streak,EURUSD,5,1.5,48,-0.577,-0.761,-0.279,446,46.0,-4.03,-1.77,2/7
M30,streak,EURUSD,5,1.5,192,-0.071,-0.406,0.448,338,54.4,-0.99,-0.22,3/7
M30,streak,EURUSD,6,0.5,48,-0.726,-0.567,-1.008,784,47.8,-3.64,-2.23,1/7
M30,streak,EURUSD,6,0.5,192,-0.77,-0.805,-0.713,563,51.9,-7.27,-2.38,0/7
M30,streak,EURUSD,6,1.0,48,-0.63,-0.473,-0.889,560,45.7,-3.9,-1.93,1/7
M30,streak,EURUSD,6,1.0,192,-0.722,-0.581,-0.987,405,52.3,-9.02,-2.23,2/7
M30,streak,EURUSD,6,1.5,48,-0.233,-0.14,-0.418,285,47.4,-1.97,-0.72,4/7
M30,streak,EURUSD,6,1.5,192,-0.3,-0.151,-0.578,225,51.6,-5.48,-0.92,3/7
M30,streak,EURUSD,8,0.5,48,-0.129,-0.275,0.132,192,50.5,-1.42,-0.39,3/7
M30,streak,EURUSD,8,0.5,192,-0.568,-0.451,-0.797,161,45.3,-13.96,-1.76,2/7
M30,streak,EURUSD,8,1.0,48,-0.318,-0.45,-0.083,159,50.3,-4.04,-0.98,3/7
M30,streak,EURUSD,8,1.0,192,-0.585,-0.498,-0.779,133,46.6,-15.81,-1.81,2/7
M30,streak,EURUSD,8,1.5,48,-0.147,-0.335,0.169,91,51.6,-2.53,-0.45,3/7
M30,streak,EURUSD,8,1.5,192,-0.589,-0.513,-0.766,77,42.9,-22.67,-1.82,1/7
M30,streak,USDCHF,4,0.5,48,-0.648,-0.482,-0.894,2292,55.8,-1.68,-1.98,2/7
M30,streak,USDCHF,4,0.5,192,-0.643,-0.567,-0.754,1995,57.2,-1.96,-1.91,1/7
M30,streak,USDCHF,4,1.0,48,-0.384,-0.482,-0.238,1378,53.8,-1.54,-1.18,0/7
M30,streak,USDCHF,4,1.0,192,-0.484,-0.343,-0.695,1008,56.5,-2.9,-1.46,2/7
M30,streak,USDCHF,4,1.5,48,-0.335,-0.567,0.045,609,50.2,-2.3,-1.03,3/7
M30,streak,USDCHF,4,1.5,192,-0.131,-0.159,-0.091,450,57.1,-1.63,-0.4,2/7
M30,streak,USDCHF,5,0.5,48,-0.38,-0.533,-0.169,1396,54.9,-1.45,-1.16,3/7
M30,streak,USDCHF,5,0.5,192,-0.363,-0.64,0.057,1053,57.5,-2.06,-1.09,2/7
M30,streak,USDCHF,5,1.0,48,-0.373,-0.389,-0.352,908,53.3,-1.92,-1.14,2/7
M30,streak,USDCHF,5,1.0,192,-0.219,0.024,-0.588,655,56.5,-1.86,-0.66,3/7
M30,streak,USDCHF,5,1.5,48,-0.359,-0.515,-0.133,414,49.8,-3.11,-1.11,2/7
M30,streak,USDCHF,5,1.5,192,-0.317,-0.347,-0.273,325,53.2,-5.24,-0.98,2/7
M30,streak,USDCHF,6,0.5,48,0.072,0.184,-0.075,750,52.9,0.43,0.22,4/7
M30,streak,USDCHF,6,0.5,192,0.124,0.083,0.19,543,56.7,1.38,0.38,4/7
M30,streak,USDCHF,6,1.0,48,-0.24,0.002,-0.558,535,49.3,-1.76,-0.74,2/7
M30,streak,USDCHF,6,1.0,192,-0.254,-0.135,-0.433,389,54.8,-3.39,-0.78,2/7
M30,streak,USDCHF,6,1.5,48,-0.474,-0.283,-0.735,242,43.0,-5.66,-1.47,2/7
M30,streak,USDCHF,6,1.5,192,-0.712,-0.583,-0.908,195,47.7,-16.39,-2.21,1/7
M30,streak,USDCHF,8,0.5,48,-0.595,-0.637,-0.529,198,47.5,-6.87,-1.84,2/7
M30,streak,USDCHF,8,0.5,192,-0.404,-0.534,-0.17,168,53.6,-10.15,-1.24,3/7
M30,streak,USDCHF,8,1.0,48,-0.351,-0.53,-0.059,169,49.7,-4.18,-1.07,3/7
M30,streak,USDCHF,8,1.0,192,-0.146,-0.17,-0.102,143,55.9,-3.96,-0.44,3/7
M30,streak,USDCHF,8,1.5,48,-0.051,-0.429,0.699,79,53.2,-0.91,-0.16,4/7
M30,streak,USDCHF,8,1.5,192,-0.352,-0.444,-0.162,71,45.1,-13.33,-1.08,1/7
M30,vol_regime,EURGBP,48,1.3,48,0.026,0.174,-0.371,1714,56.8,0.07,0.08,3/7
M30,vol_regime,EURGBP,48,1.3,192,-0.061,0.199,-0.681,1379,59.1,-0.19,-0.18,2/7
M30,vol_regime,EURGBP,48,1.6,48,-0.068,-0.127,0.107,351,50.7,-0.53,-0.21,3/7
M30,vol_regime,EURGBP,48,1.6,192,-0.039,-0.117,0.155,294,55.8,-0.43,-0.12,3/7
M30,vol_regime,EURGBP,96,1.3,48,0.051,-0.113,0.494,729,57.2,0.22,0.16,3/7
M30,vol_regime,EURGBP,96,1.3,192,-0.048,0.004,-0.182,617,59.3,-0.36,-0.15,4/7
M30,vol_regime,EURGBP,96,1.6,48,-0.071,0.006,-0.325,80,55.0,-1.46,-0.22,4/7
M30,vol_regime,EURGBP,96,1.6,192,-0.322,-0.068,-0.75,76,60.5,-9.59,-0.99,3/7
M30,vol_regime,EURGBP,192,1.3,48,-0.263,-0.093,-0.681,303,57.4,-2.05,-0.83,1/7
M30,vol_regime,EURGBP,192,1.3,192,-0.268,-0.114,-0.524,276,60.5,-3.04,-0.81,2/7
M30,vol_regime,EURAUD,48,1.3,48,-0.091,0.065,-0.424,1342,58.7,-0.36,-0.28,3/7
M30,vol_regime,EURAUD,48,1.3,192,-0.244,-0.244,-0.245,1058,59.8,-1.55,-0.74,3/7
M30,vol_regime,EURAUD,48,1.6,48,-0.087,-0.157,0.078,218,54.6,-1.13,-0.27,5/7
M30,vol_regime,EURAUD,48,1.6,192,-0.717,-0.681,-0.784,190,50.5,-19.42,-2.21,1/7
M30,vol_regime,EURAUD,96,1.3,48,0.189,0.134,0.337,624,58.5,1.15,0.59,6/7
M30,vol_regime,EURAUD,96,1.3,192,0.241,0.161,0.406,548,61.9,2.31,0.73,5/7
M30,vol_regime,EURAUD,96,1.6,48,0.39,0.443,0.288,67,62.7,12.0,1.2,4/7
M30,vol_regime,EURAUD,96,1.6,192,-0.33,-0.051,-0.703,64,54.7,-17.16,-1.01,1/7
M30,vol_regime,EURAUD,192,1.3,48,0.348,0.646,-0.33,274,60.2,4.2,1.05,3/7
M30,vol_regime,EURAUD,192,1.3,192,0.109,0.544,-0.66,260,61.9,1.8,0.33,3/7
M30,vol_regime,EURNZD,48,1.3,48,-0.637,-0.79,-0.307,1333,56.3,-2.42,-1.94,2/7
M30,vol_regime,EURNZD,48,1.3,192,-0.408,-0.497,-0.227,1030,59.4,-2.44,-1.25,5/7
M30,vol_regime,EURNZD,48,1.6,48,-0.234,-0.231,-0.25,186,52.7,-3.14,-0.71,3/7
M30,vol_regime,EURNZD,48,1.6,192,-0.128,-0.079,-0.21,163,55.2,-3.06,-0.39,4/7
M30,vol_regime,EURNZD,96,1.3,48,0.124,0.188,-0.011,622,56.8,0.69,0.4,4/7
M30,vol_regime,EURNZD,96,1.3,192,-0.191,-0.052,-0.46,548,58.6,-1.81,-0.6,2/7
M30,vol_regime,EURNZD,96,1.6,48,-0.158,-0.16,-0.2,68,52.9,-3.73,-0.48,2/7
M30,vol_regime,EURNZD,96,1.6,192,-0.36,0.026,-0.892,65,50.8,-14.88,-1.09,2/7
M30,vol_regime,EURNZD,192,1.3,48,0.163,0.24,-0.015,308,61.7,1.59,0.52,5/7
M30,vol_regime,EURNZD,192,1.3,192,-0.266,-0.269,-0.262,291,61.9,-3.74,-0.84,4/7
M30,vol_regime,GBPAUD,48,1.3,48,-0.206,0.205,-1.059,1389,57.5,-0.77,-0.66,3/7
M30,vol_regime,GBPAUD,48,1.3,192,-0.41,-0.155,-0.905,1087,59.8,-2.36,-1.29,3/7
M30,vol_regime,GBPAUD,48,1.6,48,0.578,0.712,0.324,202,55.9,5.91,1.79,5/7
M30,vol_regime,GBPAUD,48,1.6,192,0.384,0.982,-0.411,184,59.2,6.71,1.17,4/7
M30,vol_regime,GBPAUD,96,1.3,48,0.225,0.338,-0.004,587,57.9,1.34,0.72,4/7
M30,vol_regime,GBPAUD,96,1.3,192,-0.036,0.148,-0.365,496,58.9,-0.37,-0.11,3/7
M30,vol_regime,GBPAUD,96,1.6,48,0.642,0.879,-0.015,51,70.6,34.86,2.69,4/7
M30,vol_regime,GBPAUD,192,1.3,48,0.72,0.685,0.824,267,62.9,8.26,2.55,6/7
M30,vol_regime,GBPAUD,192,1.3,192,0.221,0.539,-0.463,252,62.3,3.98,0.77,4/7
M30,vol_regime,GBPNZD,48,1.3,48,-0.117,0.157,-0.725,1326,56.4,-0.42,-0.36,3/7
M30,vol_regime,GBPNZD,48,1.3,192,0.05,0.076,0.001,1053,58.8,0.26,0.15,3/7
M30,vol_regime,GBPNZD,48,1.6,48,0.126,0.281,-0.174,181,53.0,1.49,0.39,3/7
M30,vol_regime,GBPNZD,48,1.6,192,-0.081,0.004,-0.26,156,55.8,-1.75,-0.25,2/7
M30,vol_regime,GBPNZD,96,1.3,48,0.369,0.699,-0.358,609,57.5,2.15,1.18,5/7
M30,vol_regime,GBPNZD,96,1.3,192,-0.022,0.218,-0.492,533,60.4,-0.2,-0.07,3/7
M30,vol_regime,GBPNZD,96,1.6,48,0.567,1.011,-0.521,61,55.7,19.92,1.73,4/7
M30,vol_regime,GBPNZD,96,1.6,192,0.477,0.948,-0.783,58,56.9,24.37,1.45,4/7
M30,vol_regime,GBPNZD,192,1.3,48,0.748,1.054,0.232,303,59.1,6.66,2.39,5/7
M30,vol_regime,GBPNZD,192,1.3,192,0.376,0.465,0.203,291,62.2,5.18,1.2,5/7
M30,vol_regime,AUDNZD,48,1.3,48,-0.278,-0.116,-0.587,1378,56.1,-0.65,-0.86,3/7
M30,vol_regime,AUDNZD,48,1.3,192,-0.259,-0.033,-0.705,1094,59.5,-0.93,-0.79,2/7
M30,vol_regime,AUDNZD,48,1.6,48,0.045,0.093,-0.012,228,52.2,0.31,0.14,3/7
M30,vol_regime,AUDNZD,48,1.6,192,-0.303,0.005,-0.838,197,53.3,-3.7,-0.93,2/7
M30,vol_regime,AUDNZD,96,1.3,48,0.04,0.222,-0.352,669,54.4,0.14,0.13,4/7
M30,vol_regime,AUDNZD,96,1.3,192,0.079,0.294,-0.354,580,59.5,0.46,0.25,6/7
M30,vol_regime,AUDNZD,96,1.6,48,-0.031,0.153,-0.236,84,44.0,-0.4,-0.1,4/7
M30,vol_regime,AUDNZD,96,1.6,192,-0.006,0.246,-0.386,81,54.3,-0.12,-0.02,4/7
M30,vol_regime,AUDNZD,192,1.3,48,-0.234,-0.403,0.007,307,56.4,-1.21,-0.72,3/7
M30,vol_regime,AUDNZD,192,1.3,192,-0.166,-0.046,-0.38,287,57.1,-1.34,-0.51,3/7
M30,vol_regime,EURCHF,48,1.3,48,0.148,-0.148,0.679,1732,58.1,0.32,0.46,4/7
M30,vol_regime,EURCHF,48,1.3,192,0.092,0.047,0.168,1450,60.1,0.25,0.28,4/7
M30,vol_regime,EURCHF,48,1.6,48,-0.057,-0.387,0.645,327,56.6,-0.34,-0.18,5/7
M30,vol_regime,EURCHF,48,1.6,192,-0.355,-0.562,-0.028,269,53.2,-4.22,-1.09,2/7
M30,vol_regime,EURCHF,96,1.3,48,0.044,-0.092,0.295,771,60.6,0.15,0.14,5/7
M30,vol_regime,EURCHF,96,1.3,192,0.107,0.273,-0.154,652,62.0,0.62,0.33,4/7
M30,vol_regime,EURCHF,96,1.6,48,-0.072,-0.583,0.688,117,60.7,-0.76,-0.22,3/7
M30,vol_regime,EURCHF,96,1.6,192,-0.136,0.169,-0.46,114,57.9,-2.62,-0.42,3/7
M30,vol_regime,EURCHF,192,1.3,48,0.08,-0.089,0.332,383,58.5,0.41,0.26,3/7
M30,vol_regime,EURCHF,192,1.3,192,-0.248,-0.039,-0.592,357,59.4,-2.01,-0.76,3/7
M30,vol_regime,GBPCHF,48,1.3,48,0.365,0.211,0.686,1716,58.6,1.09,1.13,4/7
M30,vol_regime,GBPCHF,48,1.3,192,0.391,0.411,0.359,1382,60.9,1.65,1.18,5/7
M30,vol_regime,GBPCHF,48,1.6,48,0.169,0.169,0.178,329,57.4,1.42,0.52,4/7
M30,vol_regime,GBPCHF,48,1.6,192,0.015,0.209,-0.433,278,56.8,0.24,0.05,4/7
M30,vol_regime,GBPCHF,96,1.3,48,0.239,0.382,-0.049,728,59.1,1.29,0.76,5/7
M30,vol_regime,GBPCHF,96,1.3,192,-0.102,0.159,-0.687,601,60.6,-1.08,-0.34,1/7
M30,vol_regime,GBPCHF,96,1.6,48,0.951,0.86,1.122,79,67.1,20.11,2.92,6/7
M30,vol_regime,GBPCHF,96,1.6,192,0.129,0.267,-0.497,79,55.7,6.09,0.45,4/7
M30,vol_regime,GBPCHF,192,1.3,48,0.205,0.358,-0.088,290,55.9,2.11,0.64,4/7
M30,vol_regime,GBPCHF,192,1.3,192,-0.303,-0.101,-0.729,270,57.0,-5.48,-0.91,3/7
M30,vol_regime,AUDCHF,48,1.3,48,-0.394,-0.454,-0.288,1395,56.8,-1.7,-1.2,3/7
M30,vol_regime,AUDCHF,48,1.3,192,-0.603,-0.51,-0.773,1100,59.3,-4.07,-1.82,2/7
M30,vol_regime,AUDCHF,48,1.6,48,0.38,0.318,0.481,225,53.3,5.8,1.2,4/7
M30,vol_regime,AUDCHF,48,1.6,192,0.16,0.429,-0.305,188,56.4,4.29,0.5,4/7
M30,vol_regime,AUDCHF,96,1.3,48,0.078,-0.139,0.462,638,58.6,0.49,0.24,4/7
M30,vol_regime,AUDCHF,96,1.3,192,-0.124,-0.35,0.267,547,60.3,-1.48,-0.38,4/7
M30,vol_regime,AUDCHF,96,1.6,48,0.213,0.133,0.369,65,61.5,6.82,0.64,5/7
M30,vol_regime,AUDCHF,96,1.6,192,-0.688,-0.284,-1.112,62,45.2,-45.81,-2.13,0/7
M30,vol_regime,AUDCHF,192,1.3,48,0.752,0.471,1.254,252,61.9,9.58,2.35,7/7
M30,vol_regime,AUDCHF,192,1.3,192,-0.344,-0.352,-0.33,238,57.1,-6.76,-0.98,3/7
M30,vol_regime,EURCAD,48,1.3,48,0.465,0.266,0.929,1708,58.3,1.25,1.44,5/7
M30,vol_regime,EURCAD,48,1.3,192,0.414,0.153,0.995,1398,61.4,1.51,1.27,5/7
M30,vol_regime,EURCAD,48,1.6,48,0.24,-0.101,0.875,387,57.1,1.63,0.74,6/7
M30,vol_regime,EURCAD,48,1.6,192,0.052,-0.171,0.533,323,58.8,0.66,0.16,5/7
M30,vol_regime,EURCAD,96,1.3,48,0.072,0.386,-0.624,792,59.5,0.32,0.22,4/7
M30,vol_regime,EURCAD,96,1.3,192,-0.234,0.007,-0.725,671,61.7,-1.56,-0.72,3/7
M30,vol_regime,EURCAD,96,1.6,48,-0.046,0.005,-0.156,90,63.3,-0.72,-0.14,4/7
M30,vol_regime,EURCAD,96,1.6,192,-0.255,-0.241,-0.275,88,60.2,-6.15,-0.78,2/7
M30,vol_regime,EURCAD,192,1.3,48,0.048,0.078,-0.013,361,61.5,0.34,0.15,4/7
M30,vol_regime,EURCAD,192,1.3,192,0.083,-0.145,0.465,341,63.6,0.93,0.26,5/7
M30,vol_regime,GBPCAD,48,1.3,48,-0.326,-0.623,0.301,1698,57.5,-0.91,-1.01,4/7
M30,vol_regime,GBPCAD,48,1.3,192,-0.045,-0.324,0.542,1378,60.4,-0.18,-0.13,5/7
M30,vol_regime,GBPCAD,48,1.6,48,0.016,-0.068,0.241,363,53.2,0.14,0.05,3/7
M30,vol_regime,GBPCAD,48,1.6,192,-0.207,-0.416,0.258,307,57.7,-3.06,-0.63,3/7
M30,vol_regime,GBPCAD,96,1.3,48,0.135,0.227,-0.063,782,57.7,0.6,0.42,3/7
M30,vol_regime,GBPCAD,96,1.3,192,0.267,0.357,0.075,674,60.7,2.07,0.83,3/7
M30,vol_regime,GBPCAD,96,1.6,48,-0.295,-0.391,-0.053,95,50.5,-6.67,-0.9,2/7
M30,vol_regime,GBPCAD,96,1.6,192,-0.263,-0.428,0.08,89,55.1,-8.11,-0.8,2/7
M30,vol_regime,GBPCAD,192,1.3,48,-0.114,0.095,-0.733,330,55.8,-0.95,-0.35,3/7
M30,vol_regime,GBPCAD,192,1.3,192,-0.345,-0.355,-0.34,305,56.7,-4.59,-1.07,2/7
M30,vol_regime,AUDCAD,48,1.3,48,-0.185,-0.421,0.301,1417,55.2,-0.61,-0.56,4/7
M30,vol_regime,AUDCAD,48,1.3,192,0.01,0.015,0.002,1141,58.5,0.05,0.03,2/7
M30,vol_regime,AUDCAD,48,1.6,48,0.622,0.965,-0.082,296,57.1,6.0,2.03,4/7
M30,vol_regime,AUDCAD,48,1.6,192,0.538,0.823,-0.025,261,64.0,10.37,1.82,5/7
M30,vol_regime,AUDCAD,96,1.3,48,0.006,-0.107,0.194,646,55.6,0.03,0.02,4/7
M30,vol_regime,AUDCAD,96,1.3,192,0.531,0.491,0.591,561,61.0,4.25,1.63,7/7
M30,vol_regime,AUDCAD,96,1.6,48,0.056,0.01,0.149,82,57.3,1.25,0.18,3/7
M30,vol_regime,AUDCAD,96,1.6,192,-0.154,0.023,-0.427,79,54.4,-6.36,-0.45,3/7
M30,vol_regime,AUDCAD,192,1.3,48,0.411,0.293,0.72,350,59.1,3.18,1.3,6/7
M30,vol_regime,AUDCAD,192,1.3,192,0.437,0.585,0.121,332,63.3,6.41,1.52,7/7
M30,vol_regime,NZDCAD,48,1.3,48,-0.079,0.23,-0.752,1399,57.4,-0.28,-0.25,3/7
M30,vol_regime,NZDCAD,48,1.3,192,0.222,0.489,-0.256,1121,61.1,1.16,0.68,3/7
M30,vol_regime,NZDCAD,48,1.6,48,-0.174,0.218,-0.885,269,52.8,-1.59,-0.54,3/7
M30,vol_regime,NZDCAD,48,1.6,192,-0.25,-0.066,-0.513,242,55.0,-3.98,-0.76,2/7
M30,vol_regime,NZDCAD,96,1.3,48,0.23,0.457,-0.249,665,58.3,1.27,0.73,4/7
M30,vol_regime,NZDCAD,96,1.3,192,0.555,0.378,0.868,587,62.7,4.76,1.71,6/7
M30,vol_regime,NZDCAD,96,1.6,48,-0.19,-0.02,-0.567,103,50.5,-3.03,-0.63,3/7
M30,vol_regime,NZDCAD,96,1.6,192,0.239,0.547,-0.178,103,57.3,6.74,0.75,3/7
M30,vol_regime,NZDCAD,192,1.3,48,0.402,0.583,0.052,340,60.6,3.44,1.28,5/7
M30,vol_regime,NZDCAD,192,1.3,192,0.62,0.716,0.434,327,61.2,9.11,2.16,5/7
M30,vol_regime,CHFJPY,48,1.3,48,-0.451,-0.538,-0.293,1398,56.7,-1.59,-1.39,2/7
M30,vol_regime,CHFJPY,48,1.3,192,-0.7,-0.743,-0.627,1106,58.3,-3.7,-2.1,2/7
M30,vol_regime,CHFJPY,48,1.6,48,-0.129,-0.483,0.558,217,55.8,-1.61,-0.4,4/7
M30,vol_regime,CHFJPY,48,1.6,192,-0.076,-0.063,-0.1,188,57.4,-1.58,-0.23,3/7
M30,vol_regime,CHFJPY,96,1.3,48,-0.421,-0.53,-0.208,658,56.2,-2.55,-1.32,4/7
M30,vol_regime,CHFJPY,96,1.3,192,-0.168,-0.288,0.074,573,59.9,-1.59,-0.51,4/7
M30,vol_regime,CHFJPY,96,1.6,48,-0.141,-0.188,-0.076,75,57.3,-3.36,-0.44,4/7
M30,vol_regime,CHFJPY,96,1.6,192,-0.066,-0.199,0.135,71,54.9,-2.08,-0.2,4/7
M30,vol_regime,CHFJPY,192,1.3,48,0.078,0.135,-0.017,273,58.2,0.79,0.24,4/7
M30,vol_regime,CHFJPY,192,1.3,192,0.176,-0.029,0.549,250,60.4,2.59,0.53,6/7
M30,vol_regime,CADCHF,48,1.3,48,-0.786,-1.279,0.113,1667,52.8,-2.32,-2.36,2/7
M30,vol_regime,CADCHF,48,1.3,192,-0.971,-1.156,-0.628,1334,53.1,-4.11,-2.92,1/7
M30,vol_regime,CADCHF,48,1.6,48,0.066,-0.507,0.812,305,49.2,0.63,0.2,3/7
M30,vol_regime,CADCHF,48,1.6,192,-0.249,-0.482,0.043,263,52.9,-4.06,-0.77,3/7
M30,vol_regime,CADCHF,96,1.3,48,-0.499,-0.511,-0.483,732,53.0,-2.61,-1.53,2/7
M30,vol_regime,CADCHF,96,1.3,192,-0.178,0.134,-0.708,603,54.9,-1.56,-0.55,2/7
M30,vol_regime,CADCHF,96,1.6,48,-0.752,-1.135,-0.196,74,39.2,-15.54,-2.38,1/7
M30,vol_regime,CADCHF,96,1.6,192,-0.567,-0.72,-0.408,70,42.9,-21.36,-1.76,3/7
M30,vol_regime,CADCHF,192,1.3,48,-0.513,-0.585,-0.422,321,49.8,-4.57,-1.59,1/7
M30,vol_regime,CADCHF,192,1.3,192,-0.45,-0.677,-0.086,295,54.9,-6.48,-1.38,3/7
M30,vol_regime,EURUSD,48,1.3,48,-0.368,-0.079,-0.955,2149,57.4,-0.9,-1.13,2/7
M30,vol_regime,EURUSD,48,1.3,192,-0.213,0.023,-0.709,1700,59.6,-0.73,-0.64,3/7
M30,vol_regime,EURUSD,48,1.6,48,-0.246,-0.319,-0.107,637,53.5,-1.3,-0.76,3/7
M30,vol_regime,EURUSD,48,1.6,192,-0.126,-0.147,-0.085,504,56.7,-1.29,-0.39,4/7
M30,vol_regime,EURUSD,96,1.3,48,-0.233,-0.414,0.117,1143,56.2,-0.84,-0.72,2/7
M30,vol_regime,EURUSD,96,1.3,192,-0.084,-0.104,-0.05,927,58.5,-0.49,-0.26,3/7
M30,vol_regime,EURUSD,96,1.6,48,-0.323,-0.478,-0.046,184,54.3,-3.62,-0.98,2/7
M30,vol_regime,EURUSD,96,1.6,192,-0.1,-0.255,0.182,179,57.0,-1.95,-0.3,4/7
M30,vol_regime,EURUSD,192,1.3,48,-0.151,-0.209,-0.042,461,57.3,-0.91,-0.47,2/7
M30,vol_regime,EURUSD,192,1.3,192,0.05,-0.039,0.209,440,60.2,0.56,0.15,4/7
M30,vol_regime,USDCHF,48,1.3,48,-0.748,-0.814,-0.636,2017,52.4,-2.08,-2.27,1/7
M30,vol_regime,USDCHF,48,1.3,192,-0.416,-0.552,-0.197,1637,54.1,-1.55,-1.25,3/7
M30,vol_regime,USDCHF,48,1.6,48,-0.417,-0.434,-0.391,548,54.6,-2.84,-1.28,2/7
M30,vol_regime,USDCHF,48,1.6,192,-0.014,0.028,-0.093,452,54.2,-0.16,-0.04,3/7
M30,vol_regime,USDCHF,96,1.3,48,-0.712,-0.889,-0.438,988,53.7,-3.12,-2.17,1/7
M30,vol_regime,USDCHF,96,1.3,192,-0.601,-0.409,-0.891,819,55.1,-4.28,-1.84,1/7
M30,vol_regime,USDCHF,96,1.6,48,-0.8,-1.17,-0.259,161,45.3,-10.66,-2.49,2/7
M30,vol_regime,USDCHF,96,1.6,192,-0.528,-0.826,-0.11,154,49.4,-11.43,-1.62,1/7
M30,vol_regime,USDCHF,192,1.3,48,-0.636,-0.968,-0.212,385,50.4,-4.72,-1.89,0/7
M30,vol_regime,USDCHF,192,1.3,192,-0.396,-0.494,-0.271,361,57.6,-4.92,-1.2,2/7
